playerID,player_name,primary_role,primary_position,debut_era,debut_year,final_year,eligibility_year,cluster_id,cluster_label,inducted,bat_HR,bat_H,bat_OPS,pit_W,pit_SV,pit_ERA,award_total,allstar_games,predicted_probability,predicted_label_050
collied01,Eddie Collins,Hitter,2B,Dead-ball,1906.0,1930.0,1935.0,0.0,Power Hitter,1,47.0,3315.0,0.8533696167155311,,,,29.0,,0.9997361345108882,1
foxxji01,Jimmie Foxx,Hitter,1B,Live-ball/pre-integration,1925.0,1945.0,1950.0,0.0,Power Hitter,1,534.0,2646.0,1.0375680986562892,1.0,0.0,1.5211267605633805,22.0,9.0,0.9996337254399844,1
gehrilo01,Lou Gehrig,Hitter,1B,Live-ball/pre-integration,1923.0,1939.0,1944.0,0.0,Power Hitter,1,493.0,2721.0,1.07977284187603,,,,25.0,7.0,0.9992990888539076,1
lajoina01,Nap Lajoie,Hitter,2B,19th century,1896.0,1916.0,1921.0,0.0,Power Hitter,1,82.0,3243.0,0.8464948636274765,,,,5.0,,0.9992876357673741,1
grovele01,Lefty Grove,Two-Way,P,Live-ball/pre-integration,1925.0,1941.0,1946.0,4.0,Workhorse Starting Pitcher,1,15.0,202.0,0.4168002874331153,300.0,55.0,3.0581119945863646,26.0,6.0,0.9992463912103637,1
gehrich01,Charlie Gehringer,Hitter,2B,Live-ball/pre-integration,1924.0,1942.0,1947.0,0.0,Power Hitter,1,184.0,2839.0,0.8840992387303109,,,,24.0,6.0,0.9992036087793779,1
wagneho01,Honus Wagner,Hitter,SS,19th century,1897.0,1917.0,1922.0,0.0,Power Hitter,1,101.0,3420.0,0.8576015895174844,0.0,0.0,0.0,12.0,,0.9991056984733322,1
ruthba01,Babe Ruth,Two-Way,OF,Dead-ball,1914.0,1935.0,1940.0,0.0,Power Hitter,1,714.0,2873.0,1.1637669179313628,94.0,4.0,2.277019650655022,33.0,2.0,0.9989448862984347,1
cobbty01,Ty Cobb,Hitter,OF,Dead-ball,1905.0,1928.0,1933.0,0.0,Power Hitter,1,117.0,4189.0,0.9447899928509964,0.0,1.0,3.6,31.0,,0.9988348195810437,1
hornsro01,Rogers Hornsby,Hitter,2B,Dead-ball,1915.0,1937.0,1942.0,0.0,Power Hitter,1,301.0,2930.0,1.010272629735676,,,,27.0,,0.9986855812454307,1
speaktr01,Tris Speaker,Hitter,OF,Dead-ball,1907.0,1928.0,1933.0,0.0,Power Hitter,1,117.0,3514.0,0.9282909037952074,0.0,0.0,9.0,27.0,,0.9982603535173117,1
ottme01,Mel Ott,Hitter,OF,Live-ball/pre-integration,1926.0,1947.0,1952.0,0.0,Power Hitter,1,511.0,2876.0,0.9470657641007464,,,,11.0,11.0,0.9979941644788781,1
cronijo01,Joe Cronin,Hitter,SS,Live-ball/pre-integration,1926.0,1945.0,1950.0,0.0,Power Hitter,1,170.0,2285.0,0.8574012711858218,,,,20.0,7.0,0.9973211715174907,1
seaveto01,Tom Seaver,Two-Way,P,Expansion,1967.0,1986.0,1991.0,4.0,Workhorse Starting Pitcher,1,12.0,202.0,0.4293129057028906,311.0,1.0,2.8622107610816836,22.0,12.0,0.9966449646395743,1
spahnwa01,Warren Spahn,Two-Way,P,Live-ball/pre-integration,1942.0,1965.0,1970.0,4.0,Workhorse Starting Pitcher,1,35.0,363.0,0.5203768404888183,363.0,29.0,3.0860085182124464,16.0,16.0,0.9965507894096753,1
mathech01,Christy Mathewson,Two-Way,P,Dead-ball,1900.0,1916.0,1921.0,4.0,Workhorse Starting Pitcher,1,7.0,362.0,0.5428731020017327,373.0,29.0,2.1331616316302378,15.0,,0.9964914418780474,1
maricju01,Juan Marichal,Two-Way,P,Integration,1960.0,1975.0,1980.0,4.0,Workhorse Starting Pitcher,1,4.0,202.0,0.3931449373089751,243.0,2.0,2.8893746436038774,5.0,10.0,0.9961510374539294,1
mayswi01,Willie Mays,Hitter,OF,Integration,1951.0,1973.0,1978.0,0.0,Power Hitter,1,660.0,3293.0,0.9401933736537078,,,,33.0,24.0,0.9956280452496481,1
alexape01,Pete Alexander,Two-Way,P,Dead-ball,1911.0,1930.0,1935.0,4.0,Workhorse Starting Pitcher,1,11.0,378.0,0.5165125808329116,373.0,32.0,2.559537572254335,21.0,,0.9955026390630549,1
musiast01,Stan Musial,Hitter,OF,Live-ball/pre-integration,1941.0,1963.0,1968.0,0.0,Power Hitter,1,475.0,3630.0,0.9757195170702936,0.0,0.0,,34.0,24.0,0.9954832367318643,1
aaronha01,Hank Aaron,Hitter,OF,Integration,1954.0,1976.0,1981.0,0.0,Power Hitter,1,755.0,3771.0,0.9284623805211782,,,,20.0,25.0,0.9953669538369129,1
johnswa01,Walter Johnson,Two-Way,P,Dead-ball,1907.0,1927.0,1932.0,4.0,Workhorse Starting Pitcher,1,24.0,547.0,0.6158872749448374,417.0,34.0,2.1668169522091976,33.0,,0.994775737963051,1
willite01,Ted Williams,Hitter,OF,Live-ball/pre-integration,1939.0,1960.0,1965.0,0.0,Power Hitter,1,521.0,2654.0,1.1155004137597269,0.0,0.0,4.5,39.0,19.0,0.9942900255328434,1
wanerpa01,Paul Waner,Hitter,OF,Live-ball/pre-integration,1926.0,1945.0,1950.0,0.0,Power Hitter,1,113.0,3152.0,0.8777372173857685,,,,14.0,4.0,0.9937594646348791,1
planked01,Eddie Plank,Two-Way,P,Dead-ball,1901.0,1917.0,1922.0,4.0,Workhorse Starting Pitcher,1,3.0,331.0,0.494848843594819,326.0,23.0,2.350263216430637,4.0,,0.9936717088219409,1
hubbeca01,Carl Hubbell,Two-Way,P,Live-ball/pre-integration,1928.0,1943.0,1948.0,4.0,Workhorse Starting Pitcher,1,4.0,246.0,0.4385083771060223,253.0,33.0,2.97799647200817,22.0,9.0,0.9936240488420638,1
dimagjo01,Joe DiMaggio,Hitter,OF,Live-ball/pre-integration,1936.0,1951.0,1956.0,0.0,Power Hitter,1,361.0,2214.0,0.9771290893725878,,,,36.0,13.0,0.99310691186988,1
mizejo01,Johnny Mize,Hitter,1B,Live-ball/pre-integration,1936.0,1953.0,1958.0,0.0,Power Hitter,1,359.0,2011.0,0.959094108496358,,,,13.0,10.0,0.9927288780546822,1
simmoal01,Al Simmons,Hitter,OF,Live-ball/pre-integration,1924.0,1944.0,1949.0,0.0,Power Hitter,1,307.0,2927.0,0.9147167774299744,,,,23.0,3.0,0.9926458018354981,1
palmeji01,Jim Palmer,Pitcher,P,Expansion,1965.0,1984.0,1989.0,4.0,Workhorse Starting Pitcher,1,3.0,85.0,0.4143286694633721,268.0,4.0,2.856382978723404,22.0,6.0,0.9924334914894044,1
brownmo01,Mordecai Brown,Two-Way,P,Dead-ball,1903.0,1916.0,1921.0,4.0,Workhorse Starting Pitcher,1,2.0,235.0,0.4832842864338927,239.0,49.0,2.0568456446359145,4.0,,0.9921494364708168,1
robinfr02,Frank Robinson,Hitter,OF,Integration,1956.0,1976.0,1981.0,0.0,Power Hitter,1,586.0,2943.0,0.9259425071547552,,,,16.0,14.0,0.9916866279046155,1
gibsobo01,Bob Gibson,Two-Way,P,Integration,1959.0,1975.0,1980.0,4.0,Workhorse Starting Pitcher,1,24.0,274.0,0.5446769434831776,251.0,6.0,2.9147858920449674,19.0,8.0,0.9911999361050494,1
carewro01,Rod Carew,Hitter,1B,Expansion,1967.0,1985.0,1990.0,0.0,Power Hitter,1,92.0,3053.0,0.8222149911419265,,,,26.0,18.0,0.9910240737586813,1
mantlmi01,Mickey Mantle,Hitter,OF,Integration,1951.0,1968.0,1973.0,0.0,Power Hitter,1,536.0,2415.0,0.9772915164896684,,,,15.0,19.0,0.9908278123246448,1
fellebo01,Bob Feller,Two-Way,P,Live-ball/pre-integration,1936.0,1956.0,1961.0,4.0,Workhorse Starting Pitcher,1,8.0,193.0,0.4251068670905681,266.0,21.0,3.254768748366867,18.0,8.0,0.9906919329402847,1
foxne01,Nellie Fox,Hitter,2B,Integration,1947.0,1965.0,1970.0,0.0,Power Hitter,1,35.0,2663.0,0.7100435740803372,,,,9.0,15.0,0.9899095929693877,1
carltst01,Steve Carlton,Two-Way,P,Expansion,1965.0,1988.0,1993.0,4.0,Workhorse Starting Pitcher,1,13.0,346.0,0.4821116112779965,329.0,2.0,3.215435727063634,21.0,10.0,0.9892875755792692,1
roberro01,Robin Roberts,Two-Way,P,Integration,1948.0,1966.0,1971.0,4.0,Workhorse Starting Pitcher,1,5.0,255.0,0.4639833911118945,286.0,25.0,3.405232475472771,8.0,7.0,0.9889614097850306,1
maddugr01,Greg Maddux,Two-Way,P,Free-agency,1986.0,2008.0,2013.0,4.0,Workhorse Starting Pitcher,1,5.0,272.0,0.3954663024857963,355.0,0.0,3.1555407653910152,52.0,8.0,0.9889223353877634,1
perryga01,Gaylord Perry,Two-Way,P,Expansion,1962.0,1983.0,1988.0,4.0,Workhorse Starting Pitcher,1,6.0,141.0,0.3162336332161339,314.0,11.0,3.1052270886549125,9.0,5.0,0.9875899587326742,1
dickebi01,Bill Dickey,Hitter,C,Live-ball/pre-integration,1928.0,1946.0,1951.0,0.0,Power Hitter,1,202.0,1969.0,0.8681119286540888,,,,20.0,11.0,0.9869774394097675,1
ryanno01,Nolan Ryan,Pitcher,P,Expansion,1966.0,1993.0,1998.0,4.0,Workhorse Starting Pitcher,1,2.0,94.0,0.2817848796816775,324.0,3.0,3.1932788711474194,19.0,8.0,0.9862311193627945,1
vaughar01,Arky Vaughan,Hitter,SS,Live-ball/pre-integration,1932.0,1948.0,1953.0,0.0,Power Hitter,1,96.0,2103.0,0.8592740394171521,,,,14.0,9.0,0.9859792686636073,1
johnsra05,Randy Johnson,Pitcher,P,Free-agency,1988.0,2009.0,2014.0,4.0,Workhorse Starting Pitcher,1,1.0,78.0,0.3050139103554868,303.0,2.0,3.292842173142028,35.0,10.0,0.9853324790785657,1
wynnea01,Early Wynn,Two-Way,P,Live-ball/pre-integration,1939.0,1963.0,1968.0,4.0,Workhorse Starting Pitcher,1,17.0,365.0,0.5590706584183653,300.0,15.0,3.541630148992112,4.0,9.0,0.9846521438875967,1
aparilu01,Luis Aparicio,Hitter,SS,Integration,1956.0,1973.0,1978.0,0.0,Power Hitter,1,83.0,2677.0,0.6532998421789844,,,,16.0,13.0,0.9827995527184128,1
friscfr01,Frankie Frisch,Hitter,2B,Dead-ball,1919.0,1937.0,1942.0,0.0,Power Hitter,1,105.0,2880.0,0.8007232611487131,,,,15.0,3.0,0.9826966333043886,1
robinbr01,Brooks Robinson,Hitter,3B,Integration,1955.0,1977.0,1982.0,0.0,Power Hitter,1,268.0,2848.0,0.7227642944993842,,,,33.0,18.0,0.9825648917951796,1
crawfsa01,Sam Crawford,Hitter,OF,19th century,1899.0,1917.0,1922.0,0.0,Power Hitter,1,97.0,2961.0,0.8138809128667142,,,,5.0,,0.9823222539358863,1
sislege01,George Sisler,Hitter,1B,Dead-ball,1915.0,1930.0,1935.0,0.0,Power Hitter,1,102.0,2812.0,0.8474437884385244,5.0,3.0,2.3513513513513513,16.0,,0.9821259388996681,1
fordwh01,Whitey Ford,Two-Way,P,Integration,1950.0,1967.0,1972.0,4.0,Workhorse Starting Pitcher,1,3.0,177.0,0.4567339639729784,236.0,10.0,2.7451372095468405,11.0,10.0,0.9810749329550706,1
clarkfr01,Fred Clarke,Hitter,OF,19th century,1894.0,1915.0,1920.0,0.0,Power Hitter,1,67.0,2678.0,0.8143282012969972,,,,6.0,,0.9804082700012938,1
alomaro01,Roberto Alomar,Hitter,2B,Free-agency,1988.0,2004.0,2009.0,0.0,Power Hitter,1,210.0,2724.0,0.814097054459087,,,,24.0,12.0,0.979684098060962,1
robinja02,Jackie Robinson,Hitter,2B,Integration,1947.0,1956.0,1961.0,0.0,Power Hitter,1,141.0,1568.0,0.8870908905548154,,,,11.0,6.0,0.9788402121288756,1
clemero01,Roberto Clemente,Hitter,OF,Integration,1955.0,1972.0,1977.0,0.0,Power Hitter,1,240.0,3000.0,0.834419526259558,,,,21.0,15.0,0.9785738433961587,1
heilmha01,Harry Heilmann,Hitter,OF,Dead-ball,1914.0,1932.0,1937.0,0.0,Power Hitter,1,183.0,2660.0,0.9300187307398068,,,,2.0,,0.9780567994087349,1
applilu01,Luke Appling,Hitter,SS,Live-ball/pre-integration,1930.0,1950.0,1955.0,0.0,Power Hitter,1,45.0,2749.0,0.7978232904563287,,,,10.0,7.0,0.9775418073972305,1
schmimi01,Mike Schmidt,Hitter,3B,Expansion,1972.0,1989.0,1994.0,0.0,Power Hitter,1,548.0,2234.0,0.9075496966826162,,,,44.0,12.0,0.9771783530999251,1
slaugen01,Enos Slaughter,Hitter,OF,Live-ball/pre-integration,1938.0,1959.0,1964.0,0.0,Power Hitter,1,169.0,2383.0,0.8344659740340853,,,,12.0,10.0,0.9769941953047541,1
morgajo02,Joe Morgan,Hitter,2B,Expansion,1963.0,1984.0,1989.0,0.0,Power Hitter,1,268.0,2517.0,0.8191685153306913,,,,25.0,10.0,0.9759178190618529,1
youngcy01,Cy Young,Two-Way,P,19th century,1890.0,1911.0,1916.0,4.0,Workhorse Starting Pitcher,1,18.0,623.0,0.5157783890084775,511.0,18.0,2.6268352365415986,3.0,,0.9756595149179536,1
brettge01,George Brett,Hitter,3B,Expansion,1973.0,1993.0,1998.0,0.0,Power Hitter,1,317.0,3154.0,0.8566778942414477,,,,33.0,13.0,0.9746709852204593,1
wellswi99,Willie Wells,Hitter,SS,Live-ball/pre-integration,1924.0,1949.0,1954.0,3.0,Power Hitter 2,1,145.0,1319.0,0.9431821474519498,0.0,0.0,0.0,,0.0,0.9739829339464255,1
yastrca01,Carl Yastrzemski,Hitter,OF,Expansion,1961.0,1983.0,1988.0,0.0,Power Hitter,1,452.0,3419.0,0.8414988055256096,,,,19.0,18.0,0.9718576073161602,1
gosligo01,Goose Goslin,Hitter,OF,Live-ball/pre-integration,1921.0,1938.0,1943.0,0.0,Power Hitter,1,248.0,2735.0,0.8867134610012131,,,,4.0,1.0,0.9714657093858311,1
riverma01,Mariano Rivera,Pitcher,P,Steroid,1995.0,2013.0,2018.0,1.0,Dominant Reliever / Closer,1,0.0,0.0,0.25,82.0,652.0,2.208517268242015,29.0,13.0,0.9711015647275844,1
martipe02,Pedro Martinez,Pitcher,P,Free-agency,1992.0,2009.0,2014.0,4.0,Workhorse Starting Pitcher,1,0.0,43.0,0.2561857497341368,219.0,3.0,2.925371374675784,12.0,8.0,0.9708232490471836,1
cochrmi01,Mickey Cochrane,Hitter,C,Live-ball/pre-integration,1925.0,1937.0,1942.0,0.0,Power Hitter,1,119.0,1652.0,0.8970064343760579,,,,28.0,2.0,0.9704704239590106,1
glavito02,Tom Glavine,Two-Way,P,Free-agency,1987.0,2008.0,2013.0,4.0,Workhorse Starting Pitcher,1,1.0,246.0,0.4543552278231874,305.0,0.0,3.536102719033233,21.0,10.0,0.969607374544624,1
medwijo01,Joe Medwick,Hitter,OF,Live-ball/pre-integration,1932.0,1948.0,1953.0,0.0,Power Hitter,1,205.0,2471.0,0.866830345943916,,,,22.0,10.0,0.9695285943217697,1
kalinal01,Al Kaline,Hitter,OF,Integration,1953.0,1974.0,1979.0,0.0,Power Hitter,1,399.0,3007.0,0.8552421755284133,,,,21.0,18.0,0.968430153935789,1
radboch01,Old Hoss Radbourn,Two-Way,P,19th century,1880.0,1891.0,1896.0,4.0,Workhorse Starting Pitcher,1,9.0,585.0,0.5640053220226716,310.0,2.0,2.677735237814755,1.0,,0.9668679354837412,1
gwynnto01,Tony Gwynn,Hitter,OF,Free-agency,1982.0,2001.0,2006.0,0.0,Power Hitter,1,135.0,3141.0,0.846788578559406,,,,36.0,15.0,0.9665948625251131,1
matheed01,Eddie Mathews,Hitter,3B,Integration,1952.0,1968.0,1973.0,0.0,Power Hitter,1,512.0,2315.0,0.8854851803443949,,,,4.0,12.0,0.9659817672256295,1
traynpi01,Pie Traynor,Hitter,3B,Live-ball/pre-integration,1920.0,1937.0,1942.0,0.0,Power Hitter,1,58.0,2416.0,0.7971794298643773,,,,26.0,2.0,0.9627499483697882,1
connoro01,Roger Connor,Hitter,1B,19th century,1880.0,1897.0,1902.0,0.0,Power Hitter,1,138.0,2467.0,0.8827502631480191,,,,,,0.9626392544783592,1
ansonca01,Cap Anson,Hitter,1B,19th century,1871.0,1897.0,1902.0,0.0,Power Hitter,1,97.0,3435.0,0.8406475652987899,0.0,1.0,4.5,,,0.9616794169296985,1
guerrvl01,Vladimir Guerrero,Hitter,OF,Steroid,1996.0,2011.0,2016.0,0.0,Power Hitter,1,449.0,2590.0,0.9311734390038896,,,,34.0,9.0,0.9616605092766679,1
boggswa01,Wade Boggs,Hitter,3B,Free-agency,1982.0,1999.0,2004.0,0.0,Power Hitter,1,118.0,3010.0,0.8576954565267845,0.0,0.0,3.8571428571428577,27.0,12.0,0.9606238599856786,1
piazzmi01,Mike Piazza,Hitter,C,Free-agency,1992.0,2007.0,2012.0,0.0,Power Hitter,1,427.0,2127.0,0.9217187371411056,,,,39.0,12.0,0.9596972427644013,1
wheatza01,Zack Wheat,Hitter,OF,Dead-ball,1909.0,1927.0,1932.0,0.0,Power Hitter,1,132.0,2884.0,0.8174853682681318,,,,11.0,,0.9588572293471126,1
hartnga01,Gabby Hartnett,Hitter,C,Live-ball/pre-integration,1922.0,1941.0,1946.0,0.0,Power Hitter,1,236.0,1912.0,0.8584015071088075,,,,16.0,6.0,0.9544315643642601,1
cuyleki01,Kiki Cuyler,Hitter,OF,Live-ball/pre-integration,1921.0,1938.0,1943.0,0.0,Power Hitter,1,128.0,2299.0,0.8598033098933002,,,,9.0,1.0,0.954015003673025,1
ripkeca01,Cal Ripken,Hitter,SS,Free-agency,1981.0,2001.0,2006.0,0.0,Power Hitter,1,431.0,3184.0,0.7875764975906585,,,,41.0,19.0,0.9524437284842584,1
koufasa01,Sandy Koufax,Pitcher,P,Integration,1955.0,1966.0,1971.0,4.0,Workhorse Starting Pitcher,1,2.0,75.0,0.2605723340556927,165.0,9.0,2.7607916248386632,22.0,7.0,0.9520858950800859,1
winfida01,Dave Winfield,Hitter,OF,Expansion,1973.0,1995.0,2000.0,0.0,Power Hitter,1,465.0,3110.0,0.8271287210259692,,,,33.0,12.0,0.9516456366133399,1
keefeti01,Tim Keefe,Two-Way,P,19th century,1880.0,1893.0,1898.0,4.0,Workhorse Starting Pitcher,1,12.0,390.0,0.5213504717784023,342.0,2.0,2.6271040992804804,1.0,,0.9512494639355257,1
walshed01,Ed Walsh,Two-Way,P,Dead-ball,1904.0,1917.0,1922.0,4.0,Workhorse Starting Pitcher,1,3.0,210.0,0.4850951500231995,195.0,35.0,1.8155852918025412,8.0,,0.9509185175671028,1
broutda01,Dan Brouthers,Hitter,1B,19th century,1879.0,1904.0,1909.0,0.0,Power Hitter,1,107.0,2303.0,0.9434842184572944,0.0,0.0,7.826086956521739,,,0.9508690708446839,1
bankser01,Ernie Banks,Hitter,1B,Integration,1953.0,1971.0,1976.0,0.0,Power Hitter,1,512.0,2583.0,0.8295706528789881,,,,10.0,14.0,0.950369993367369,1
molitpa01,Paul Molitor,Hitter,DH,Free-agency,1978.0,1998.0,2003.0,0.0,Power Hitter,1,234.0,3319.0,0.8170451609971592,,,,24.0,7.0,0.9474795146168057,1
smoltjo01,John Smoltz,Two-Way,P,Free-agency,1988.0,2009.0,2014.0,4.0,Workhorse Starting Pitcher,1,5.0,151.0,0.4327452352596921,213.0,154.0,3.3273826662827526,21.0,8.0,0.9460491111890796,1
berrayo01,Yogi Berra,Hitter,C,Live-ball/pre-integration,1946.0,1965.0,1970.0,0.0,Power Hitter,1,358.0,2150.0,0.8300128996178434,,,,14.0,18.0,0.9458711893818991,1
ruffire01,Red Ruffing,Two-Way,P,Live-ball/pre-integration,1924.0,1947.0,1952.0,4.0,Workhorse Starting Pitcher,1,36.0,521.0,0.6946278356463907,273.0,16.0,3.7976519337016574,8.0,6.0,0.9457773025750268,1
delahed01,Ed Delahanty,Hitter,OF,19th century,1888.0,1903.0,1908.0,0.0,Power Hitter,1,101.0,2597.0,0.9165278470466568,,,,,,0.9438186059984173,1
bellco99,Cool Papa Bell,Two-Way,CF,Live-ball/pre-integration,1922.0,1948.0,1953.0,3.0,Power Hitter 2,1,60.0,1592.0,0.8474124779043459,20.0,0.0,4.636069114470843,,0.0,0.9435875444941298,1
jonesch06,Chipper Jones,Hitter,3B,Steroid,1993.0,2012.0,2017.0,0.0,Power Hitter,1,468.0,2726.0,0.930367470525093,,,,14.0,8.0,0.9408568333493097,1
hoffmtr01,Trevor Hoffman,Pitcher,P,Steroid,1993.0,2010.0,2015.0,1.0,Dominant Reliever / Closer,1,0.0,4.0,0.2941176470588235,61.0,601.0,2.866891064871482,15.0,7.0,0.9407661319324421,1
maranra01,Rabbit Maranville,Hitter,SS,Dead-ball,1912.0,1935.0,1940.0,0.0,Power Hitter,1,28.0,2605.0,0.6575587199689084,,,,7.0,,0.9405820434329214,1
seweljo01,Joe Sewell,Hitter,SS,Live-ball/pre-integration,1920.0,1933.0,1938.0,3.0,Power Hitter 2,1,49.0,2226.0,0.8037893336635032,,,,8.0,,0.9385776114889964,1
nichoki01,Kid Nichols,Two-Way,P,19th century,1890.0,1906.0,1911.0,4.0,Workhorse Starting Pitcher,1,16.0,472.0,0.57687749358373,362.0,16.0,2.9554006051835287,,,0.9374955500512839,1
jenkife01,Fergie Jenkins,Two-Way,P,Expansion,1965.0,1983.0,1988.0,4.0,Workhorse Starting Pitcher,1,13.0,148.0,0.4524440072639225,284.0,7.0,3.337505554732632,8.0,3.0,0.9370556602598678,1
ortizda01,David Ortiz,Hitter,DH,Steroid,1997.0,2016.0,2021.0,0.0,Power Hitter,1,541.0,2472.0,0.9310268815872071,,,,41.0,10.0,0.9368691067490357,1
mccovwi01,Willie McCovey,Hitter,1B,Integration,1959.0,1980.0,1985.0,0.0,Power Hitter,1,521.0,2211.0,0.8891452889444853,,,,14.0,6.0,0.9348483821153827,1
newhoha01,Hal Newhouser,Two-Way,P,Live-ball/pre-integration,1939.0,1955.0,1960.0,4.0,Workhorse Starting Pitcher,1,2.0,201.0,0.499777350880292,207.0,26.0,3.0551286334781156,19.0,6.0,0.9332558654631039,1
suzukic01,Ichiro Suzuki,Hitter,OF,Steroid,2001.0,2019.0,2024.0,0.0,Power Hitter,1,117.0,3089.0,0.7568832052685878,0.0,0.0,9.0,34.0,10.0,0.9329941244255735,1
killeha01,Harmon Killebrew,Hitter,1B,Integration,1954.0,1975.0,1980.0,0.0,Power Hitter,1,573.0,2086.0,0.884179206470785,,,,8.0,13.0,0.9322744430085415,1
gibsojo99,Josh Gibson,Hitter,C,Live-ball/pre-integration,1930.0,1946.0,1951.0,2.0,Speed / Contact Profile,1,197.0,1007.0,1.136383123276523,0.0,0.0,21.6,,0.0,0.9291172558107988,1
smithoz01,Ozzie Smith,Hitter,SS,Free-agency,1978.0,1996.0,2001.0,0.0,Power Hitter,1,28.0,2460.0,0.6656916451110134,,,,23.0,15.0,0.9284927323926799,1
pennohe01,Herb Pennock,Two-Way,P,Dead-ball,1912.0,1934.0,1939.0,4.0,Workhorse Starting Pitcher,1,4.0,232.0,0.4879930594270896,240.0,32.0,3.598320111992534,5.0,,0.9275787230272207,1
keelewi01,Willie Keeler,Hitter,OF,19th century,1892.0,1910.0,1915.0,0.0,Power Hitter,1,33.0,2932.0,0.8024390770311438,,,,,,0.9269661257834487,1
jeterde01,Derek Jeter,Hitter,SS,Steroid,1995.0,2014.0,2019.0,0.0,Power Hitter,1,260.0,3465.0,0.8167803535129048,,,,32.0,14.0,0.9266161983169136,1
terrybi01,Bill Terry,Hitter,1B,Live-ball/pre-integration,1923.0,1936.0,1941.0,0.0,Power Hitter,1,154.0,2193.0,0.8986561160851873,,,,12.0,3.0,0.9263927231968521,1
minosmi01,Minnie Miñoso,Hitter,OF,Integration,1949.0,1980.0,1985.0,0.0,Power Hitter,1,195.0,2113.0,0.8477925279740408,,,,6.0,9.0,0.9258425218401611,1
clarkjo01,John Clarkson,Two-Way,P,19th century,1882.0,1894.0,1899.0,4.0,Workhorse Starting Pitcher,1,24.0,432.0,0.5686423505572442,328.0,5.0,2.8113013446983617,1.0,,0.921648226386573,1
griffke02,Ken Griffey,Hitter,OF,Free-agency,1989.0,2010.0,2015.0,0.0,Power Hitter,1,630.0,2781.0,0.9073135965197516,,,,44.0,13.0,0.9208115856665902,1
wardjo01,John Ward,Two-Way,SS,19th century,1878.0,1894.0,1899.0,3.0,Power Hitter 2,1,26.0,2107.0,0.6550783001921776,164.0,3.0,2.099068700229451,,,0.9202135458120201,1
martied01,Edgar Martinez,Hitter,DH,Free-agency,1987.0,2004.0,2009.0,0.0,Power Hitter,1,309.0,2247.0,0.9332600937985474,,,,27.0,7.0,0.919788656946152,1
greenha01,Hank Greenberg,Hitter,1B,Live-ball/pre-integration,1930.0,1947.0,1952.0,0.0,Power Hitter,1,331.0,1628.0,1.0168584853654068,,,,12.0,4.0,0.9194405948936952,1
doerrbo01,Bobby Doerr,Hitter,2B,Live-ball/pre-integration,1937.0,1951.0,1956.0,0.0,Power Hitter,1,223.0,2042.0,0.8227012109289682,,,,8.0,9.0,0.9188876715767793,1
walkela01,Larry Walker,Hitter,OF,Free-agency,1989.0,2005.0,2010.0,0.0,Power Hitter,1,383.0,2160.0,0.9654480410949692,,,,21.0,5.0,0.918757312934749,1
hermabi01,Billy Herman,Hitter,2B,Live-ball/pre-integration,1931.0,1947.0,1952.0,0.0,Power Hitter,1,47.0,2345.0,0.7738449643824923,,,,9.0,10.0,0.9186098437604853,1
roganbu99,Bullet Rogan,Two-Way,P,Live-ball/pre-integration,1920.0,1938.0,1943.0,3.0,Power Hitter 2,1,50.0,693.0,0.9145354850307414,117.0,17.0,2.7441235728676965,,0.0,0.9170913442819222,1
ricesa01,Sam Rice,Hitter,OF,Dead-ball,1915.0,1934.0,1939.0,0.0,Power Hitter,1,34.0,2987.0,0.8005573623441392,1.0,0.0,2.5169491525423733,1.0,,0.9167070743557675,1
lyonste01,Ted Lyons,Two-Way,P,Live-ball/pre-integration,1923.0,1946.0,1951.0,4.0,Workhorse Starting Pitcher,1,5.0,364.0,0.5555860590831263,260.0,23.0,3.668348954578226,8.0,1.0,0.9162005179531799,1
jossad01,Addie Joss,Pitcher,P,Dead-ball,1902.0,1910.0,1915.0,4.0,Workhorse Starting Pitcher,1,1.0,118.0,0.3868889874569077,160.0,5.0,1.88740868070477,1.0,,0.9159775783964642,1
heltoto01,Todd Helton,Hitter,1B,Steroid,1997.0,2013.0,2018.0,0.0,Power Hitter,1,369.0,2519.0,0.9530543980381886,,,,25.0,5.0,0.911107608687487,1
fiskca01,Carlton Fisk,Hitter,C,Expansion,1969.0,1993.0,1998.0,0.0,Power Hitter,1,376.0,2356.0,0.7974094014667545,,,,17.0,11.0,0.9098155499680223,1
mcphebi01,Bid McPhee,Hitter,2B,19th century,1882.0,1899.0,1904.0,0.0,Power Hitter,1,53.0,2258.0,0.7280289416141597,,,,,,0.9093597515662672,1
eversjo01,Johnny Evers,Hitter,2B,Dead-ball,1902.0,1929.0,1934.0,0.0,Power Hitter,1,12.0,1659.0,0.6902564486127769,,,,7.0,,0.9082716372730972,1
griffcl01,Clark Griffith,Two-Way,P,19th century,1891.0,1914.0,1919.0,4.0,Workhorse Starting Pitcher,1,8.0,321.0,0.628238939126702,237.0,8.0,3.312198483804273,,,0.9035765377596324,1
manushe01,Heinie Manush,Hitter,OF,Live-ball/pre-integration,1923.0,1939.0,1944.0,0.0,Power Hitter,1,110.0,2524.0,0.8555053131789507,,,,5.0,1.0,0.9009875009559217,1
parkeda01,Dave Parker,Hitter,OF,Expansion,1973.0,1991.0,1996.0,0.0,Power Hitter,1,339.0,2712.0,0.8096184029733962,,,,27.0,7.0,0.9003333060028803,1
becklja01,Jake Beckley,Hitter,1B,19th century,1888.0,1907.0,1912.0,0.0,Power Hitter,1,87.0,2938.0,0.7966192881641754,0.0,0.0,6.75,,,0.8996673000738866,1
snidedu01,Duke Snider,Hitter,OF,Integration,1947.0,1964.0,1969.0,0.0,Power Hitter,1,407.0,2116.0,0.9194480862835644,,,,6.0,8.0,0.8982478986388901,1
riceji01,Jim Rice,Hitter,OF,Expansion,1974.0,1989.0,1994.0,0.0,Power Hitter,1,382.0,2452.0,0.8539336168601181,,,,20.0,8.0,0.897857674322354,1
murraed02,Eddie Murray,Hitter,1B,Free-agency,1977.0,1997.0,2002.0,0.0,Power Hitter,1,504.0,3255.0,0.8355164119654019,,,,22.0,8.0,0.8978154518798257,1
sandbry01,Ryne Sandberg,Hitter,2B,Free-agency,1981.0,1997.0,2002.0,0.0,Power Hitter,1,282.0,2386.0,0.7954945514440025,,,,34.0,10.0,0.897492651566515,1
kellge01,George Kell,Hitter,3B,Live-ball/pre-integration,1943.0,1957.0,1962.0,0.0,Power Hitter,1,78.0,2054.0,0.781151043257158,,,,13.0,10.0,0.8935247781759966,1
biggicr01,Craig Biggio,Hitter,2B,Free-agency,1988.0,2007.0,2012.0,0.0,Power Hitter,1,291.0,3060.0,0.7964034351492976,,,,22.0,7.0,0.8933447430422035,1
hamilbi01,Billy Hamilton,Hitter,OF,19th century,1888.0,1901.0,1906.0,0.0,Power Hitter,1,40.0,2164.0,0.8875083639852285,,,,,,0.892831313690608,1
larkiba01,Barry Larkin,Hitter,SS,Free-agency,1986.0,2004.0,2009.0,0.0,Power Hitter,1,198.0,2340.0,0.8149012325138931,,,,29.0,12.0,0.8926129398230405,1
dawsoan01,Andre Dawson,Hitter,OF,Free-agency,1976.0,1996.0,2001.0,0.0,Power Hitter,1,438.0,2774.0,0.8055333764306332,,,,33.0,8.0,0.8909505992749943,1
henderi01,Rickey Henderson,Hitter,OF,Free-agency,1979.0,2003.0,2008.0,0.0,Power Hitter,1,297.0,3055.0,0.8198215681480716,,,,16.0,10.0,0.8904580097937269,1
reesepe01,Pee Wee Reese,Hitter,SS,Live-ball/pre-integration,1940.0,1958.0,1963.0,0.0,Power Hitter,1,126.0,2170.0,0.7427419596201991,,,,5.0,10.0,0.8901240468007029,1
averiea01,Earl Averill,Hitter,OF,Live-ball/pre-integration,1929.0,1941.0,1946.0,0.0,Power Hitter,1,238.0,2019.0,0.9282989077434054,,,,11.0,6.0,0.8900041431302238,1
roushed01,Edd Roush,Hitter,OF,Dead-ball,1913.0,1931.0,1936.0,0.0,Power Hitter,1,68.0,2376.0,0.8146122160580529,,,,14.0,,0.8886905890646465,1
suttlmu99,Mule Suttles,Hitter,1B,Live-ball/pre-integration,1923.0,1948.0,1953.0,0.0,Power Hitter,1,188.0,1168.0,1.024892618514949,0.0,0.0,6.75,,0.0,0.8859435885220496,1
stargwi01,Willie Stargell,Hitter,OF,Expansion,1962.0,1982.0,1987.0,0.0,Power Hitter,1,475.0,2232.0,0.8886708241650385,,,,15.0,7.0,0.8854956958094069,1
niekrph01,Phil Niekro,Two-Way,P,Expansion,1964.0,1987.0,1992.0,4.0,Workhorse Starting Pitcher,1,7.0,260.0,0.3945940975993099,318.0,29.0,3.350644544501326,11.0,5.0,0.8854921508236544,1
gossari01,Rich Gossage,Pitcher,P,Expansion,1972.0,1994.0,1999.0,1.0,Dominant Reliever / Closer,1,0.0,9.0,0.2637144745538665,124.0,310.0,3.0093957258658808,5.0,9.0,0.8843338859584751,1
grimebu01,Burleigh Grimes,Two-Way,P,Dead-ball,1916.0,1934.0,1939.0,4.0,Workhorse Starting Pitcher,1,2.0,380.0,0.5883517591398546,270.0,18.0,3.5267942583732057,11.0,,0.8763118838513613,1
kellejo01,Joe Kelley,Hitter,OF,19th century,1891.0,1908.0,1913.0,0.0,Power Hitter,1,65.0,2220.0,0.8528599082307498,,,,,,0.8763019781623121,1
jacksre01,Reggie Jackson,Hitter,OF,Expansion,1967.0,1987.0,1992.0,0.0,Power Hitter,1,563.0,2584.0,0.8456730556883801,,,,22.0,14.0,0.8736597290916983,1
burkeje01,Jesse Burkett,Hitter,OF,19th century,1890.0,1905.0,1910.0,0.0,Power Hitter,1,75.0,2850.0,0.8610194697918225,3.0,0.0,5.560975609756097,,,0.8729080199296623,1
rodriiv01,Ivan Rodriguez,Hitter,C,Free-agency,1991.0,2011.0,2016.0,0.0,Power Hitter,1,311.0,2844.0,0.7975611920146041,,,,33.0,14.0,0.8719123986864434,1
benchjo01,Johnny Bench,Hitter,C,Expansion,1967.0,1983.0,1988.0,0.0,Power Hitter,1,389.0,2048.0,0.8174915981131703,,,,31.0,14.0,0.8709976458015046,1
hunteca01,Catfish Hunter,Pitcher,P,Expansion,1965.0,1979.0,1984.0,4.0,Workhorse Starting Pitcher,1,6.0,149.0,0.5212131781716713,224.0,1.0,3.256281407035176,5.0,8.0,0.8673691949385848,1
rixeyep01,Eppa Rixey,Two-Way,P,Dead-ball,1912.0,1933.0,1938.0,4.0,Workhorse Starting Pitcher,1,3.0,291.0,0.4449333821254512,266.0,14.0,3.147730643725897,4.0,,0.8584323044445751,1
cepedor01,Orlando Cepeda,Hitter,1B,Integration,1958.0,1974.0,1979.0,0.0,Power Hitter,1,379.0,2351.0,0.8493345175950198,,,,9.0,11.0,0.8573134193030979,1
charlos99,Oscar Charleston,Hitter,CF,Dead-ball,1915.0,1941.0,1946.0,0.0,Power Hitter,1,183.0,1718.0,1.005084681846983,3.0,0.0,4.471337579617835,,0.0,0.8567427597503409,1
galvipu01,Pud Galvin,Two-Way,P,19th century,1875.0,1892.0,1897.0,4.0,Workhorse Starting Pitcher,1,5.0,552.0,0.4728917235229378,365.0,2.0,2.8529150471960025,,,0.8550732467518631,1
mussimi01,Mike Mussina,Pitcher,P,Free-agency,1991.0,2008.0,2013.0,4.0,Workhorse Starting Pitcher,1,0.0,9.0,0.3809869375907112,270.0,0.0,3.6831961077844313,11.0,5.0,0.8513392193307411,1
fingero01,Rollie Fingers,Pitcher,P,Expansion,1968.0,1985.0,1990.0,1.0,Dominant Reliever / Closer,1,2.0,31.0,0.4080145719489981,114.0,341.0,2.9041927899686524,13.0,7.0,0.850817638662569,1
duffyhu01,Hugh Duffy,Hitter,OF,19th century,1888.0,1906.0,1911.0,0.0,Power Hitter,1,106.0,2293.0,0.8365339540811327,,,,1.0,,0.8486860522819799,1
hallaro01,Roy Halladay,Pitcher,P,Steroid,1998.0,2013.0,2018.0,4.0,Workhorse Starting Pitcher,1,0.0,34.0,0.267109807754969,203.0,1.0,3.3848205625606207,18.0,8.0,0.846608445491584,1
welchmi01,Mickey Welch,Two-Way,P,19th century,1880.0,1892.0,1897.0,4.0,Workhorse Starting Pitcher,1,12.0,492.0,0.5490892750173607,307.0,4.0,2.7119950020824657,,,0.8422579147462894,1
mackebi99,Biz Mackey,Hitter,C,Live-ball/pre-integration,1920.0,1947.0,1952.0,3.0,Power Hitter 2,1,64.0,1165.0,0.8710490851604209,0.0,0.0,7.476923076923076,,0.0,0.8417437133422989,1
puckeki01,Kirby Puckett,Hitter,OF,Free-agency,1984.0,1995.0,2000.0,0.0,Power Hitter,1,207.0,2304.0,0.8365576429560699,,,,29.0,10.0,0.8372494412792187,1
raineti01,Tim Raines,Hitter,OF,Free-agency,1979.0,2002.0,2007.0,0.0,Power Hitter,1,170.0,2605.0,0.8104133027170228,,,,10.0,7.0,0.8326915530153158,1
thomafr04,Frank Thomas,Hitter,DH,Free-agency,1990.0,2008.0,2013.0,0.0,Power Hitter,1,521.0,2468.0,0.974044394931586,,,,37.0,5.0,0.8326007772922404,1
cartega01,Gary Carter,Hitter,C,Expansion,1974.0,1992.0,1997.0,0.0,Power Hitter,1,324.0,2092.0,0.7734582765708422,,,,24.0,11.0,0.8322059565385578,1
taylobe99,Ben Taylor,Two-Way,1B,Dead-ball,1912.0,1936.0,1941.0,3.0,Power Hitter 2,1,33.0,1112.0,0.8450975149377251,16.0,2.0,3.289156626506024,,,0.8312375260852587,1
willibi01,Billy Williams,Hitter,OF,Integration,1959.0,1976.0,1981.0,0.0,Power Hitter,1,426.0,2711.0,0.8533025396872236,,,,10.0,6.0,0.8311013778554216,1
paigesa01,Satchel Paige,Pitcher,P,Integration,1948.0,1965.0,1970.0,4.0,Workhorse Starting Pitcher,1,2.0,156.0,0.4687987493219316,143.0,47.0,2.7742866847826084,0.0,2.0,0.8286490884917221,1
smithle02,Lee Smith,Pitcher,P,Free-agency,1980.0,1997.0,2002.0,1.0,Dominant Reliever / Closer,1,1.0,3.0,0.1833022388059701,71.0,478.0,3.0294725956566704,11.0,7.0,0.8260382634161126,1
wadderu01,Rube Waddell,Two-Way,P,19th century,1897.0,1910.0,1915.0,4.0,Workhorse Starting Pitcher,1,4.0,172.0,0.4160606438269879,193.0,5.0,2.1608509680324177,2.0,,0.8258526129261803,1
sabatcc01,CC Sabathia,Pitcher,P,Steroid,2001.0,2019.0,2024.0,4.0,Workhorse Starting Pitcher,1,3.0,25.0,0.5252973190888933,251.0,0.0,3.736023108460678,14.0,6.0,0.8257860774106729,1
suttodo01,Don Sutton,Two-Way,P,Expansion,1966.0,1988.0,1993.0,4.0,Workhorse Starting Pitcher,1,0.0,195.0,0.3399884364382984,324.0,5.0,3.2610588754969396,11.0,4.0,0.8218167935301481,1
grantfr99,Frank Grant,Hitter,2B,Dead-ball,1903.0,1907.0,1912.0,3.0,Power Hitter 2,1,1.0,38.0,0.8726659925851028,,,,,,0.8214266358299933,1
kleinch01,Chuck Klein,Hitter,OF,Live-ball/pre-integration,1928.0,1944.0,1949.0,0.0,Power Hitter,1,300.0,2076.0,0.9218014706505158,,,,11.0,2.0,0.8210660459636341,1
leonabu99,Buck Leonard,Hitter,1B,Live-ball/pre-integration,1934.0,1948.0,1953.0,3.0,Power Hitter 2,1,100.0,790.0,1.0342298544382076,,,,,0.0,0.8150504216723433,1
wanerll01,Lloyd Waner,Hitter,OF,Live-ball/pre-integration,1927.0,1945.0,1950.0,3.0,Power Hitter 2,1,27.0,2459.0,0.7468273827946562,,,,4.0,1.0,0.814908564357636,1
orourji01,Jim O'Rourke,Hitter,OF,19th century,1872.0,1904.0,1909.0,0.0,Power Hitter,1,62.0,2639.0,0.7745088954853552,0.0,2.0,4.118644067796611,,,0.814617162498247,1
bagweje01,Jeff Bagwell,Hitter,1B,Free-agency,1991.0,2005.0,2010.0,0.0,Power Hitter,1,449.0,2314.0,0.9479516397443856,,,,24.0,4.0,0.8097591990305277,1
gomezle01,Lefty Gomez,Two-Way,P,Live-ball/pre-integration,1930.0,1943.0,1948.0,4.0,Workhorse Starting Pitcher,1,0.0,133.0,0.3528066797496945,189.0,9.0,3.34398721534159,11.0,7.0,0.8000768090272812,1
thomeji01,Jim Thome,Hitter,1B,Free-agency,1991.0,2012.0,2017.0,0.0,Power Hitter,1,612.0,2328.0,0.9560058172664264,,,,20.0,5.0,0.7993896426159138,1
fostebi99,Willie Foster,Pitcher,P,Live-ball/pre-integration,1923.0,1938.0,1943.0,4.0,Workhorse Starting Pitcher,1,4.0,129.0,0.4988501256839368,125.0,14.0,2.6594594594594594,,0.0,0.7982477492591455,1
deandi01,Dizzy Dean,Pitcher,P,Live-ball/pre-integration,1930.0,1947.0,1952.0,4.0,Workhorse Starting Pitcher,1,8.0,161.0,0.53646843507738,150.0,30.0,3.02389020670959,14.0,4.0,0.7961134191721952,1
thompsa01,Sam Thompson,Hitter,OF,19th century,1885.0,1906.0,1911.0,0.0,Power Hitter,1,126.0,1988.0,0.8896434181678965,,,,,,0.7930721446870592,1
youngro01,Ross Youngs,Hitter,OF,Dead-ball,1917.0,1926.0,1931.0,3.0,Power Hitter 2,1,42.0,1491.0,0.8392166888882644,,,,5.0,,0.7926767509875466,1
lemonbo01,Bob Lemon,Two-Way,P,Live-ball/pre-integration,1941.0,1958.0,1963.0,4.0,Workhorse Starting Pitcher,1,37.0,274.0,0.6743622077796101,207.0,22.0,3.2336842105263157,9.0,7.0,0.7844391368110418,1
mcgrifr01,Fred McGriff,Hitter,1B,Free-agency,1986.0,2004.0,2009.0,0.0,Power Hitter,1,493.0,2490.0,0.8859954786578018,,,,16.0,5.0,0.7830072892497179,1
hillpe99,Pete Hill,Hitter,CF,Dead-ball,1904.0,1925.0,1930.0,3.0,Power Hitter 2,1,48.0,788.0,0.8966054096279661,1.0,0.0,2.7692307692307687,,,0.7793331166571623,1
wilsoju99,Jud Wilson,Hitter,3B,Live-ball/pre-integration,1922.0,1945.0,1950.0,3.0,Power Hitter 2,1,100.0,1351.0,0.9739368415577776,,,,,0.0,0.7734173994196416,1
steartu99,Turkey Stearnes,Hitter,CF,Live-ball/pre-integration,1923.0,1940.0,1945.0,0.0,Power Hitter,1,195.0,1372.0,1.033222843926722,0.0,0.0,15.428571428571429,,0.0,0.7664376120314367,1
simmote01,Ted Simmons,Hitter,C,Expansion,1968.0,1988.0,1993.0,0.0,Power Hitter,1,248.0,2472.0,0.7849245066590196,,,,9.0,8.0,0.7656475216648436,1
camparo01,Roy Campanella,Hitter,C,Integration,1948.0,1957.0,1962.0,0.0,Power Hitter,1,260.0,1427.0,0.8589192271231324,1.0,0.0,5.282608695652174,10.0,8.0,0.7629874667305917,1
perezto01,Tony Perez,Hitter,1B,Expansion,1964.0,1986.0,1991.0,0.0,Power Hitter,1,379.0,2732.0,0.8044404429269707,,,,7.0,7.0,0.7548621281338377,1
kellyki01,King Kelly,Hitter,OF,19th century,1878.0,1893.0,1898.0,3.0,Power Hitter 2,1,69.0,1813.0,0.8057566241889514,2.0,0.0,4.138686131386861,,,0.7532674665120882,1
drysddo01,Don Drysdale,Two-Way,P,Integration,1956.0,1969.0,1974.0,4.0,Workhorse Starting Pitcher,1,29.0,218.0,0.5233498440906206,209.0,6.0,2.9475524475524475,4.0,9.0,0.7527292079520754,1
brocklo01,Lou Brock,Hitter,OF,Expansion,1961.0,1979.0,1984.0,0.0,Power Hitter,1,149.0,3023.0,0.7527811724054214,,,,14.0,6.0,0.7450147389388458,1
morrija02,Jack Morris,Pitcher,P,Free-agency,1977.0,1994.0,1999.0,4.0,Workhorse Starting Pitcher,1,0.0,0.0,0.0,254.0,0.0,3.8998430962343096,12.0,5.0,0.7446106005502572,1
brownwi02,Willard Brown,Hitter,CF,Integration,1947.0,1949.0,1954.0,3.0,Power Hitter 2,1,63.0,643.0,0.9847084708470848,,,,,0.0,0.7408617400467428,1
eckerde01,Dennis Eckersley,Pitcher,P,Expansion,1975.0,1998.0,2003.0,1.0,Dominant Reliever / Closer,1,3.0,24.0,0.371669896734257,197.0,390.0,3.5006594298468094,14.0,6.0,0.7378937804156248,1
careyma01,Max Carey,Hitter,OF,Dead-ball,1910.0,1929.0,1934.0,0.0,Power Hitter,1,70.0,2665.0,0.7466516530471982,,,,5.0,,0.7321268649795963,1
dandrra99,Ray Dandridge,Hitter,3B,Live-ball/pre-integration,1933.0,1949.0,1954.0,3.0,Power Hitter 2,1,4.0,298.0,0.7886436435374726,,,,,0.0,0.729865887957354,1
santoro01,Ron Santo,Hitter,3B,Integration,1960.0,1974.0,1979.0,0.0,Power Hitter,1,342.0,2254.0,0.8264370325230285,,,,12.0,9.0,0.7224893160095258,1
schoere01,Red Schoendienst,Hitter,2B,Live-ball/pre-integration,1945.0,1963.0,1968.0,0.0,Power Hitter,1,84.0,2449.0,0.724405714682689,,,,2.0,10.0,0.7206863571229344,1
willivi01,Vic Willis,Two-Way,P,19th century,1898.0,1910.0,1915.0,4.0,Workhorse Starting Pitcher,1,1.0,248.0,0.3992237690765925,249.0,11.0,2.6283783783783785,1.0,,0.7179953404097758,1
beltrad01,Adrian Beltre,Hitter,3B,Steroid,1998.0,2018.0,2023.0,0.0,Power Hitter,1,477.0,3166.0,0.8189745244231673,,,,22.0,4.0,0.7122050356380347,1
boudrlo01,Lou Boudreau,Hitter,SS,Live-ball/pre-integration,1938.0,1952.0,1957.0,0.0,Power Hitter,1,68.0,1779.0,0.7950386128802396,,,,11.0,7.0,0.707980825897643,1
jennihu01,Hughie Jennings,Hitter,SS,19th century,1891.0,1918.0,1923.0,0.0,Power Hitter,1,18.0,1526.0,0.7967960928827127,,,,,,0.7053185324072216,1
yountro01,Robin Yount,Hitter,SS,Expansion,1974.0,1993.0,1998.0,0.0,Power Hitter,1,251.0,3142.0,0.7718859355701935,,,,19.0,3.0,0.7030649293395328,1
vanceda01,Dazzy Vance,Two-Way,P,Dead-ball,1915.0,1935.0,1940.0,4.0,Workhorse Starting Pitcher,1,7.0,146.0,0.4172234146930814,197.0,11.0,3.24,11.0,,0.7025682409842331,1
willijo99,Joe Williams,Pitcher,P,Dead-ball,1910.0,1932.0,1937.0,4.0,Workhorse Starting Pitcher,1,15.0,216.0,0.7703004959642128,109.0,5.0,2.5688859591298616,,,0.6950626022236072,1
blylebe01,Bert Blyleven,Pitcher,P,Expansion,1970.0,1992.0,1997.0,4.0,Workhorse Starting Pitcher,1,0.0,59.0,0.2904462669080839,287.0,0.0,3.3138832997987926,5.0,2.0,0.69049083319124,1
ashburi01,Richie Ashburn,Hitter,OF,Integration,1948.0,1962.0,1967.0,0.0,Power Hitter,1,29.0,2574.0,0.77847296234409,,,,1.0,5.0,0.6794593054747237,1
rusieam01,Amos Rusie,Two-Way,P,19th century,1889.0,1901.0,1906.0,4.0,Workhorse Starting Pitcher,1,8.0,429.0,0.5817064973983521,246.0,5.0,3.067748764996471,1.0,,0.6786935231535325,1
whitede01,Deacon White,Hitter,3B,19th century,1871.0,1890.0,1895.0,3.0,Power Hitter 2,1,24.0,2067.0,0.7397461854246642,0.0,1.0,7.2,,,0.666767255914824,1
wallabo01,Bobby Wallace,Two-Way,SS,19th century,1894.0,1918.0,1923.0,0.0,Power Hitter,1,34.0,2309.0,0.6899227198148457,24.0,1.0,3.873134328358209,2.0,,0.6634572829975509,1
hodgegi01,Gil Hodges,Hitter,1B,Live-ball/pre-integration,1943.0,1963.0,1968.0,0.0,Power Hitter,1,370.0,1921.0,0.8457421544700503,,,,5.0,8.0,0.6619515568688497,1
flickel01,Elmer Flick,Hitter,OF,19th century,1898.0,1910.0,1915.0,3.0,Power Hitter 2,1,48.0,1752.0,0.8342421754906554,,,,,,0.6518922798049601,1
torricr99,Cristóbal Torriente,Two-Way,CF,Dead-ball,1913.0,1932.0,1937.0,3.0,Power Hitter 2,1,64.0,1035.0,0.9423147362770792,22.0,1.0,3.95710455764075,,,0.6517355767873378,1
hoopeha01,Harry Hooper,Hitter,OF,Dead-ball,1909.0,1925.0,1930.0,0.0,Power Hitter,1,75.0,2466.0,0.7549337083424401,0.0,0.0,0.0,1.0,,0.6500348949660844,1
wilsoha01,Hack Wilson,Hitter,OF,Live-ball/pre-integration,1923.0,1934.0,1939.0,0.0,Power Hitter,1,244.0,1461.0,0.9398707447775588,,,,8.0,,0.649949439083403,1
kaatji01,Jim Kaat,Two-Way,P,Integration,1959.0,1983.0,1988.0,4.0,Workhorse Starting Pitcher,1,16.0,232.0,0.4943960494255198,283.0,18.0,3.4527260687219488,21.0,3.0,0.6395489303364894,1
baineha01,Harold Baines,Hitter,DH,Free-agency,1980.0,2001.0,2006.0,0.0,Power Hitter,1,384.0,2866.0,0.8203548801641346,,,,10.0,6.0,0.6390460874739963,1
kentje01,Jeff Kent,Hitter,2B,Free-agency,1992.0,2008.0,2013.0,0.0,Power Hitter,1,377.0,2461.0,0.8551628779317743,,,,13.0,5.0,0.6334703769449794,1
lloydpo99,John Henry Lloyd,Hitter,SS,Dead-ball,1912.0,1931.0,1936.0,3.0,Power Hitter 2,1,29.0,1283.0,0.8475255566376354,,,,,,0.628757884705352,1
bresnro01,Roger Bresnahan,Hitter,C,19th century,1897.0,1915.0,1920.0,3.0,Power Hitter 2,1,26.0,1252.0,0.7635029561446611,4.0,0.0,3.9337748344370858,5.0,,0.6284072207386685,1
davisge01,George Davis,Hitter,SS,19th century,1890.0,1909.0,1914.0,0.0,Power Hitter,1,73.0,2665.0,0.7665920945602187,0.0,1.0,15.75,,,0.6195340291508111,1
olivato01,Tony Oliva,Hitter,OF,Expansion,1962.0,1976.0,1981.0,0.0,Power Hitter,1,220.0,1917.0,0.8295277238390235,,,,11.0,8.0,0.6180160935523987,1
schalra01,Ray Schalk,Hitter,C,Dead-ball,1912.0,1929.0,1934.0,3.0,Power Hitter 2,1,11.0,1345.0,0.6558436135619838,,,,5.0,,0.6156738139547844,1
ferreri01,Rick Ferrell,Hitter,C,Live-ball/pre-integration,1929.0,1947.0,1952.0,0.0,Power Hitter,1,28.0,1692.0,0.7411206211068584,,,,0.0,7.0,0.6155354698373218,1
ryanji01,Jimmy Ryan,Hitter,OF,19th century,1885.0,1903.0,1908.0,0.0,Power Hitter,0,118.0,2513.0,0.8197618083919,6.0,2.0,3.6153846153846154,,,0.6103911676834659,1
bakerfr01,Home Run Baker,Hitter,3B,Dead-ball,1908.0,1922.0,1927.0,0.0,Power Hitter,1,96.0,1838.0,0.8051862751261701,,,,7.0,,0.606938874005786,1
bendech01,Charles Bender,Two-Way,P,Dead-ball,1903.0,1925.0,1930.0,4.0,Workhorse Starting Pitcher,1,6.0,243.0,0.5460942719007236,212.0,34.0,2.4550878355982766,3.0,,0.6035203821151275,1
lazzeto01,Tony Lazzeri,Hitter,2B,Live-ball/pre-integration,1926.0,1939.0,1944.0,0.0,Power Hitter,1,178.0,1840.0,0.8464238946774079,,,,4.0,1.0,0.597864340363616,1
bottoji01,Jim Bottomley,Hitter,1B,Live-ball/pre-integration,1922.0,1937.0,1942.0,0.0,Power Hitter,1,219.0,2313.0,0.8694842197198532,,,,4.0,,0.5902207374823661,1
wagnebi02,Billy Wagner,Pitcher,P,Steroid,1995.0,2010.0,2015.0,1.0,Dominant Reliever / Closer,1,0.0,2.0,0.2428571428571428,47.0,422.0,2.3122923588039868,2.0,6.0,0.5869881331756757,1
jacksjo01,Shoeless Joe Jackson,Hitter,OF,Dead-ball,1908.0,1920.0,1925.0,3.0,Power Hitter 2,0,54.0,1772.0,0.9401038932653564,,,,11.0,,0.5808597642039863,1
johnsju99,Judy Johnson,Hitter,3B,Dead-ball,1918.0,1936.0,1941.0,3.0,Power Hitter 2,1,36.0,1078.0,0.7553238760830725,0.0,0.0,2.076923076923077,,0.0,0.57232382824089,1
mcginjo01,Joe McGinnity,Two-Way,P,19th century,1899.0,1908.0,1913.0,4.0,Workhorse Starting Pitcher,1,0.0,251.0,0.4457012456810225,246.0,24.0,2.657109647423479,,,0.5682320956502884,1
brownra99,Ray Brown,Two-Way,P,Live-ball/pre-integration,1931.0,1945.0,1950.0,3.0,Power Hitter 2,1,33.0,366.0,0.7699661390660681,123.0,15.0,3.214994487320838,,0.0,0.5664581982596298,1
kinerra01,Ralph Kiner,Hitter,OF,Live-ball/pre-integration,1946.0,1955.0,1960.0,0.0,Power Hitter,1,369.0,1451.0,0.9458856946819584,,,,10.0,6.0,0.5539130365886815,1
vanhage01,George Van Haltren,Two-Way,OF,19th century,1887.0,1903.0,1908.0,0.0,Power Hitter,0,69.0,2544.0,0.8033540980633919,40.0,4.0,4.0473887814313345,,,0.5466591714318869,1
faberre01,Red Faber,Two-Way,P,Dead-ball,1914.0,1933.0,1938.0,4.0,Workhorse Starting Pitcher,1,3.0,170.0,0.400728838664744,254.0,28.0,3.1492659053833605,2.0,,0.5397027778466057,1
mazerbi01,Bill Mazeroski,Hitter,2B,Integration,1956.0,1972.0,1977.0,0.0,Power Hitter,1,138.0,2016.0,0.6666921858919272,,,,13.0,10.0,0.5341725606272218,1
gordojo01,Joe Gordon,Hitter,2B,Live-ball/pre-integration,1938.0,1950.0,1955.0,0.0,Power Hitter,1,253.0,1530.0,0.8224585152844318,,,,21.0,9.0,0.5310880257622538,1
wilheho01,Hoyt Wilhelm,Pitcher,P,Integration,1952.0,1972.0,1977.0,1.0,Dominant Reliever / Closer,1,1.0,38.0,0.2459150326797385,143.0,227.0,2.523140618068904,0.0,7.0,0.5250045488815099,1
ewingbu01,Buck Ewing,Hitter,C,19th century,1880.0,1897.0,1902.0,3.0,Power Hitter 2,1,71.0,1625.0,0.807207104271525,2.0,1.0,3.4468085106382977,,,0.5213692997603735,1
lombaer01,Ernie Lombardi,Hitter,C,Live-ball/pre-integration,1931.0,1947.0,1952.0,0.0,Power Hitter,1,190.0,1792.0,0.8181860070430012,,,,4.0,7.0,0.507658330877477,1
mauerjo01,Joe Mauer,Hitter,C,Steroid,2004.0,2018.0,2023.0,0.0,Power Hitter,1,143.0,2123.0,0.8267790516973318,,,,18.0,6.0,0.501474736235082,1
lindsfr01,Freddie Lindstrom,Hitter,3B,Live-ball/pre-integration,1924.0,1936.0,1941.0,3.0,Power Hitter 2,1,103.0,1747.0,0.8003998045128948,,,,4.0,,0.4851517429353081,0
kellyge01,George Kelly,Hitter,1B,Dead-ball,1915.0,1932.0,1937.0,0.0,Power Hitter,1,148.0,1778.0,0.7944868878422777,1.0,0.0,0.0,5.0,,0.48447441053994694,0
dobyla01,Larry Doby,Hitter,OF,Integration,1947.0,1959.0,1964.0,0.0,Power Hitter,1,273.0,1697.0,0.888325465687241,,,,1.0,7.0,0.4694757939893877,0
waltebu01,Bucky Walters,Two-Way,P,Live-ball/pre-integration,1931.0,1950.0,1955.0,4.0,Workhorse Starting Pitcher,0,23.0,477.0,0.630205337256136,198.0,4.0,3.30180373631093,11.0,6.0,0.46905503873162474,0
murphda05,Dale Murphy,Hitter,OF,Free-agency,1976.0,1993.0,1998.0,0.0,Power Hitter,0,398.0,2111.0,0.8148852798417592,,,,29.0,7.0,0.4575737480955793,0
bunniji01,Jim Bunning,Two-Way,P,Integration,1955.0,1971.0,1976.0,4.0,Workhorse Starting Pitcher,1,7.0,213.0,0.3947243578282376,224.0,16.0,3.2693910114351565,2.0,8.0,0.44487251975487335,0
bancrda01,Dave Bancroft,Hitter,SS,Dead-ball,1915.0,1930.0,1935.0,3.0,Power Hitter 2,1,32.0,2004.0,0.7137246752339015,,,,8.0,,0.4340469517564893,0
rolensc01,Scott Rolen,Hitter,3B,Steroid,1996.0,2012.0,2017.0,0.0,Power Hitter,1,316.0,2077.0,0.8547329747737005,,,,18.0,7.0,0.4334789350757281,0
trammal01,Alan Trammell,Hitter,SS,Free-agency,1977.0,1996.0,2001.0,0.0,Power Hitter,1,185.0,2365.0,0.7668287921706471,,,,16.0,6.0,0.430766479902544,0
irvinmo01,Monte Irvin,Hitter,OF,Integration,1949.0,1956.0,1961.0,3.0,Power Hitter 2,1,140.0,1091.0,0.8856472667191877,,,,0.0,1.0,0.42889977125605705,0
rizzuph01,Phil Rizzuto,Hitter,SS,Live-ball/pre-integration,1941.0,1956.0,1961.0,3.0,Power Hitter 2,1,38.0,1588.0,0.7060829433084046,,,,10.0,5.0,0.42283557363355073,0
stephve01,Vern Stephens,Hitter,SS,Live-ball/pre-integration,1941.0,1955.0,1960.0,0.0,Power Hitter,0,247.0,1859.0,0.8153572989004996,,,,7.0,7.0,0.4131861080416195,0
smithhi99,Hilton Smith,Pitcher,P,Live-ball/pre-integration,1932.0,1948.0,1953.0,3.0,Power Hitter 2,1,6.0,163.0,0.73149266890899,71.0,16.0,2.9343814080656183,,0.0,0.4080863420639108,0
haineje01,Jesse Haines,Two-Way,P,Dead-ball,1918.0,1937.0,1942.0,4.0,Workhorse Starting Pitcher,1,3.0,209.0,0.4257637380413181,210.0,10.0,3.6407645958861417,2.0,,0.40306704750231964,0
mattido01,Don Mattingly,Hitter,1B,Free-agency,1982.0,1995.0,2000.0,0.0,Power Hitter,0,222.0,2153.0,0.8296984219306709,,,,32.0,6.0,0.39767468329066774,0
sheffga01,Gary Sheffield,Hitter,OF,Free-agency,1988.0,2009.0,2014.0,0.0,Power Hitter,0,509.0,2689.0,0.9069750909249652,,,,23.0,9.0,0.39682891484756044,0
willsma01,Maury Wills,Hitter,SS,Integration,1959.0,1972.0,1977.0,0.0,Power Hitter,0,20.0,2134.0,0.6612968777824614,,,,9.0,7.0,0.3930106614890465,0
jackstr01,Travis Jackson,Hitter,SS,Live-ball/pre-integration,1922.0,1936.0,1941.0,0.0,Power Hitter,1,135.0,1768.0,0.7696341174975929,,,,12.0,1.0,0.39121337069488143,0
covelst01,Stan Coveleski,Two-Way,P,Dead-ball,1912.0,1928.0,1933.0,4.0,Workhorse Starting Pitcher,1,1.0,168.0,0.4068976917273474,215.0,21.0,2.890979883192732,3.0,,0.3860237674261184,0
suttebr01,Bruce Sutter,Pitcher,P,Free-agency,1976.0,1988.0,1993.0,1.0,Dominant Reliever / Closer,1,0.0,9.0,0.2413884472708002,68.0,300.0,2.833013435700576,18.0,6.0,0.3810409040757201,0
hafeych01,Chick Hafey,Hitter,OF,Live-ball/pre-integration,1924.0,1937.0,1942.0,3.0,Power Hitter 2,1,164.0,1466.0,0.8980222449089248,,,,4.0,1.0,0.3802644304819956,0
dihigma99,Martín Dihigo,Two-Way,SS,Live-ball/pre-integration,1923.0,1945.0,1950.0,3.0,Power Hitter 2,1,79.0,518.0,0.9260079757496666,28.0,3.0,3.626552795031055,,0.0,0.3697371056012322,0
allendi01,Dick Allen,Hitter,1B,Expansion,1963.0,1977.0,1982.0,0.0,Power Hitter,1,351.0,1848.0,0.9117058300647256,,,,8.0,7.0,0.36965207222683716,0
hoytwa01,Waite Hoyt,Two-Way,P,Dead-ball,1918.0,1938.0,1943.0,4.0,Workhorse Starting Pitcher,1,0.0,255.0,0.4583228016962957,237.0,52.0,3.5881988127934794,3.0,,0.367384188688963,0
johnto01,Tommy John,Two-Way,P,Expansion,1963.0,1989.0,1994.0,4.0,Workhorse Starting Pitcher,0,5.0,141.0,0.3745440531246294,288.0,4.0,3.341801712546883,10.0,4.0,0.35968262965081643,0
dayle99,Leon Day,Pitcher,P,Live-ball/pre-integration,1934.0,1949.0,1954.0,3.0,Power Hitter 2,1,6.0,207.0,0.7929058993025571,54.0,3.0,3.7446264073694984,,0.0,0.3589341278084571,0
tiernmi01,Mike Tiernan,Hitter,OF,19th century,1887.0,1899.0,1904.0,3.0,Power Hitter 2,0,106.0,1838.0,0.8545775020830098,1.0,1.0,8.694915254237287,,,0.3574756903974235,0
conceda01,Dave Concepcion,Hitter,SS,Expansion,1970.0,1988.0,1993.0,0.0,Power Hitter,0,101.0,2326.0,0.679274542425456,0.0,0.0,0.0,14.0,9.0,0.35645673326329663,0
garvest01,Steve Garvey,Hitter,1B,Expansion,1969.0,1987.0,1992.0,0.0,Power Hitter,0,272.0,2599.0,0.7754423761636817,,,,20.0,10.0,0.35198492584481356,0
dixonra01,Rap Dixon,Hitter,RF,Live-ball/pre-integration,1924.0,1937.0,1942.0,3.0,Power Hitter 2,0,75.0,695.0,0.9564323723476184,1.0,0.0,0.0,,0.0,0.347299549885618,0
boyerke01,Ken Boyer,Hitter,3B,Integration,1955.0,1969.0,1974.0,0.0,Power Hitter,0,282.0,2143.0,0.8104015032708268,,,,14.0,11.0,0.34423556263126004,0
scalege01,George Scales,Hitter,2B,Live-ball/pre-integration,1921.0,1946.0,1951.0,3.0,Power Hitter 2,0,76.0,918.0,0.9539617744945394,0.0,0.0,4.5,,0.0,0.3416588282390226,0
rosepe01,Pete Rose,Hitter,OF,Expansion,1963.0,1986.0,1991.0,0.0,Power Hitter,0,160.0,4256.0,0.7844420722715715,,,,26.0,17.0,0.33787110879586085,0
santolo99,Louis Santop,Hitter,C,Dead-ball,1910.0,1926.0,1931.0,3.0,Power Hitter 2,1,24.0,493.0,0.8852840309839283,,,,,,0.33766893872276804,0
mcinnst01,Stuffy McInnis,Hitter,1B,Dead-ball,1909.0,1927.0,1932.0,0.0,Power Hitter,0,20.0,2405.0,0.7234459751311337,,,,5.0,,0.32560589033090487,0
derripa01,Paul Derringer,Two-Way,P,Live-ball/pre-integration,1931.0,1945.0,1950.0,4.0,Workhorse Starting Pitcher,0,2.0,220.0,0.3941649899396378,223.0,29.0,3.4592592592592593,9.0,6.0,0.32487988651828886,0
marioma01,Marty Marion,Hitter,SS,Live-ball/pre-integration,1940.0,1953.0,1958.0,3.0,Power Hitter 2,0,36.0,1448.0,0.6679788993279149,,,,12.0,7.0,0.32459472086541913,0
palmera01,Rafael Palmeiro,Hitter,1B,Free-agency,1986.0,2005.0,2010.0,0.0,Power Hitter,0,569.0,3020.0,0.8852238986133288,,,,18.0,4.0,0.3185486359554686,0
johnsbo01,Bob Johnson,Hitter,OF,Live-ball/pre-integration,1933.0,1945.0,1950.0,0.0,Power Hitter,0,288.0,2051.0,0.8987419149750556,,,,1.0,7.0,0.31613444130120805,0
colliji01,Jimmy Collins,Hitter,3B,19th century,1895.0,1908.0,1913.0,3.0,Power Hitter 2,1,65.0,1999.0,0.7522934033207773,,,,,,0.31281714212272543,0
lynnfr01,Fred Lynn,Hitter,OF,Expansion,1974.0,1990.0,1995.0,0.0,Power Hitter,0,306.0,1960.0,0.844514326617441,,,,21.0,9.0,0.31098594218371617,0
chesbja01,Jack Chesbro,Two-Way,P,19th century,1899.0,1909.0,1914.0,4.0,Workhorse Starting Pitcher,1,5.0,217.0,0.4833816060783542,198.0,5.0,2.6844649021864213,,,0.3102643112440222,0
dahlebi01,Bill Dahlen,Hitter,SS,19th century,1891.0,1911.0,1916.0,0.0,Power Hitter,0,84.0,2461.0,0.7399376020224657,,,,,,0.30765200322812564,0
hackst01,Stan Hack,Hitter,3B,Live-ball/pre-integration,1932.0,1947.0,1952.0,0.0,Power Hitter,0,57.0,2193.0,0.7909432759926207,,,,6.0,4.0,0.305638951406119,0
quinnja01,Jack Quinn,Two-Way,P,Dead-ball,1909.0,1933.0,1938.0,4.0,Workhorse Starting Pitcher,0,8.0,248.0,0.4761251684106612,247.0,57.0,3.2897712779525548,0.0,,0.3012804536201487,0
beltrca01,Carlos Beltran,Hitter,OF,Steroid,1998.0,2017.0,2022.0,0.0,Power Hitter,0,435.0,2725.0,0.8368789810835575,,,,21.0,9.0,0.2892389767974002,0
walkedi02,Dixie Walker,Hitter,OF,Live-ball/pre-integration,1931.0,1949.0,1954.0,0.0,Power Hitter,0,105.0,2064.0,0.8197836018245359,,,,3.0,4.0,0.2886673224073859,0
torrejo01,Joe Torre,Hitter,C,Integration,1960.0,1977.0,1982.0,0.0,Power Hitter,0,252.0,2342.0,0.8169365619568745,,,,11.0,9.0,0.2876051152695309,0
tinkejo01,Joe Tinker,Hitter,SS,Dead-ball,1902.0,1916.0,1921.0,3.0,Power Hitter 2,1,31.0,1690.0,0.6611911500490828,,,,0.0,,0.28682514478274274,0
clemero02,Roger Clemens,Pitcher,P,Free-agency,1984.0,2007.0,2012.0,4.0,Workhorse Starting Pitcher,0,0.0,31.0,0.442601346511961,354.0,0.0,3.124677966101695,51.0,11.0,0.2829321968160573,0
mendejo99,José Méndez,Two-Way,P,Dead-ball,1912.0,1926.0,1931.0,3.0,Power Hitter 2,1,6.0,237.0,0.6280474670855329,57.0,10.0,2.802133850630456,,,0.2804064945968991,0
schilcu01,Curt Schilling,Pitcher,P,Free-agency,1988.0,2007.0,2012.0,4.0,Workhorse Starting Pitcher,0,0.0,117.0,0.3484854127167368,216.0,22.0,3.4581416743330267,20.0,6.0,0.2787335469779835,0
odoulle01,Lefty O'Doul,Hitter,OF,Dead-ball,1919.0,1934.0,1939.0,3.0,Power Hitter 2,0,113.0,1140.0,0.9451224136063264,1.0,0.0,4.866952789699571,4.0,1.0,0.27692528312918463,0
lathaar01,Arlie Latham,Hitter,3B,19th century,1880.0,1909.0,1914.0,0.0,Power Hitter,0,27.0,1836.0,0.6757340419623707,,,,,,0.276866589941272,0
ramirma02,Manny Ramirez,Hitter,OF,Steroid,1993.0,2011.0,2016.0,0.0,Power Hitter,0,555.0,2574.0,0.9959562250261816,,,,41.0,12.0,0.27085232335942977,0
yorkru01,Rudy York,Hitter,1B,Live-ball/pre-integration,1934.0,1948.0,1953.0,0.0,Power Hitter,0,277.0,1621.0,0.8454901839478939,,,,5.0,7.0,0.2666083640936788,0
carutbo01,Bob Caruthers,Two-Way,OF,19th century,1884.0,1893.0,1898.0,3.0,Power Hitter 2,0,29.0,695.0,0.7909153475567792,218.0,3.0,2.834904548668395,,,0.2666033739075129,0
rodrifr03,Francisco Rodriguez,Pitcher,P,Steroid,2002.0,2017.0,2022.0,1.0,Dominant Reliever / Closer,0,0.0,1.0,1.0,52.0,437.0,2.8586065573770494,8.0,6.0,0.26103578758268403,0
oliveal01,Al Oliver,Hitter,OF,Expansion,1968.0,1985.0,1990.0,0.0,Power Hitter,0,219.0,2743.0,0.7954371043811839,,,,15.0,7.0,0.2572565279667135,0
piercbi02,Billy Pierce,Two-Way,P,Live-ball/pre-integration,1945.0,1964.0,1969.0,4.0,Workhorse Starting Pitcher,0,0.0,203.0,0.4353486989216008,211.0,32.0,3.268850806451613,4.0,7.0,0.25264009548164196,0
parrila02,Lance Parrish,Hitter,C,Free-agency,1977.0,1995.0,2000.0,0.0,Power Hitter,0,324.0,1782.0,0.7532071198130839,,,,13.0,8.0,0.24859293303487204,0
mathebo01,Bobby Mathews,Two-Way,P,19th century,1871.0,1887.0,1892.0,4.0,Workhorse Starting Pitcher,0,1.0,504.0,0.4559694508080735,297.0,3.0,2.8565375302663436,,,0.24711656942732974,0
fournja01,Jack Fournier,Hitter,1B,Dead-ball,1912.0,1927.0,1932.0,0.0,Power Hitter,0,136.0,1631.0,0.875375148414665,0.0,0.0,0.0,0.0,,0.23842724548601976,0
veachbo01,Bobby Veach,Hitter,OF,Dead-ball,1912.0,1925.0,1930.0,0.0,Power Hitter,0,64.0,2063.0,0.8116201678931143,0.0,1.0,4.5,,,0.23475890207700412,0
mcgwima01,Mark McGwire,Hitter,1B,Free-agency,1986.0,2001.0,2006.0,0.0,Power Hitter,0,583.0,1626.0,0.982317885481949,,,,28.0,12.0,0.22384173348145056,0
brownpe01,Pete Browning,Hitter,OF,19th century,1882.0,1894.0,1899.0,2.0,Speed / Contact Profile,0,46.0,1646.0,0.8694197116904713,0.0,0.0,54.0,,,0.22336908163813382,0
giambja01,Jason Giambi,Hitter,1B,Steroid,1995.0,2014.0,2019.0,0.0,Power Hitter,0,440.0,2010.0,0.9157255831444244,,,,17.0,5.0,0.22316167454409205,0
omsal01,Alejandro Oms,Hitter,CF,Live-ball/pre-integration,1925.0,1935.0,1940.0,3.0,Power Hitter 2,0,35.0,415.0,0.9235110517618236,0.0,0.0,1.9285714285714284,,0.0,0.2182806359347081,0
mcgrajo01,John McGraw,Hitter,3B,19th century,1891.0,1907.0,1912.0,3.0,Power Hitter 2,0,13.0,1309.0,0.8757130264564944,,,,,,0.2177604376491362,0
chaseha01,Hal Chase,Hitter,1B,Dead-ball,1905.0,1919.0,1924.0,0.0,Power Hitter,0,57.0,2158.0,0.7099058402652263,0.0,0.0,0.0,9.0,,0.21653032921694285,0
cansejo01,Jose Canseco,Hitter,OF,Free-agency,1985.0,2001.0,2006.0,2.0,Speed / Contact Profile,0,462.0,1877.0,0.8672558847305238,0.0,0.0,27.0,23.0,6.0,0.2142112540551779,0
elliobo01,Bob Elliott,Hitter,3B,Live-ball/pre-integration,1939.0,1953.0,1958.0,0.0,Power Hitter,0,170.0,2061.0,0.8145466319519785,,,,8.0,6.0,0.20729422285670857,0
mccarto01,Tommy McCarthy,Hitter,OF,19th century,1884.0,1896.0,1901.0,3.0,Power Hitter 2,1,44.0,1493.0,0.7397439373028392,0.0,0.0,4.990521327014219,,,0.20223215504801062,0
beckwjo02,John Beckwith,Hitter,3B,Live-ball/pre-integration,1920.0,1937.0,1942.0,3.0,Power Hitter 2,0,97.0,749.0,0.9994749681201928,0.0,0.0,3.8571428571428577,,,0.20125713261676495,0
tananfr01,Frank Tanana,Pitcher,P,Expansion,1973.0,1993.0,1998.0,4.0,Workhorse Starting Pitcher,0,0.0,9.0,0.3837176993609336,240.0,1.0,3.661599681655392,7.0,3.0,0.19897074535752346,0
gleaski01,Kid Gleason,Two-Way,2B,19th century,1888.0,1912.0,1917.0,0.0,Power Hitter,0,15.0,1946.0,0.6283055714994575,138.0,6.0,3.793108258928571,,,0.19845506749795155,0
marquru01,Rube Marquard,Two-Way,P,Dead-ball,1908.0,1925.0,1930.0,4.0,Workhorse Starting Pitcher,1,1.0,198.0,0.4098465105546144,201.0,19.0,3.075604838709677,1.0,,0.19825723174685997,0
mullato01,Tony Mullane,Two-Way,P,19th century,1881.0,1894.0,1899.0,4.0,Workhorse Starting Pitcher,0,8.0,661.0,0.622910477322242,284.0,15.0,3.0527438575842285,,,0.1978572805717836,0
hollima01,Matt Holliday,Hitter,LF,Steroid,2004.0,2018.0,2023.0,0.0,Power Hitter,0,316.0,2096.0,0.8888979117790194,,,,14.0,7.0,0.19489636081588263,0
nettlgr01,Graig Nettles,Hitter,3B,Expansion,1967.0,1988.0,1993.0,0.0,Power Hitter,0,390.0,2225.0,0.7497970321389786,,,,13.0,6.0,0.19406039748737913,0
dykesji01,Jimmy Dykes,Hitter,3B,Dead-ball,1918.0,1939.0,1944.0,0.0,Power Hitter,0,108.0,2256.0,0.764390817608489,0.0,1.0,4.5,1.0,2.0,0.19018539392652015,0
nathajo01,Joe Nathan,Pitcher,P,Steroid,1999.0,2016.0,2021.0,1.0,Dominant Reliever / Closer,0,2.0,10.0,0.4956171523335702,64.0,377.0,2.8657039711191334,8.0,6.0,0.1846290149221933,0
sosasa01,Sammy Sosa,Hitter,OF,Free-agency,1989.0,2007.0,2012.0,0.0,Power Hitter,0,609.0,2408.0,0.8775164397871915,,,,34.0,7.0,0.1818514702311148,0
campabe01,Bert Campaneris,Hitter,SS,Expansion,1964.0,1983.0,1988.0,0.0,Power Hitter,0,79.0,2249.0,0.6530718859006268,0.0,0.0,9.0,4.0,6.0,0.1818259149607007,0
johnsgr02,Grant Johnson,Hitter,SS,Dead-ball,1903.0,1914.0,1919.0,3.0,Power Hitter 2,0,8.0,252.0,0.8567011096406393,1.0,0.0,2.6999999999999997,,,0.17976013837520247,0
mageesh01,Sherry Magee,Hitter,OF,Dead-ball,1904.0,1919.0,1924.0,0.0,Power Hitter,0,83.0,2169.0,0.7904360387482017,,,,4.0,,0.1796359327984973,0
willike01,Ken Williams,Hitter,OF,Dead-ball,1915.0,1929.0,1934.0,0.0,Power Hitter,0,196.0,1552.0,0.9237685938350076,,,,0.0,,0.17934052315066787,0
colonba01,Bartolo Colon,Pitcher,P,Steroid,1997.0,2018.0,2023.0,4.0,Workhorse Starting Pitcher,0,1.0,25.0,0.1991286745291322,247.0,0.0,4.11824747231584,12.0,4.0,0.1791321771725142,0
combsea01,Earle Combs,Hitter,OF,Live-ball/pre-integration,1924.0,1935.0,1940.0,3.0,Power Hitter 2,1,58.0,1866.0,0.8592685730214719,,,,1.0,,0.17906686397663946,0
evansdw01,Dwight Evans,Hitter,OF,Expansion,1972.0,1991.0,1996.0,0.0,Power Hitter,0,385.0,2446.0,0.8400863232168562,,,,20.0,3.0,0.1749809892320273,0
judgejo01,Joe Judge,Hitter,1B,Dead-ball,1915.0,1934.0,1939.0,0.0,Power Hitter,0,71.0,2352.0,0.7976857502144944,,,,1.0,,0.17213558415858526,0
bluevi01,Vida Blue,Pitcher,P,Expansion,1969.0,1986.0,1991.0,4.0,Workhorse Starting Pitcher,0,4.0,53.0,0.3303719579646018,209.0,2.0,3.26530408773679,8.0,6.0,0.1719445111497478,0
vizquom01,Omar Vizquel,Hitter,SS,Free-agency,1989.0,2012.0,2017.0,0.0,Power Hitter,0,80.0,2877.0,0.6883790533092015,,,,13.0,3.0,0.17144422693203734,0
moyerja01,Jamie Moyer,Pitcher,P,Free-agency,1986.0,2012.0,2017.0,4.0,Workhorse Starting Pitcher,0,0.0,51.0,0.3386301369863014,269.0,0.0,4.254786450662739,5.0,1.0,0.17023672283806687,0
daubeja01,Jake Daubert,Hitter,1B,Dead-ball,1910.0,1924.0,1929.0,0.0,Power Hitter,0,56.0,2326.0,0.760266288744029,,,,13.0,,0.16350797546810977,0
oneilti01,Tip O'Neill,Two-Way,OF,19th century,1883.0,1892.0,1897.0,3.0,Power Hitter 2,0,52.0,1385.0,0.8507357102433504,16.0,0.0,3.394463667820069,1.0,,0.16317686459296424,0
guidrro01,Ron Guidry,Pitcher,P,Expansion,1975.0,1988.0,1993.0,4.0,Workhorse Starting Pitcher,0,0.0,0.0,,170.0,4.0,3.2884615384615383,19.0,4.0,0.16275217964118643,0
harrivi02,Vic Harris,Hitter,LF,Live-ball/pre-integration,1922.0,1947.0,1952.0,3.0,Power Hitter 2,0,42.0,902.0,0.8153402421367819,,,,,0.0,0.1591590522741939,0
coopewi01,Wilbur Cooper,Two-Way,P,Dead-ball,1912.0,1926.0,1931.0,4.0,Workhorse Starting Pitcher,0,6.0,293.0,0.5780540346124561,216.0,14.0,2.893965517241379,5.0,,0.15803119928440088,0
allenne02,Newt Allen,Hitter,2B,Live-ball/pre-integration,1923.0,1947.0,1952.0,1.0,Dominant Reliever / Closer,0,22.0,1140.0,0.7207131516472582,0.0,1.0,0.0,,0.0,0.15798705238955255,0
colavro01,Rocky Colavito,Hitter,OF,Integration,1955.0,1968.0,1973.0,0.0,Power Hitter,0,374.0,1730.0,0.847817247646886,1.0,0.0,0.0,1.0,9.0,0.15777354040050087,0
francjo01,John Franco,Pitcher,P,Free-agency,1984.0,2005.0,2010.0,1.0,Dominant Reliever / Closer,0,0.0,3.0,0.1764705882352941,90.0,424.0,2.89001873160289,9.0,4.0,0.1566354128244054,0
belleal01,Albert Belle,Hitter,OF,Free-agency,1989.0,2000.0,2005.0,0.0,Power Hitter,0,381.0,1726.0,0.9332841142709228,,,,25.0,5.0,0.15654826023863522,0
hermaba01,Babe Herman,Hitter,OF,Live-ball/pre-integration,1926.0,1945.0,1950.0,0.0,Power Hitter,0,181.0,1818.0,0.914805438955946,,,,0.0,,0.15649155079738508,0
weyhigu01,Gus Weyhing,Two-Way,P,19th century,1887.0,1901.0,1906.0,4.0,Workhorse Starting Pitcher,0,3.0,308.0,0.4200148874019832,264.0,4.0,3.8847129352086696,,,0.1564198413413594,0
tanneje01,Jesse Tannehill,Two-Way,P,19th century,1894.0,1911.0,1916.0,4.0,Workhorse Starting Pitcher,0,5.0,361.0,0.6477534506187077,197.0,7.0,2.798502053636144,,,0.15615474247957542,0
pfefffr01,Fred Pfeffer,Hitter,2B,19th century,1882.0,1897.0,1902.0,0.0,Power Hitter,0,94.0,1680.0,0.6843337805564325,2.0,2.0,2.6194029850746268,,,0.15235501810283777,0
bushdo01,Donie Bush,Hitter,SS,Dead-ball,1908.0,1923.0,1928.0,3.0,Power Hitter 2,0,9.0,1804.0,0.656476034882678,,,,4.0,,0.15192460550447365,0
garcino01,Nomar Garciaparra,Hitter,SS,Steroid,1996.0,2009.0,2014.0,0.0,Power Hitter,0,229.0,1747.0,0.8820664818649471,,,,17.0,6.0,0.15106907375086617,0
crossla01,Lave Cross,Hitter,3B,19th century,1887.0,1907.0,1912.0,0.0,Power Hitter,0,47.0,2651.0,0.7111076863881534,,,,,,0.14966499919717421,0
newsobo01,Bobo Newsom,Two-Way,P,Live-ball/pre-integration,1929.0,1953.0,1958.0,4.0,Workhorse Starting Pitcher,0,1.0,253.0,0.4169035153328347,211.0,21.0,3.983685050540876,3.0,4.0,0.14575679798286387,0
coopewa01,Walker Cooper,Hitter,C,Live-ball/pre-integration,1940.0,1957.0,1962.0,0.0,Power Hitter,0,173.0,1341.0,0.7957739350299714,,,,6.0,8.0,0.14396856041703937,0
vernomi01,Mickey Vernon,Hitter,1B,Live-ball/pre-integration,1939.0,1960.0,1965.0,0.0,Power Hitter,0,172.0,2495.0,0.787197882008038,,,,2.0,7.0,0.14239165612194568,0
rodrial01,Alex Rodriguez,Hitter,SS,Steroid,1994.0,2016.0,2021.0,0.0,Power Hitter,0,696.0,3115.0,0.9298672341749334,,,,65.0,14.0,0.13975779847976072,0
whitalo01,Lou Whitaker,Hitter,2B,Free-agency,1977.0,1995.0,2000.0,0.0,Power Hitter,0,244.0,2369.0,0.789049956729982,,,,12.0,5.0,0.13844278715969774,0
mccorfr01,Frank McCormick,Hitter,1B,Live-ball/pre-integration,1934.0,1948.0,1953.0,0.0,Power Hitter,0,128.0,1711.0,0.7810500760612306,,,,6.0,8.0,0.1369169017085712,0
hughesa01,Sammy Hughes,Hitter,2B,Live-ball/pre-integration,1931.0,1946.0,1951.0,3.0,Power Hitter 2,0,21.0,484.0,0.8420192036363359,0.0,0.0,5.3999999999999995,,0.0,0.1353357823984014,0
chancfr01,Frank Chance,Hitter,1B,19th century,1898.0,1914.0,1919.0,3.0,Power Hitter 2,1,20.0,1274.0,0.7876103510208099,,,,2.0,,0.13524273951933327,0
uhlege01,George Uhle,Two-Way,P,Dead-ball,1919.0,1936.0,1941.0,4.0,Workhorse Starting Pitcher,0,9.0,393.0,0.7224008207934336,200.0,25.0,3.992734266481462,5.0,,0.13517277226386368,0
bridgto01,Tommy Bridges,Two-Way,P,Live-ball/pre-integration,1930.0,1946.0,1951.0,4.0,Workhorse Starting Pitcher,0,0.0,181.0,0.460098812198502,194.0,10.0,3.572826984314188,6.0,6.0,0.1320178424020501,0
staubru01,Rusty Staub,Hitter,OF,Expansion,1963.0,1985.0,1990.0,0.0,Power Hitter,0,292.0,2716.0,0.7930365364917411,,,,3.0,6.0,0.13098687539440132,0
warnelo01,Lon Warneke,Two-Way,P,Live-ball/pre-integration,1930.0,1945.0,1950.0,4.0,Workhorse Starting Pitcher,0,4.0,215.0,0.5333600186252445,192.0,13.0,3.182939978435366,9.0,5.0,0.1305647495308516,0
powelja01,Jack Powell,Two-Way,P,19th century,1897.0,1912.0,1917.0,4.0,Workhorse Starting Pitcher,0,8.0,309.0,0.4843284343743621,245.0,15.0,2.9733424470266576,,,0.1299285542371261,0
radclal01,Alex Radcliff,Hitter,3B,Live-ball/pre-integration,1926.0,1946.0,1951.0,2.0,Speed / Contact Profile,0,20.0,506.0,0.7638888888888888,0.0,0.0,32.400000000000006,,0.0,0.12819057843380435,0
jamiech01,Charlie Jamieson,Hitter,OF,Dead-ball,1915.0,1932.0,1937.0,3.0,Power Hitter 2,0,18.0,1990.0,0.7626995429528038,2.0,0.0,6.1875,1.0,,0.12676718161224015,0
whitewi01,Will White,Two-Way,P,19th century,1877.0,1886.0,1891.0,4.0,Workhorse Starting Pitcher,0,1.0,271.0,0.4285064044942831,229.0,0.0,2.2762514113662027,,,0.12579602495885828,0
munsoth01,Thurman Munson,Hitter,C,Expansion,1969.0,1979.0,1984.0,3.0,Power Hitter 2,0,113.0,1558.0,0.7562861780688878,,,,12.0,7.0,0.12575310591975555,0
ferrewe01,Wes Ferrell,Two-Way,P,Live-ball/pre-integration,1927.0,1941.0,1946.0,4.0,Workhorse Starting Pitcher,0,38.0,329.0,0.7965360856986472,193.0,13.0,4.03850552802135,10.0,2.0,0.1242755447647684,0
thomaju02,Jules Thomas,Hitter,CF,Dead-ball,1908.0,1926.0,1931.0,3.0,Power Hitter 2,0,26.0,456.0,0.8399984249852921,2.0,0.0,5.46067415730337,,,0.12321218996110166,0
kuennha01,Harvey Kuenn,Hitter,OF,Integration,1952.0,1966.0,1971.0,0.0,Power Hitter,0,87.0,2092.0,0.7646864834973552,,,,3.0,10.0,0.12228788825004315,0
mccorji01,Jim McCormick,Two-Way,P,19th century,1878.0,1887.0,1892.0,4.0,Workhorse Starting Pitcher,0,4.0,491.0,0.538249726973552,265.0,1.0,2.431199812894675,,,0.1199869246425111,0
leachto01,Tommy Leach,Hitter,OF,19th century,1898.0,1918.0,1923.0,0.0,Power Hitter,0,63.0,2143.0,0.7095604417652386,,,,3.0,,0.11943949265022064,0
hollibu01,Bug Holliday,Hitter,OF,19th century,1889.0,1898.0,1903.0,3.0,Power Hitter 2,0,65.0,1141.0,0.8255507885584488,0.0,0.0,9.0,,,0.11902443682195617,0
hernake01,Keith Hernandez,Hitter,1B,Expansion,1974.0,1990.0,1995.0,0.0,Power Hitter,0,162.0,2182.0,0.8205005534298435,,,,26.0,5.0,0.11657373325768768,0
smithre06,Reggie Smith,Hitter,OF,Expansion,1966.0,1982.0,1987.0,0.0,Power Hitter,0,314.0,2020.0,0.8549342632538479,,,,5.0,7.0,0.1144003570751304,0
jonessa01,Sad Sam Jones,Two-Way,P,Dead-ball,1914.0,1935.0,1940.0,4.0,Workhorse Starting Pitcher,0,6.0,245.0,0.5442019468568141,229.0,31.0,3.838269379345866,,,0.11432180720351015,0
lundydi01,Dick Lundy,Hitter,SS,Dead-ball,1916.0,1937.0,1942.0,3.0,Power Hitter 2,0,49.0,952.0,0.855186699944198,0.0,0.0,0.0,,0.0,0.11190980834775821,0
russebr01,Branch Russell,Hitter,RF,Live-ball/pre-integration,1922.0,1932.0,1937.0,3.0,Power Hitter 2,0,57.0,889.0,0.8609461091295362,,,,,,0.10973900781771706,0
mcnaihu01,Hurley McNair,Hitter,RF,Dead-ball,1912.0,1937.0,1942.0,3.0,Power Hitter 2,0,45.0,960.0,0.8593731654955917,3.0,0.0,4.137096774193549,,,0.10948356646268462,0
martide01,Dennis Martinez,Pitcher,P,Free-agency,1976.0,1998.0,2003.0,4.0,Workhorse Starting Pitcher,0,0.0,74.0,0.3342157842157842,245.0,8.0,3.6970580881740145,5.0,4.0,0.1080808199532759,0
randowi01,Willie Randolph,Hitter,2B,Expansion,1975.0,1992.0,1997.0,0.0,Power Hitter,0,54.0,2210.0,0.7243097988406786,,,,4.0,6.0,0.10783059607425237,0
burnsge02,George Burns,Hitter,1B,Dead-ball,1914.0,1929.0,1934.0,0.0,Power Hitter,0,72.0,2018.0,0.7828660361876589,,,,4.0,,0.10735189308097401,0
bondto01,Tommy Bond,Two-Way,P,19th century,1874.0,1884.0,1889.0,4.0,Workhorse Starting Pitcher,0,0.0,471.0,0.5233260016607189,234.0,0.0,2.13797538122359,1.0,,0.10623642602403931,0
tennefr02,Fred Tenney,Hitter,1B,19th century,1894.0,1911.0,1916.0,3.0,Power Hitter 2,0,22.0,2231.0,0.7295700313608497,0.0,0.0,4.5,1.0,,0.10535766424593002,0
bondsba01,Barry Bonds,Hitter,OF,Free-agency,1986.0,2007.0,2012.0,0.0,Power Hitter,0,762.0,2935.0,1.0511799022102122,,,,82.0,14.0,0.10350290721046208,0
cavarph01,Phil Cavarretta,Hitter,1B,Live-ball/pre-integration,1934.0,1955.0,1960.0,0.0,Power Hitter,0,95.0,1977.0,0.7879124509389426,,,,5.0,3.0,0.10271894696085715,0
pettian01,Andy Pettitte,Pitcher,P,Steroid,1995.0,2013.0,2018.0,4.0,Workhorse Starting Pitcher,0,1.0,27.0,0.3462350457424349,256.0,0.0,3.848612786489747,8.0,3.0,0.1009409048488334,0
tejadmi01,Miguel Tejada,Hitter,SS,Steroid,1997.0,2013.0,2018.0,0.0,Power Hitter,0,307.0,2407.0,0.7912669591853287,,,,11.0,6.0,0.10020620851181114,0
gonzaju03,Juan Gonzalez,Hitter,OF,Free-agency,1989.0,2005.0,2010.0,0.0,Power Hitter,0,434.0,1936.0,0.9039203866811752,,,,19.0,3.0,0.10014952018758244,0
parnero01,Roy Parnell,Hitter,LF,Live-ball/pre-integration,1927.0,1943.0,1948.0,3.0,Power Hitter 2,0,41.0,736.0,0.8844065334395723,5.0,0.0,2.3684210526315788,,0.0,0.09968010488426084,0
rileed01,Ed Rile,Two-Way,1B,Live-ball/pre-integration,1920.0,1931.0,1936.0,3.0,Power Hitter 2,0,41.0,482.0,0.8882973350715855,52.0,0.0,3.58883473637572,,,0.09886131002405338,0
berkmla01,Lance Berkman,Hitter,OF,Steroid,1999.0,2013.0,2018.0,0.0,Power Hitter,0,366.0,1905.0,0.9429392290226896,,,,12.0,6.0,0.09859685906761456,0
crandde01,Del Crandall,Hitter,C,Integration,1949.0,1966.0,1971.0,0.0,Power Hitter,0,179.0,1276.0,0.7156730223227391,,,,7.0,11.0,0.09809983306597346,0
galaran01,Andres Galarraga,Hitter,1B,Free-agency,1985.0,2004.0,2009.0,0.0,Power Hitter,0,399.0,2333.0,0.8458203465314709,,,,14.0,5.0,0.09765148702160258,0
santajo01,Johan Santana,Pitcher,P,Steroid,2000.0,2012.0,2017.0,4.0,Workhorse Starting Pitcher,0,1.0,40.0,0.4205001882766411,139.0,1.0,3.2033898305084745,23.0,4.0,0.09661075759353988,0
francju01,Julio Franco,Hitter,SS,Free-agency,1982.0,2007.0,2012.0,0.0,Power Hitter,0,173.0,2586.0,0.7817953772580242,,,,9.0,3.0,0.09524592896226425,0
coopean99,Andy Cooper,Pitcher,P,Live-ball/pre-integration,1920.0,1939.0,1944.0,4.0,Workhorse Starting Pitcher,1,3.0,105.0,0.4687781571584388,114.0,32.0,3.63953488372093,,0.0,0.09490530987079916,0
woodjo02,Smoky Joe Wood,Two-Way,OF,Dead-ball,1908.0,1922.0,1927.0,3.0,Power Hitter 2,0,23.0,553.0,0.7679378616200578,117.0,11.0,2.033000232396003,3.0,,0.09377836472294489,0
ordonma01,Magglio Ordonez,Hitter,OF,Steroid,1997.0,2011.0,2016.0,0.0,Power Hitter,0,294.0,2156.0,0.8709592931410779,,,,16.0,6.0,0.09341146064952172,0
burnsge01,George Burns,Hitter,OF,Dead-ball,1911.0,1925.0,1930.0,3.0,Power Hitter 2,0,41.0,2077.0,0.7491726874610405,,,,4.0,,0.09337450223050217,0
foutzda01,Dave Foutz,Two-Way,1B,19th century,1884.0,1896.0,1901.0,3.0,Power Hitter 2,0,31.0,1253.0,0.7005296339126432,147.0,4.0,2.843291054739653,,,0.09318792646725448,0
donlimi01,Mike Donlin,Hitter,OF,19th century,1899.0,1914.0,1919.0,3.0,Power Hitter 2,0,51.0,1282.0,0.853915527851134,0.0,0.0,7.163265306122448,3.0,,0.09200258380932562,0
valenfe01,Fernando Valenzuela,Two-Way,P,Free-agency,1980.0,1997.0,2002.0,4.0,Workhorse Starting Pitcher,0,10.0,187.0,0.4670152946468736,173.0,2.0,3.5447098976109217,19.0,6.0,0.08725702467641835,0
shockur01,Urban Shocker,Two-Way,P,Dead-ball,1916.0,1928.0,1933.0,4.0,Workhorse Starting Pitcher,0,1.0,167.0,0.5837616192379683,187.0,25.0,3.1715351149782474,4.0,,0.08699736332135974,0
rootch01,Charlie Root,Two-Way,P,Live-ball/pre-integration,1923.0,1941.0,1946.0,4.0,Workhorse Starting Pitcher,0,11.0,196.0,0.4833525270047668,201.0,40.0,3.5861134278565467,3.0,,0.08692004057483392,0
brownke01,Kevin Brown,Pitcher,P,Free-agency,1986.0,2005.0,2010.0,4.0,Workhorse Starting Pitcher,0,2.0,64.0,0.3305221117121309,211.0,0.0,3.275156106049749,7.0,6.0,0.08670754364870786,0
soriaal01,Alfonso Soriano,Hitter,OF,Steroid,1999.0,2014.0,2019.0,0.0,Power Hitter,0,412.0,2095.0,0.8190934814552673,,,,18.0,7.0,0.08668542694778902,0
freehbi01,Bill Freehan,Hitter,C,Expansion,1961.0,1976.0,1981.0,0.0,Power Hitter,0,200.0,1591.0,0.7517338782460965,,,,9.0,11.0,0.08651440844427631,0
hernafe02,Felix Hernandez,Pitcher,P,Post-steroid,2005.0,2019.0,2024.0,4.0,Workhorse Starting Pitcher,0,1.0,4.0,0.2753846153846154,169.0,0.0,3.4190987910611796,9.0,6.0,0.0864319606697876,0
maysca01,Carl Mays,Two-Way,P,Dead-ball,1915.0,1929.0,1934.0,4.0,Workhorse Starting Pitcher,0,5.0,291.0,0.6627845273006563,207.0,31.0,2.91626213592233,3.0,,0.08543206781194419,0
cannawa01,Walter Cannady,Hitter,2B,Live-ball/pre-integration,1922.0,1945.0,1950.0,3.0,Power Hitter 2,0,42.0,825.0,0.8269503974280847,3.0,0.0,5.197860962566845,,0.0,0.08528897017298373,0
johnshe01,Heavy Johnson,Hitter,RF,Live-ball/pre-integration,1920.0,1932.0,1937.0,3.0,Power Hitter 2,0,57.0,646.0,1.0207930996973895,0.0,0.0,0.0,,,0.08491246134388629,0
leevesa01,Sam Leever,Two-Way,P,19th century,1898.0,1910.0,1915.0,4.0,Workhorse Starting Pitcher,0,2.0,183.0,0.463485581146193,194.0,13.0,2.4726885492357806,,,0.08348922478791192,0
hernaro01,Roberto Hernandez,Pitcher,P,Free-agency,1991.0,2007.0,2012.0,1.0,Dominant Reliever / Closer,0,0.0,1.0,1.0,67.0,326.0,3.4527069072806476,0.0,2.0,0.08230893334823886,0
longhe01,Herman Long,Hitter,SS,19th century,1889.0,1904.0,1909.0,0.0,Power Hitter,0,91.0,2129.0,0.7178619874034351,,,,,,0.0818266913680041,0
brownto01,Tom Brown,Hitter,OF,19th century,1882.0,1898.0,1903.0,0.0,Power Hitter,0,64.0,1958.0,0.6973745919825791,2.0,0.0,5.29054054054054,,,0.0818118523370086,0
renteed01,Edgar Renteria,Hitter,SS,Steroid,1996.0,2011.0,2016.0,0.0,Power Hitter,0,140.0,2327.0,0.7410950197395363,,,,13.0,5.0,0.08105209875180747,0
tiantlu01,Luis Tiant,Pitcher,P,Expansion,1964.0,1982.0,1987.0,4.0,Workhorse Starting Pitcher,0,5.0,84.0,0.4094267384487263,229.0,15.0,3.304331198011282,5.0,3.0,0.07992095212567156,0
hunteto01,Torii Hunter,Hitter,OF,Steroid,1997.0,2015.0,2020.0,0.0,Power Hitter,0,353.0,2452.0,0.7928490797096343,,,,20.0,5.0,0.07988127468445096,0
lowebo01,Bobby Lowe,Hitter,2B,19th century,1890.0,1907.0,1912.0,3.0,Power Hitter 2,0,71.0,1934.0,0.6850474669966565,0.0,0.0,9.0,,,0.07960602026043388,0
bucknha01,Harry Buckner,Pitcher,RF,19th century,1897.0,1913.0,1918.0,3.0,Power Hitter 2,0,6.0,126.0,0.8455661274453221,28.0,0.0,2.83868378812199,,,0.07905503533806661,0
milleed03,Eddie Miller,Hitter,SS,Live-ball/pre-integration,1936.0,1950.0,1955.0,3.0,Power Hitter 2,0,97.0,1270.0,0.6427323517070849,,,,1.0,8.0,0.07698096431450466,0
cottsne01,Neal Cotts,Pitcher,P,Steroid,2003.0,2015.0,2020.0,3.0,Power Hitter 2,0,0.0,1.0,1.5,21.0,4.0,3.9586466165413534,1.0,,0.07640768450690037,0
fostege01,George Foster,Hitter,OF,Expansion,1969.0,1986.0,1991.0,0.0,Power Hitter,0,348.0,1925.0,0.8183075432573802,,,,20.0,5.0,0.07619816673877136,0
richabo01,Bobby Richardson,Hitter,2B,Integration,1955.0,1966.0,1971.0,3.0,Power Hitter 2,0,34.0,1432.0,0.6341508866434722,,,,13.0,8.0,0.07460796908223703,0
gonzalu01,Luis Gonzalez,Hitter,OF,Free-agency,1990.0,2008.0,2013.0,0.0,Power Hitter,0,354.0,2591.0,0.8454687581627542,,,,9.0,5.0,0.07332508444484473,0
nichobi01,Bill Nicholson,Hitter,OF,Live-ball/pre-integration,1936.0,1953.0,1958.0,0.0,Power Hitter,0,235.0,1484.0,0.8304945525372098,,,,7.0,4.0,0.07173421287796988,0
grohhe01,Heinie Groh,Hitter,3B,Dead-ball,1912.0,1927.0,1932.0,3.0,Power Hitter 2,0,26.0,1774.0,0.7567983584528593,,,,8.0,,0.07060073449906837,0
coopece01,Cecil Cooper,Hitter,1B,Expansion,1971.0,1987.0,1992.0,0.0,Power Hitter,0,241.0,2192.0,0.8025411211185833,,,,19.0,5.0,0.07028453548658245,0
gardnla01,Larry Gardner,Hitter,3B,Dead-ball,1908.0,1924.0,1929.0,3.0,Power Hitter 2,0,27.0,1931.0,0.7393154355208977,,,,5.0,,0.07014692702781854,0
rolliji01,Jimmy Rollins,Hitter,SS,Steroid,2000.0,2016.0,2021.0,0.0,Power Hitter,0,231.0,2455.0,0.7426232175973609,,,,9.0,3.0,0.07011608175428628,0
reynoal01,Allie Reynolds,Pitcher,P,Live-ball/pre-integration,1942.0,1954.0,1959.0,4.0,Workhorse Starting Pitcher,0,1.0,140.0,0.421551659837853,182.0,49.0,3.304132673532165,3.0,5.0,0.0697796130320424,0
konerpa01,Paul Konerko,Hitter,1B,Steroid,1997.0,2014.0,2019.0,0.0,Power Hitter,0,439.0,2340.0,0.8405382737378151,,,,11.0,6.0,0.06965919814104546,0
vaughhi01,Hippo Vaughn,Two-Way,P,Dead-ball,1908.0,1921.0,1926.0,4.0,Workhorse Starting Pitcher,0,3.0,159.0,0.4544389863752582,178.0,5.0,2.4857142857142858,5.0,,0.06871735849176162,0
cicoted01,Eddie Cicotte,Two-Way,P,Dead-ball,1905.0,1920.0,1925.0,4.0,Workhorse Starting Pitcher,0,0.0,198.0,0.4653397425532019,209.0,24.0,2.379727216367018,2.0,,0.06833331989419104,0
buffich01,Charlie Buffinton,Two-Way,P,19th century,1882.0,1892.0,1897.0,4.0,Workhorse Starting Pitcher,0,7.0,543.0,0.5757680855284084,233.0,3.0,2.9612220916568743,,,0.06823843553387138,0
pafkoan01,Andy Pafko,Hitter,OF,Live-ball/pre-integration,1943.0,1959.0,1964.0,0.0,Power Hitter,0,213.0,1796.0,0.7990393953553777,,,,5.0,4.0,0.06775954104087319,0
harrijo03,Joe Harris,Hitter,1B,Dead-ball,1914.0,1928.0,1933.0,3.0,Power Hitter 2,0,47.0,963.0,0.8765847142161038,,,,0.0,,0.06773146877498668,0
wesleed01,Edgar Wesley,Hitter,1B,Dead-ball,1918.0,1927.0,1932.0,3.0,Power Hitter 2,0,87.0,603.0,0.925710556675562,,,,,,0.06772208120157001,0
lestejo01,Jon Lester,Pitcher,P,Post-steroid,2006.0,2021.0,2026.0,4.0,Workhorse Starting Pitcher,0,4.0,42.0,0.3368171154845688,200.0,0.0,3.6591240875912407,13.0,5.0,0.06756157297360008,0
jeffcmi01,Mike Jeffcoat,Pitcher,P,Free-agency,1983.0,1994.0,1999.0,3.0,Power Hitter 2,0,0.0,1.0,1.6666666666666663,25.0,7.0,4.374,,,0.06685604960553265,0
mcguide01,Deacon McGuire,Hitter,C,19th century,1884.0,1912.0,1917.0,0.0,Power Hitter,0,45.0,1750.0,0.7133656969352168,0.0,0.0,6.75,,,0.06650553629714312,0
chandsp01,Spud Chandler,Pitcher,P,Live-ball/pre-integration,1937.0,1947.0,1952.0,4.0,Workhorse Starting Pitcher,0,9.0,110.0,0.5244117196671941,109.0,6.0,2.8363636363636364,7.0,4.0,0.06597287534079617,0
travice01,Cecil Travis,Hitter,SS,Live-ball/pre-integration,1933.0,1947.0,1952.0,3.0,Power Hitter 2,0,27.0,1544.0,0.7861014575059835,,,,3.0,3.0,0.06571850918785317,0
peckiro01,Roger Peckinpaugh,Hitter,SS,Dead-ball,1910.0,1927.0,1932.0,0.0,Power Hitter,0,48.0,1876.0,0.6715082893933094,,,,4.0,,0.06534268750449955,0
kingsi01,Silver King,Two-Way,P,19th century,1886.0,1897.0,1902.0,4.0,Workhorse Starting Pitcher,0,4.0,259.0,0.5577993002594135,203.0,6.0,3.180465311255502,,,0.06500496267115953,0
stiveja01,Jack Stivetts,Two-Way,P,19th century,1889.0,1899.0,1904.0,4.0,Workhorse Starting Pitcher,0,35.0,593.0,0.7831786376998152,203.0,5.0,3.7369271614914,,,0.064840451563856,0
stoveha01,Harry Stovey,Hitter,OF,19th century,1880.0,1893.0,1898.0,3.0,Power Hitter 2,0,122.0,1775.0,0.8224152396597055,0.0,0.0,6.75,,,0.06470795840452408,0
willima04,Matt Williams,Hitter,3B,Free-agency,1987.0,2003.0,2008.0,0.0,Power Hitter,0,378.0,1878.0,0.8052073368234718,,,,17.0,5.0,0.06434360548933926,0
braunry02,Ryan Braun,Hitter,OF,Post-steroid,2007.0,2020.0,2025.0,0.0,Power Hitter,0,352.0,1963.0,0.8906191540628803,,,,20.0,5.0,0.06413564224416382,0
strawda01,Darryl Strawberry,Hitter,OF,Free-agency,1983.0,1999.0,2004.0,0.0,Power Hitter,0,335.0,1401.0,0.8618742677387774,,,,13.0,8.0,0.06343531787001196,0
jacobba01,Baby Doll Jacobson,Hitter,OF,Dead-ball,1915.0,1927.0,1932.0,3.0,Power Hitter 2,0,83.0,1714.0,0.8073819375546649,,,,0.0,,0.0633224764732819,0
hoydu01,Billy Hoy,Hitter,OF,19th century,1888.0,1902.0,1907.0,3.0,Power Hitter 2,0,40.0,2048.0,0.7597671378704021,,,,,,0.06301778182917699,0
meusebo01,Bob Meusel,Hitter,OF,Live-ball/pre-integration,1920.0,1930.0,1935.0,3.0,Power Hitter 2,0,156.0,1693.0,0.8524377308479338,,,,0.0,,0.06256242217723629,0
mertesa01,Sam Mertes,Hitter,OF,19th century,1896.0,1906.0,1911.0,3.0,Power Hitter 2,0,40.0,1227.0,0.7435933726638734,1.0,0.0,1.9285714285714284,,,0.06247354068452049,0
goodedw01,Dwight Gooden,Pitcher,P,Free-agency,1984.0,2000.0,2005.0,4.0,Workhorse Starting Pitcher,0,8.0,145.0,0.4738502518882789,194.0,3.0,3.5059509640561775,17.0,4.0,0.061891521132301563,0
smithel01,Elmer Smith,Two-Way,OF,19th century,1886.0,1901.0,1906.0,3.0,Power Hitter 2,0,37.0,1456.0,0.8314930082582275,75.0,0.0,3.346185623795098,,,0.06178707532093476,0
childcu01,Cupid Childs,Hitter,2B,19th century,1888.0,1901.0,1906.0,3.0,Power Hitter 2,0,20.0,1721.0,0.8048534080036082,,,,,,0.06070754794943278,0
valvejo01,Jose Valverde,Pitcher,P,Steroid,2003.0,2014.0,2019.0,1.0,Dominant Reliever / Closer,0,0.0,1.0,1.5,27.0,288.0,3.2696985721840295,8.0,3.0,0.05951875963312789,0
aloumo01,Moises Alou,Hitter,OF,Free-agency,1990.0,2008.0,2013.0,0.0,Power Hitter,0,332.0,2134.0,0.8850093943867551,,,,9.0,6.0,0.05941243664720645,0
jonesan01,Andruw Jones,Hitter,OF,Steroid,1996.0,2012.0,2017.0,0.0,Power Hitter,0,434.0,1933.0,0.822966046613895,,,,23.0,5.0,0.05931253994509798,0
myerbu01,Buddy Myer,Hitter,2B,Live-ball/pre-integration,1925.0,1941.0,1946.0,3.0,Power Hitter 2,0,38.0,2131.0,0.7954540953885973,,,,0.0,2.0,0.05903772542018774,0
corcoto01,Tommy Corcoran,Hitter,SS,19th century,1890.0,1907.0,1912.0,0.0,Power Hitter,0,34.0,2259.0,0.6251815468107055,,,,,,0.05893293145602,0
coopemo01,Mort Cooper,Pitcher,P,Live-ball/pre-integration,1938.0,1949.0,1954.0,4.0,Workhorse Starting Pitcher,0,6.0,127.0,0.4688912343373657,128.0,14.0,2.967946396233249,11.0,3.0,0.05850481693566765,0
clarkbo05,Bob Clarke,Hitter,C,Live-ball/pre-integration,1923.0,1948.0,1953.0,3.0,Power Hitter 2,0,7.0,462.0,0.5438585605028118,1.0,0.0,4.378378378378379,,0.0,0.05804631095718508,0
clarkwi02,Will Clark,Hitter,1B,Free-agency,1986.0,2000.0,2005.0,0.0,Power Hitter,0,284.0,2176.0,0.880139431911722,,,,19.0,6.0,0.0579708607308049,0
hinespa01,Paul Hines,Hitter,OF,19th century,1872.0,1891.0,1896.0,3.0,Power Hitter 2,0,57.0,2133.0,0.7492515516611902,0.0,0.0,0.0,1.0,,0.057561831423483416,0
ruckena01,Nap Rucker,Pitcher,P,Dead-ball,1907.0,1916.0,1921.0,4.0,Workhorse Starting Pitcher,0,1.0,157.0,0.4425319383838915,134.0,14.0,2.4211338759472354,7.0,,0.0573786987964349,0
whitech03,Chaney White,Hitter,CF,Live-ball/pre-integration,1920.0,1936.0,1941.0,3.0,Power Hitter 2,0,35.0,994.0,0.8049855535681018,0.0,0.0,6.75,,,0.05682642335758581,0
tobinja01,Jack Tobin,Hitter,OF,Dead-ball,1914.0,1927.0,1932.0,3.0,Power Hitter 2,0,64.0,1906.0,0.7835303395684008,,,,,,0.056246757495608875,0
devliar01,Art Devlin,Hitter,3B,Dead-ball,1904.0,1913.0,1918.0,3.0,Power Hitter 2,0,10.0,1185.0,0.7021571152377657,,,,5.0,,0.05581491855448736,0
keltnke01,Ken Keltner,Hitter,3B,Live-ball/pre-integration,1937.0,1950.0,1955.0,0.0,Power Hitter,0,163.0,1570.0,0.7784694754505556,,,,3.0,7.0,0.05562691175294731,0
glassja01,Jack Glasscock,Hitter,SS,19th century,1879.0,1895.0,1900.0,3.0,Power Hitter 2,0,27.0,2041.0,0.7115852643113596,0.0,0.0,6.428571428571429,,,0.05559753730162549,0
papeljo01,Jonathan Papelbon,Pitcher,P,Post-steroid,2005.0,2016.0,2021.0,1.0,Dominant Reliever / Closer,0,0.0,0.0,,41.0,368.0,2.443270555810749,5.0,6.0,0.05499460372016264,0
yanes01,Esteban Yan,Pitcher,P,Steroid,1996.0,2006.0,2011.0,0.0,Power Hitter,0,1.0,2.0,3.5,33.0,51.0,5.138542665388303,,,0.054709733943439615,0
lyonbr01,Brandon Lyon,Pitcher,P,Steroid,2001.0,2013.0,2018.0,0.0,Power Hitter,0,0.0,1.0,3.0,42.0,79.0,4.160958904109589,,,0.054709733943439615,0
leonadu02,Dutch Leonard,Two-Way,P,Live-ball/pre-integration,1933.0,1953.0,1958.0,4.0,Workhorse Starting Pitcher,0,0.0,177.0,0.3775438584115742,191.0,44.0,3.249508026929052,2.0,4.0,0.054523712437047935,0
pinsova01,Vada Pinson,Hitter,OF,Integration,1958.0,1975.0,1980.0,0.0,Power Hitter,0,256.0,2757.0,0.7691158932160282,,,,1.0,4.0,0.05425370372588626,0
tayloca99,Candy Jim Taylor,Hitter,3B,Dead-ball,1909.0,1942.0,1947.0,3.0,Power Hitter 2,0,37.0,575.0,0.7635243200328408,3.0,0.0,5.5,,,0.054253420780993156,0
stephri01,Riggs Stephenson,Hitter,OF,Live-ball/pre-integration,1921.0,1934.0,1939.0,3.0,Power Hitter 2,0,63.0,1515.0,0.8796628937895412,,,,0.0,,0.05380657652106884,0
beaumgi01,Ginger Beaumont,Hitter,OF,19th century,1899.0,1910.0,1915.0,3.0,Power Hitter 2,0,39.0,1759.0,0.7546400122504759,,,,,,0.053795493756383296,0
meuseir01,Irish Meusel,Hitter,OF,Dead-ball,1914.0,1927.0,1932.0,3.0,Power Hitter 2,0,106.0,1521.0,0.812723816869594,,,,0.0,,0.05366519331445871,0
hoskibi01,Bill Hoskins,Hitter,LF,Live-ball/pre-integration,1937.0,1946.0,1951.0,3.0,Power Hitter 2,0,37.0,452.0,0.8878677954286973,,,,,0.0,0.05350740155495297,0
bowala01,Larry Bowa,Hitter,SS,Expansion,1970.0,1985.0,1990.0,0.0,Power Hitter,0,15.0,2191.0,0.6198639516878488,,,,6.0,5.0,0.05342821806066361,0
henrito01,Tommy Henrich,Hitter,OF,Live-ball/pre-integration,1937.0,1950.0,1955.0,3.0,Power Hitter 2,0,183.0,1297.0,0.8731419400330127,,,,5.0,5.0,0.05333004160343118,0
cramedo01,Doc Cramer,Hitter,OF,Live-ball/pre-integration,1929.0,1948.0,1953.0,0.0,Power Hitter,0,37.0,2705.0,0.7154765374330201,0.0,0.0,4.5,2.0,5.0,0.05330934623079943,0
donovpa01,Patsy Donovan,Hitter,OF,19th century,1890.0,1907.0,1912.0,0.0,Power Hitter,0,16.0,2256.0,0.7022419277970477,,,,,,0.053030284300154176,0
darkal01,Al Dark,Hitter,SS,Live-ball/pre-integration,1946.0,1960.0,1965.0,3.0,Power Hitter 2,0,126.0,2089.0,0.7439626373139039,0.0,0.0,18.0,4.0,3.0,0.05268738802322984,0
kellech01,Charlie Keller,Hitter,OF,Live-ball/pre-integration,1939.0,1952.0,1957.0,0.0,Power Hitter,0,189.0,1085.0,0.9275821142254578,,,,3.0,5.0,0.052608228304702846,0
piercbi03,Bill Pierce,Hitter,1B,Dead-ball,1910.0,1924.0,1929.0,3.0,Power Hitter 2,0,18.0,373.0,0.8390599327578854,0.0,0.0,0.0,,,0.05256951224840843,0
wrighwi01,Wild Bill Wright,Hitter,RF,Live-ball/pre-integration,1932.0,1945.0,1950.0,3.0,Power Hitter 2,0,26.0,459.0,0.868245866316278,,,,,0.0,0.0516343434456481,0
schanwa01,Wally Schang,Hitter,C,Dead-ball,1913.0,1931.0,1936.0,3.0,Power Hitter 2,0,59.0,1506.0,0.7938937546928957,,,,3.0,,0.051414356296895995,0
cartejo01,Joe Carter,Hitter,OF,Free-agency,1983.0,1998.0,2003.0,0.0,Power Hitter,0,396.0,2184.0,0.770581355583936,,,,13.0,5.0,0.05137378115034956,0
phillde01,Deacon Phillippe,Two-Way,P,19th century,1899.0,1911.0,1916.0,4.0,Workhorse Starting Pitcher,0,3.0,185.0,0.4692503924646781,189.0,12.0,2.5857307249712314,,,0.05136376171386252,0
zimmehe01,Heinie Zimmerman,Hitter,3B,Dead-ball,1907.0,1919.0,1924.0,3.0,Power Hitter 2,0,58.0,1566.0,0.7500821135154525,,,,5.0,,0.05134773024380205,0
wellsda01,David Wells,Pitcher,P,Free-agency,1987.0,2007.0,2012.0,4.0,Workhorse Starting Pitcher,0,0.0,23.0,0.2888010865538956,239.0,13.0,4.129688863041582,4.0,3.0,0.05129715088856329,0
stiebda01,Dave Stieb,Pitcher,P,Free-agency,1979.0,1998.0,2003.0,4.0,Workhorse Starting Pitcher,0,0.0,0.0,0.0,176.0,3.0,3.4379461201934145,8.0,7.0,0.05093832655480987,0
davisha01,Harry Davis,Hitter,1B,19th century,1895.0,1917.0,1922.0,0.0,Power Hitter,0,75.0,1841.0,0.7434707919232215,,,,,,0.05084272792961087,0
bonilbo01,Bobby Bonilla,Hitter,3B,Free-agency,1986.0,2001.0,2006.0,2.0,Speed / Contact Profile,0,287.0,2010.0,0.8290855315948897,0.0,0.0,18.0,12.0,6.0,0.05076324939538443,0
koneted01,Ed Konetchy,Hitter,1B,Dead-ball,1907.0,1921.0,1926.0,0.0,Power Hitter,0,74.0,2150.0,0.7488803074135824,1.0,0.0,4.319999999999999,0.0,,0.05069582790084236,0
lollash01,Sherm Lollar,Hitter,C,Live-ball/pre-integration,1946.0,1963.0,1968.0,0.0,Power Hitter,0,155.0,1415.0,0.7588361062488043,,,,4.0,9.0,0.04994779387133969,0
howarel01,Elston Howard,Hitter,C,Integration,1955.0,1968.0,1973.0,0.0,Power Hitter,0,168.0,1491.0,0.748096226081614,,,,7.0,11.0,0.04994695594576099,0
mcquige02,George McQuinn,Hitter,1B,Live-ball/pre-integration,1936.0,1948.0,1953.0,3.0,Power Hitter 2,0,135.0,1588.0,0.7807621453770638,,,,1.0,6.0,0.04926223491375307,0
hardeme01,Mel Harder,Two-Way,P,Live-ball/pre-integration,1928.0,1947.0,1952.0,4.0,Workhorse Starting Pitcher,0,4.0,199.0,0.4088693927831024,223.0,23.0,3.800856114408016,2.0,4.0,0.04913876396448669,0
gonzami02,Mike Gonzalez,Pitcher,P,Steroid,2003.0,2013.0,2018.0,3.0,Power Hitter 2,0,0.0,1.0,1.0,17.0,56.0,3.1395348837209305,,,0.04913153035119364,0
oswalro01,Roy Oswalt,Pitcher,P,Steroid,2001.0,2013.0,2018.0,4.0,Workhorse Starting Pitcher,0,1.0,101.0,0.3617033948779035,163.0,0.0,3.35896674584323,8.0,3.0,0.048179088449351606,0
campsh01,Shawn Camp,Pitcher,P,Steroid,2004.0,2014.0,2019.0,3.0,Power Hitter 2,0,0.0,1.0,2.0,29.0,12.0,4.406302757456387,,,0.048154034675097185,0
wilsowi02,Willie Wilson,Hitter,OF,Free-agency,1976.0,1994.0,1999.0,0.0,Power Hitter,0,41.0,2207.0,0.7021866814720212,,,,5.0,2.0,0.048145538068673034,0
falkbi01,Bibb Falk,Hitter,OF,Live-ball/pre-integration,1920.0,1931.0,1936.0,3.0,Power Hitter 2,0,69.0,1463.0,0.8205886179258419,,,,0.0,,0.04810790535213134,0
mckeaed01,Ed McKean,Hitter,SS,19th century,1887.0,1899.0,1904.0,3.0,Power Hitter 2,0,67.0,2084.0,0.7812523392275832,,,,,,0.04716843749680559,0
pikeli01,Lip Pike,Hitter,OF,19th century,1871.0,1887.0,1892.0,3.0,Power Hitter 2,0,21.0,638.0,0.8078272601229162,,,,,,0.047114665957778724,0
millebi02,Bing Miller,Hitter,OF,Live-ball/pre-integration,1921.0,1936.0,1941.0,0.0,Power Hitter,0,116.0,1934.0,0.8199832871499164,,,,0.0,,0.047000740542374624,0
donovbi01,Bill Donovan,Two-Way,P,19th century,1898.0,1918.0,1923.0,4.0,Workhorse Starting Pitcher,0,7.0,251.0,0.4900031609243208,185.0,8.0,2.6896784348999327,1.0,,0.04613136506820699,0
oneilst01,Steve O'Neill,Hitter,C,Dead-ball,1911.0,1928.0,1933.0,3.0,Power Hitter 2,0,13.0,1259.0,0.6854035722447224,,,,9.0,,0.046048858323031086,0
fonsele01,Lew Fonseca,Hitter,1B,Live-ball/pre-integration,1921.0,1933.0,1938.0,3.0,Power Hitter 2,0,31.0,1075.0,0.787521998345835,0.0,0.0,0.0,1.0,,0.04602519716504305,0
frienbo01,Bob Friend,Two-Way,P,Integration,1951.0,1966.0,1971.0,4.0,Workhorse Starting Pitcher,0,2.0,138.0,0.2937719363137951,197.0,11.0,3.5840487399612297,1.0,4.0,0.045964314948756184,0
jenkifa01,Fats Jenkins,Hitter,LF,Live-ball/pre-integration,1920.0,1940.0,1945.0,3.0,Power Hitter 2,0,21.0,836.0,0.8424526188020157,,,,,0.0,0.04588608676793221,0
loftoke01,Kenny Lofton,Hitter,OF,Free-agency,1991.0,2007.0,2012.0,0.0,Power Hitter,0,130.0,2428.0,0.7944269971385343,,,,7.0,6.0,0.0456068924893082,0
lolicmi01,Mickey Lolich,Two-Way,P,Expansion,1963.0,1979.0,1984.0,4.0,Workhorse Starting Pitcher,0,0.0,90.0,0.3351769275404745,217.0,11.0,3.4383875400824553,2.0,3.0,0.04532502447404862,0
pappami01,Milt Pappas,Two-Way,P,Integration,1957.0,1973.0,1978.0,4.0,Workhorse Starting Pitcher,0,20.0,132.0,0.353507665880891,209.0,4.0,3.3983050847457625,0.0,3.0,0.044687501034449434,0
niekrjo01,Joe Niekro,Two-Way,P,Expansion,1967.0,1988.0,1993.0,4.0,Workhorse Starting Pitcher,0,1.0,152.0,0.3757008987253083,221.0,16.0,3.593470982142857,3.0,1.0,0.04429248014887075,0
pettubi01,Bill Pettus,Hitter,1B,Dead-ball,1909.0,1921.0,1926.0,3.0,Power Hitter 2,0,24.0,331.0,0.8581058043073826,0.0,0.0,4.909090909090909,,,0.04384981797428331,0
willicy01,Cy Williams,Hitter,OF,Dead-ball,1912.0,1930.0,1935.0,0.0,Power Hitter,0,251.0,1981.0,0.835082085228719,,,,3.0,,0.04360741464329576,0
houghch01,Charlie Hough,Pitcher,P,Expansion,1970.0,1994.0,1999.0,4.0,Workhorse Starting Pitcher,0,1.0,33.0,0.3450945987183399,216.0,61.0,3.745527884952648,2.0,1.0,0.043440854498779095,0
coombja01,Jack Coombs,Two-Way,P,Dead-ball,1906.0,1920.0,1925.0,4.0,Workhorse Starting Pitcher,0,4.0,261.0,0.5726558190843904,158.0,8.0,2.7814655172413794,3.0,,0.04339754955705379,0
fosteru99,Rube Foster,Pitcher,P,Dead-ball,1903.0,1917.0,1922.0,3.0,Power Hitter 2,0,4.0,131.0,0.7243506493506493,49.0,1.0,2.242073477604429,,,0.043278886067236684,0
abreubo01,Bobby Abreu,Hitter,OF,Steroid,1996.0,2014.0,2019.0,0.0,Power Hitter,0,288.0,2470.0,0.8697413198931679,,,,8.0,2.0,0.0432580690135761,0
finlech01,Chuck Finley,Pitcher,P,Free-agency,1986.0,2002.0,2007.0,4.0,Workhorse Starting Pitcher,0,0.0,3.0,0.1320754716981132,200.0,0.0,3.8450792326939114,8.0,5.0,0.04283185489483125,0
delgaca01,Carlos Delgado,Hitter,1B,Steroid,1993.0,2009.0,2014.0,0.0,Power Hitter,0,473.0,2038.0,0.9293180403011116,,,,19.0,2.0,0.04242512699129712,0
stahlch01,Chick Stahl,Hitter,OF,19th century,1897.0,1906.0,1911.0,3.0,Power Hitter 2,0,36.0,1546.0,0.7850356465338599,0.0,0.0,9.0,,,0.0423483944110704,0
bellwi01,William Bell,Pitcher,P,Live-ball/pre-integration,1923.0,1937.0,1942.0,3.0,Power Hitter 2,0,1.0,182.0,0.6067387920651603,123.0,10.0,3.3415265200517466,,,0.04178183856968579,0
lyonsde01,Denny Lyons,Hitter,3B,19th century,1885.0,1897.0,1902.0,3.0,Power Hitter 2,0,62.0,1334.0,0.8497181887879562,,,,,,0.04100162745747167,0
klingjo01,Johnny Kling,Hitter,C,Dead-ball,1900.0,1913.0,1918.0,3.0,Power Hitter 2,0,20.0,1154.0,0.6760701232018897,,,,4.0,,0.040362958775283446,0
bondsbo01,Bobby Bonds,Hitter,OF,Expansion,1968.0,1981.0,1986.0,0.0,Power Hitter,0,332.0,1886.0,0.8241785456696507,,,,8.0,3.0,0.03970313564891564,0
cedence01,Cesar Cedeno,Hitter,OF,Expansion,1970.0,1986.0,1991.0,0.0,Power Hitter,0,199.0,2087.0,0.7897288862177931,,,,12.0,4.0,0.03916183227020618,0
cuppyni01,George Cuppy,Two-Way,P,19th century,1892.0,1901.0,1906.0,4.0,Workhorse Starting Pitcher,0,1.0,223.0,0.6056927422457787,163.0,5.0,3.484888304862024,,,0.038512162638020035,0
mullige01,George Mullin,Two-Way,P,Dead-ball,1902.0,1915.0,1920.0,4.0,Workhorse Starting Pitcher,0,3.0,401.0,0.6628434049719452,228.0,8.0,2.8220614828209767,1.0,,0.038488990873590444,0
snowfe01,Felton Snow,Hitter,3B,Live-ball/pre-integration,1931.0,1947.0,1952.0,3.0,Power Hitter 2,0,12.0,545.0,0.6638450705821117,2.0,0.0,3.759493670886076,,0.0,0.038323252522910065,0
forstte01,Terry Forster,Pitcher,P,Expansion,1971.0,1986.0,1991.0,3.0,Power Hitter 2,0,0.0,31.0,0.8868589743589743,54.0,127.0,3.2315345191438043,2.0,,0.03816099048624367,0
grichbo01,Bobby Grich,Hitter,2B,Expansion,1970.0,1986.0,1991.0,0.0,Power Hitter,0,224.0,1833.0,0.7941739296729773,,,,9.0,6.0,0.03767630223756117,0
lopezal01,Al Lopez,Hitter,C,Live-ball/pre-integration,1928.0,1947.0,1952.0,3.0,Power Hitter 2,0,51.0,1547.0,0.6631093089250119,,,,3.0,2.0,0.03731781100235912,0
carrge01,George Carr,Hitter,1B,Live-ball/pre-integration,1920.0,1934.0,1939.0,3.0,Power Hitter 2,0,56.0,747.0,0.859597025152761,,,,,,0.03698816130039564,0
pattepa02,Pat Patterson,Hitter,2B,Live-ball/pre-integration,1934.0,1947.0,1952.0,3.0,Power Hitter 2,0,23.0,407.0,0.8678149039175502,,,,,0.0,0.03698816130039564,0
blackch03,Charlie Blackwell,Hitter,RF,Dead-ball,1916.0,1928.0,1933.0,3.0,Power Hitter 2,0,40.0,600.0,0.8852820566844586,,,,,,0.036979922062537925,0
raschvi01,Vic Raschi,Pitcher,P,Live-ball/pre-integration,1946.0,1955.0,1960.0,4.0,Workhorse Starting Pitcher,0,1.0,112.0,0.4598533547609482,132.0,3.0,3.7207256734469487,6.0,4.0,0.03684596057415607,0
sheckji01,Jimmy Sheckard,Hitter,OF,19th century,1897.0,1913.0,1918.0,0.0,Power Hitter,0,56.0,2084.0,0.7533220153360203,,,,0.0,,0.03682333791975197,0
reulbed01,Ed Reulbach,Pitcher,P,Dead-ball,1905.0,1917.0,1922.0,4.0,Workhorse Starting Pitcher,0,1.0,127.0,0.3869783038764445,182.0,13.0,2.2839052804862603,2.0,,0.03680431182591283,0
suttoez01,Ezra Sutton,Hitter,3B,19th century,1871.0,1888.0,1893.0,3.0,Power Hitter 2,0,25.0,1574.0,0.7024302588556226,0.0,0.0,10.5,,,0.03653898279777829,0
whiteea01,Earl Whitehill,Two-Way,P,Live-ball/pre-integration,1923.0,1939.0,1944.0,4.0,Workhorse Starting Pitcher,0,4.0,264.0,0.503066865417614,218.0,11.0,4.357770712549093,2.0,,0.03629085586343484,0
wrighda03,David Wright,Hitter,3B,Steroid,2004.0,2018.0,2023.0,0.0,Power Hitter,0,242.0,1777.0,0.8671250921583273,,,,13.0,7.0,0.03620476892384861,0
butlebr01,Brett Butler,Hitter,OF,Free-agency,1981.0,1997.0,2002.0,0.0,Power Hitter,0,54.0,2375.0,0.7529278195277463,,,,5.0,1.0,0.035575367807212405,0
smithge01,Germany Smith,Hitter,SS,19th century,1884.0,1898.0,1903.0,3.0,Power Hitter 2,0,47.0,1597.0,0.621508659326752,0.0,0.0,9.0,,,0.03555161740862582,0
burksel01,Ellis Burks,Hitter,OF,Free-agency,1987.0,2004.0,2009.0,0.0,Power Hitter,0,352.0,2107.0,0.87369449813765,,,,13.0,2.0,0.035047434313940876,0
bankhsa01,Sam Bankhead,Hitter,SS,Live-ball/pre-integration,1932.0,1948.0,1953.0,3.0,Power Hitter 2,0,19.0,702.0,0.727778387351387,2.0,0.0,4.363636363636363,,0.0,0.03478584593340652,0
wrighgl01,Glenn Wright,Hitter,SS,Live-ball/pre-integration,1924.0,1935.0,1940.0,3.0,Power Hitter 2,0,94.0,1219.0,0.7750487410476457,,,,3.0,,0.03470769268946116,0
poseybu01,Buster Posey,Hitter,C,Post-steroid,2009.0,2021.0,2026.0,0.0,Power Hitter,0,158.0,1500.0,0.8313247304016751,,,,26.0,7.0,0.03460355781860799,0
finlest01,Steve Finley,Hitter,OF,Free-agency,1989.0,2007.0,2012.0,0.0,Power Hitter,0,304.0,2548.0,0.7746155578941261,0.0,0.0,0.0,10.0,2.0,0.03423714691962328,0
hallmbi01,Bill Hallman,Hitter,2B,19th century,1888.0,1903.0,1908.0,3.0,Power Hitter 2,0,21.0,1641.0,0.674521318830963,0.0,0.0,18.0,,,0.03414590175755135,0
kessido01,Don Kessinger,Hitter,SS,Expansion,1964.0,1979.0,1984.0,0.0,Power Hitter,0,14.0,1931.0,0.6260260902223935,,,,6.0,6.0,0.03401692361239932,0
fernajo05,José María Fernández,Hitter,C,Dead-ball,1916.0,1947.0,1952.0,3.0,Power Hitter 2,0,4.0,484.0,0.672349730537243,1.0,0.0,2.1599999999999997,,,0.03353832301296956,0
powelbo01,Boog Powell,Hitter,1B,Expansion,1961.0,1977.0,1982.0,0.0,Power Hitter,0,339.0,1776.0,0.8222865808318104,,,,7.0,4.0,0.03323132568026231,0
hudsoti01,Tim Hudson,Pitcher,P,Steroid,1999.0,2015.0,2020.0,4.0,Workhorse Starting Pitcher,0,4.0,98.0,0.40965955363191,222.0,0.0,3.491577825159915,10.0,4.0,0.03317101428566559,0
ruelmu01,Muddy Ruel,Hitter,C,Dead-ball,1915.0,1934.0,1939.0,3.0,Power Hitter 2,0,4.0,1242.0,0.6966147828817327,,,,4.0,,0.03315985026104337,0
mccosba01,Barney McCosky,Hitter,OF,Live-ball/pre-integration,1939.0,1953.0,1958.0,3.0,Power Hitter 2,0,24.0,1301.0,0.8008368821996326,,,,0.0,,0.032651629645564555,0
byrdbi01,Bill Byrd,Pitcher,P,Live-ball/pre-integration,1933.0,1949.0,1954.0,3.0,Power Hitter 2,0,17.0,207.0,0.7136765153822724,101.0,11.0,3.5288554801163916,,0.0,0.03251586909995637,0
groatdi01,Dick Groat,Hitter,SS,Integration,1952.0,1967.0,1972.0,0.0,Power Hitter,0,39.0,2138.0,0.6962715777026155,,,,5.0,8.0,0.03226916614757708,0
robinne01,Neil Robinson,Hitter,CF,Live-ball/pre-integration,1934.0,1948.0,1953.0,3.0,Power Hitter 2,0,21.0,310.0,0.7990871117935858,,,,,0.0,0.031742010569198065,0
gilesge01,George Giles,Hitter,1B,Live-ball/pre-integration,1927.0,1938.0,1943.0,3.0,Power Hitter 2,0,11.0,574.0,0.8127074182927388,,,,,0.0,0.031480028625132155,0
kammwi01,Willie Kamm,Hitter,3B,Live-ball/pre-integration,1923.0,1935.0,1940.0,3.0,Power Hitter 2,0,29.0,1643.0,0.755866779491206,,,,4.0,,0.03118570479126435,0
winteni01,Nip Winters,Pitcher,P,Live-ball/pre-integration,1921.0,1932.0,1937.0,3.0,Power Hitter 2,0,13.0,205.0,0.7990655519259638,100.0,8.0,3.63515625,,,0.031032889392062047,0
posadjo01,Jorge Posada,Hitter,C,Steroid,1995.0,2011.0,2016.0,0.0,Power Hitter,0,275.0,1664.0,0.8481026737229227,,,,10.0,5.0,0.030960503895312512,0
welchcu01,Curt Welch,Hitter,OF,19th century,1884.0,1893.0,1898.0,2.0,Speed / Contact Profile,0,16.0,1152.0,0.6982076660226254,0.0,0.0,54.0,,,0.030726500367128325,0
phelpba01,Babe Phelps,Hitter,C,Live-ball/pre-integration,1931.0,1942.0,1947.0,3.0,Power Hitter 2,0,54.0,657.0,0.8348119712949651,,,,0.0,3.0,0.03070252056350315,0
reuscri01,Rick Reuschel,Two-Way,P,Expansion,1972.0,1991.0,1996.0,4.0,Workhorse Starting Pitcher,0,4.0,187.0,0.418922309129339,214.0,5.0,3.3734147487083135,11.0,3.0,0.03054290033236572,0
rolfere01,Red Rolfe,Hitter,3B,Live-ball/pre-integration,1931.0,1942.0,1947.0,3.0,Power Hitter 2,0,69.0,1394.0,0.7725518877069792,,,,7.0,4.0,0.030423760328227696,0
davissp01,Virgil Davis,Hitter,C,Live-ball/pre-integration,1928.0,1945.0,1950.0,3.0,Power Hitter 2,0,77.0,1312.0,0.7991785219190602,,,,0.0,,0.03022372608843616,0
koosmje01,Jerry Koosman,Two-Way,P,Expansion,1967.0,1985.0,1990.0,4.0,Workhorse Starting Pitcher,0,2.0,109.0,0.2922441107590577,222.0,17.0,3.3591769404410488,4.0,2.0,0.030184090538770737,0
fieldpr01,Prince Fielder,Hitter,1B,Post-steroid,2005.0,2016.0,2021.0,0.0,Power Hitter,0,319.0,1645.0,0.8873138620430969,,,,20.0,6.0,0.029991757619974316,0
baylodo01,Don Baylor,Hitter,DH,Expansion,1970.0,1988.0,1993.0,0.0,Power Hitter,0,338.0,2135.0,0.7773095507915895,,,,16.0,1.0,0.02994133341363813,0
stoneed01,Ed Stone,Hitter,RF,Live-ball/pre-integration,1934.0,1946.0,1951.0,3.0,Power Hitter 2,0,28.0,458.0,0.8546198226125894,,,,,0.0,0.029781028238529076,0
buehrma01,Mark Buehrle,Pitcher,P,Steroid,2000.0,2015.0,2020.0,4.0,Workhorse Starting Pitcher,0,1.0,9.0,0.1986141732283464,214.0,0.0,3.812893401015229,10.0,5.0,0.029533809658238448,0
heathje01,Jeff Heath,Hitter,OF,Live-ball/pre-integration,1936.0,1949.0,1954.0,0.0,Power Hitter,0,194.0,1447.0,0.8788471199203831,,,,4.0,2.0,0.029511687053328187,0
reussje01,Jerry Reuss,Two-Way,P,Expansion,1969.0,1990.0,1995.0,4.0,Workhorse Starting Pitcher,0,1.0,171.0,0.4152030109489051,220.0,11.0,3.637115087655555,5.0,2.0,0.029139868613261694,0
austiji01,Jimmy Austin,Hitter,3B,Dead-ball,1909.0,1929.0,1934.0,3.0,Power Hitter 2,0,13.0,1328.0,0.6402459944927048,,,,0.0,,0.029124396247581102,0
selbaki01,Kip Selbach,Hitter,OF,19th century,1894.0,1906.0,1911.0,3.0,Power Hitter 2,0,44.0,1807.0,0.7883950792563764,,,,,,0.02907363978262494,0
burnsoy01,Thomas Burns,Hitter,OF,19th century,1884.0,1895.0,1900.0,3.0,Power Hitter 2,0,65.0,1392.0,0.8137747029377032,8.0,4.0,4.0889423076923075,,,0.0289357199346065,0
gilliji01,Jim Gilliam,Hitter,2B,Integration,1953.0,1966.0,1971.0,3.0,Power Hitter 2,0,65.0,2021.0,0.7154768068295667,,,,3.0,2.0,0.0288496179807969,0
hershor01,Orel Hershiser,Pitcher,P,Free-agency,1983.0,2000.0,2005.0,4.0,Workhorse Starting Pitcher,0,0.0,163.0,0.4719281388306545,204.0,5.0,3.4817378340964753,20.0,3.0,0.02884185722854949,0
youngmi02,Michael Young,Hitter,SS,Steroid,2000.0,2013.0,2018.0,0.0,Power Hitter,0,185.0,2375.0,0.7869987418789183,,,,8.0,7.0,0.028456869770882413,0
bergewa01,Wally Berger,Hitter,OF,Live-ball/pre-integration,1930.0,1940.0,1945.0,0.0,Power Hitter,0,242.0,1550.0,0.8805384837546515,,,,5.0,4.0,0.028237275536202307,0
cuellmi01,Mike Cuellar,Pitcher,P,Integration,1959.0,1977.0,1982.0,4.0,Workhorse Starting Pitcher,0,7.0,76.0,0.2987391340510236,185.0,11.0,3.1378205128205128,4.0,4.0,0.027971665976758747,0
duganjo01,Joe Dugan,Hitter,3B,Dead-ball,1917.0,1931.0,1936.0,3.0,Power Hitter 2,0,42.0,1516.0,0.6888007645272827,,,,5.0,,0.027968215954125162,0
osteecl01,Claude Osteen,Two-Way,P,Integration,1957.0,1975.0,1980.0,4.0,Workhorse Starting Pitcher,0,8.0,207.0,0.4665199940867181,196.0,1.0,3.2979481745496577,0.0,3.0,0.027931615510233203,0
ohmanwi01,Will Ohman,Pitcher,P,Steroid,2000.0,2012.0,2017.0,3.0,Power Hitter 2,0,0.0,2.0,0.9,12.0,3.0,4.28328611898017,,,0.027843170149162703,0
simmocu01,Curt Simmons,Two-Way,P,Integration,1947.0,1967.0,1972.0,4.0,Workhorse Starting Pitcher,0,1.0,194.0,0.4082719446822425,193.0,5.0,3.542658038825286,0.0,3.0,0.027816846569187655,0
davisch01,Chili Davis,Hitter,OF,Free-agency,1981.0,1999.0,2004.0,0.0,Power Hitter,0,350.0,2380.0,0.8110490312227265,0.0,0.0,0.0,7.0,3.0,0.0276950842692582,0
amesre01,Red Ames,Two-Way,P,Dead-ball,1903.0,1919.0,1924.0,4.0,Workhorse Starting Pitcher,0,3.0,143.0,0.363337461584331,183.0,36.0,2.628517823639775,,,0.027679848333788153,0
altroni01,Nick Altrock,Pitcher,P,19th century,1898.0,1933.0,1938.0,4.0,Workhorse Starting Pitcher,0,2.0,97.0,0.4394761171032357,83.0,7.0,2.645310435931308,,,0.027609866501504106,0
davisst04,Steel Arm Davis,Hitter,1B,Live-ball/pre-integration,1920.0,1935.0,1940.0,3.0,Power Hitter 2,0,27.0,502.0,0.8537426605669824,5.0,1.0,5.574898785425102,,0.0,0.026846343332526307,0
cashno01,Norm Cash,Hitter,1B,Integration,1958.0,1974.0,1979.0,0.0,Power Hitter,0,377.0,1820.0,0.8624212942059781,,,,4.0,5.0,0.02682012389796954,0
durhara01,Ray Durham,Hitter,2B,Steroid,1995.0,2008.0,2013.0,0.0,Power Hitter,0,192.0,2054.0,0.7878005897195528,,,,2.0,2.0,0.02662171139396702,0
burdele01,Lew Burdette,Two-Way,P,Integration,1950.0,1967.0,1972.0,4.0,Workhorse Starting Pitcher,0,12.0,185.0,0.4690487577272062,203.0,31.0,3.655944359921756,2.0,3.0,0.026616822428955626,0
stantmi02,Mike Stanton,Pitcher,P,Free-agency,1989.0,2007.0,2012.0,3.0,Power Hitter 2,0,0.0,8.0,0.735,68.0,84.0,3.9183123877917416,0.0,1.0,0.02654303315658286,0
fitzsfr01,Freddie Fitzsimmons,Two-Way,P,Live-ball/pre-integration,1925.0,1943.0,1948.0,4.0,Workhorse Starting Pitcher,0,14.0,231.0,0.5113460183227625,217.0,13.0,3.5093578740564575,1.0,,0.02597593559667044,0
thomacl03,Clint Thomas,Hitter,CF,Live-ball/pre-integration,1920.0,1938.0,1943.0,3.0,Power Hitter 2,0,65.0,948.0,0.8269520893296176,,,,,,0.025910051645465525,0
bartedi01,Dick Bartell,Hitter,SS,Live-ball/pre-integration,1927.0,1946.0,1951.0,0.0,Power Hitter,0,79.0,2165.0,0.7466053860229804,,,,2.0,2.0,0.025691002942024036,0
hensleg01,Eggie Hensley,Pitcher,P,Live-ball/pre-integration,1922.0,1939.0,1944.0,3.0,Power Hitter 2,0,10.0,99.0,0.613492650078016,85.0,8.0,4.173756740563211,,,0.025554711578179047,0
matlole01,Leroy Matlock,Pitcher,P,Live-ball/pre-integration,1929.0,1938.0,1943.0,3.0,Power Hitter 2,0,3.0,83.0,0.5713969030154848,53.0,2.0,3.934615384615384,,0.0,0.02527439421770894,0
kinslia01,Ian Kinsler,Hitter,2B,Post-steroid,2006.0,2019.0,2024.0,0.0,Power Hitter,0,257.0,1999.0,0.777013881364583,0.0,0.0,0.0,4.0,4.0,0.025119263604504765,0
prattde01,Del Pratt,Hitter,2B,Dead-ball,1912.0,1924.0,1929.0,3.0,Power Hitter 2,0,43.0,1996.0,0.7481914086309015,,,,0.0,,0.025084114969040065,0
evansda01,Darrell Evans,Hitter,3B,Expansion,1969.0,1989.0,1994.0,0.0,Power Hitter,0,414.0,2223.0,0.7917749427963523,,,,6.0,2.0,0.025016203889195433,0
howarfr01,Frank Howard,Hitter,OF,Integration,1958.0,1973.0,1978.0,0.0,Power Hitter,0,382.0,1774.0,0.8510495239195073,,,,5.0,4.0,0.02437774460993778,0
olerujo01,John Olerud,Hitter,1B,Free-agency,1989.0,2005.0,2010.0,0.0,Power Hitter,0,255.0,2239.0,0.8629301945339831,,,,11.0,2.0,0.024350889674804067,0
dimagdo01,Dom DiMaggio,Hitter,OF,Live-ball/pre-integration,1940.0,1953.0,1958.0,3.0,Power Hitter 2,0,87.0,1680.0,0.8022452645961113,,,,2.0,7.0,0.024306530772227723,0
wileydo01,Doc Wiley,Hitter,C,Dead-ball,1910.0,1923.0,1928.0,3.0,Power Hitter 2,0,6.0,229.0,0.7758447536353175,0.0,0.0,2.3478260869565215,,,0.024263168076577368,0
brownla02,Larry Brown,Hitter,C,Live-ball/pre-integration,1923.0,1947.0,1952.0,3.0,Power Hitter 2,0,14.0,645.0,0.6897974382321882,,,,,0.0,0.02424367459641204,0
pascuca02,Camilo Pascual,Two-Way,P,Integration,1954.0,1971.0,1976.0,4.0,Workhorse Starting Pitcher,0,5.0,198.0,0.5063347846315444,174.0,10.0,3.6329617834394905,0.0,6.0,0.024032908461576397,0
damonjo01,Johnny Damon,Hitter,OF,Steroid,1995.0,2012.0,2017.0,0.0,Power Hitter,0,235.0,2769.0,0.7847603245005152,,,,7.0,2.0,0.02393837529374908,0
mitchda01,Dale Mitchell,Hitter,OF,Live-ball/pre-integration,1946.0,1956.0,1961.0,3.0,Power Hitter 2,0,41.0,1244.0,0.7840152121400732,,,,0.0,2.0,0.023779807982086162,0
perryji01,Jim Perry,Pitcher,P,Integration,1959.0,1975.0,1980.0,4.0,Workhorse Starting Pitcher,0,5.0,177.0,0.4756714345044867,215.0,10.0,3.4458760271888,2.0,3.0,0.023648492730425005,0
hudspro01,Robert Hudspeth,Hitter,1B,Live-ball/pre-integration,1920.0,1932.0,1937.0,3.0,Power Hitter 2,0,42.0,523.0,0.8363053995738237,,,,,,0.023426653772943822,0
gansju01,Judy Gans,Hitter,LF,Dead-ball,1911.0,1925.0,1930.0,3.0,Power Hitter 2,0,4.0,294.0,0.6403153126608288,9.0,1.0,2.9872340425531916,,,0.02335491220372569,0
teixema01,Mark Teixeira,Hitter,1B,Steroid,2003.0,2016.0,2021.0,0.0,Power Hitter,0,409.0,1862.0,0.8694411427835917,,,,17.0,3.0,0.023274532450462508,0
adamsem01,Emery Adams,Pitcher,P,Live-ball/pre-integration,1932.0,1947.0,1952.0,3.0,Power Hitter 2,0,0.0,118.0,0.795354307556601,28.0,1.0,4.568285280728376,,0.0,0.023227518031621847,0
gonzaad01,Adrian Gonzalez,Hitter,1B,Steroid,2004.0,2018.0,2023.0,0.0,Power Hitter,0,317.0,2050.0,0.8428222019838467,,,,16.0,5.0,0.02307345665901788,0
daviswi02,Willie Davis,Hitter,OF,Integration,1960.0,1979.0,1984.0,0.0,Power Hitter,0,182.0,2561.0,0.7229362399615354,,,,5.0,2.0,0.022998833914470353,0
schulfr01,Frank Schulte,Hitter,OF,Dead-ball,1904.0,1918.0,1923.0,3.0,Power Hitter 2,0,92.0,1766.0,0.7264033913609589,,,,4.0,,0.022733576297011403,0
frencla01,Larry French,Two-Way,P,Live-ball/pre-integration,1929.0,1942.0,1947.0,4.0,Workhorse Starting Pitcher,0,1.0,199.0,0.4524416637590608,197.0,17.0,3.443527918781726,1.0,1.0,0.02261733318782106,0
polessp01,Spottswood Poles,Hitter,CF,Dead-ball,1912.0,1923.0,1928.0,3.0,Power Hitter 2,0,3.0,321.0,0.7737828389971848,,,,,,0.02260376798625139,0
colemvi01,Vince Coleman,Hitter,OF,Free-agency,1985.0,1997.0,2002.0,3.0,Power Hitter 2,0,28.0,1425.0,0.6683252988067969,,,,3.0,2.0,0.02258426142843791,0
adamsba01,Babe Adams,Two-Way,P,Dead-ball,1906.0,1926.0,1931.0,4.0,Workhorse Starting Pitcher,0,3.0,216.0,0.5322982621889596,194.0,15.0,2.7552860004451367,2.0,,0.022485129780991594,0
reardje01,Jeff Reardon,Pitcher,P,Free-agency,1979.0,1994.0,1999.0,1.0,Dominant Reliever / Closer,0,0.0,5.0,0.2087114337568058,73.0,367.0,3.155431262879011,6.0,4.0,0.02240412304718498,0
camildo01,Dolph Camilli,Hitter,1B,Live-ball/pre-integration,1933.0,1945.0,1950.0,0.0,Power Hitter,0,239.0,1482.0,0.8799612408226964,,,,5.0,2.0,0.022308620463007585,0
portuba01,Bartolo Portuondo,Hitter,3B,Dead-ball,1916.0,1927.0,1932.0,3.0,Power Hitter 2,0,1.0,453.0,0.6137094166650817,1.0,0.0,1.0,,,0.022281034091504604,0
vosmijo01,Joe Vosmik,Hitter,OF,Live-ball/pre-integration,1930.0,1944.0,1949.0,3.0,Power Hitter 2,0,65.0,1682.0,0.806934916087177,,,,2.0,1.0,0.022227497277955498,0
walkeed02,Edsall Walker,Pitcher,P,Live-ball/pre-integration,1936.0,1945.0,1950.0,3.0,Power Hitter 2,0,6.0,80.0,0.7372679045092838,54.0,6.0,4.284035259549461,,0.0,0.022207294660370226,0
gorege01,George Gore,Hitter,OF,19th century,1879.0,1892.0,1897.0,3.0,Power Hitter 2,0,46.0,1612.0,0.797145507978072,,,,,,0.022198046901564673,0
brechha01,Harry Brecheen,Pitcher,P,Live-ball/pre-integration,1940.0,1953.0,1958.0,4.0,Workhorse Starting Pitcher,0,2.0,129.0,0.4813070840862224,133.0,18.0,2.9156037043508647,5.0,2.0,0.022065368452417588,0
critzhu01,Hughie Critz,Hitter,2B,Live-ball/pre-integration,1924.0,1935.0,1940.0,3.0,Power Hitter 2,0,38.0,1591.0,0.6557528368321923,,,,0.0,,0.022045263867058414,0
wiltsho01,Hooks Wiltse,Pitcher,P,Dead-ball,1904.0,1915.0,1920.0,4.0,Workhorse Starting Pitcher,0,2.0,156.0,0.5206241588156124,139.0,33.0,2.471200883698911,,,0.021978628619298116,0
rojoju01,Julio Rojo,Hitter,C,Dead-ball,1916.0,1930.0,1935.0,3.0,Power Hitter 2,0,10.0,451.0,0.6854072307850274,2.0,0.0,7.666666666666667,,,0.02196286852863529,0
grimmch01,Charlie Grimm,Hitter,1B,Dead-ball,1916.0,1936.0,1941.0,0.0,Power Hitter,0,79.0,2299.0,0.7384471029791226,,,,2.0,,0.021924063308427038,0
hargrbu01,Bubbles Hargrave,Hitter,C,Dead-ball,1913.0,1930.0,1935.0,3.0,Power Hitter 2,0,29.0,786.0,0.8236728810187197,,,,0.0,,0.02183517922171665,0
whitefr01,Frank White,Hitter,2B,Expansion,1973.0,1990.0,1995.0,0.0,Power Hitter,0,160.0,2006.0,0.6754860962839639,,,,12.0,5.0,0.021712015135081596,0
newcodo01,Don Newcombe,Two-Way,P,Integration,1949.0,1960.0,1965.0,4.0,Workhorse Starting Pitcher,0,15.0,246.0,0.6976456250053831,153.0,7.0,3.568758344459279,8.0,4.0,0.021615219237775485,0
cravaga01,Gavvy Cravath,Hitter,OF,Dead-ball,1908.0,1920.0,1925.0,3.0,Power Hitter 2,0,119.0,1134.0,0.8576222269051386,,,,2.0,,0.021543576279146444,0
peskyjo01,Johnny Pesky,Hitter,SS,Live-ball/pre-integration,1942.0,1954.0,1959.0,3.0,Power Hitter 2,0,17.0,1455.0,0.7803479381068392,,,,2.0,1.0,0.021505675808699602,0
bushjo01,Bullet Joe Bush,Two-Way,P,Dead-ball,1912.0,1928.0,1933.0,4.0,Workhorse Starting Pitcher,0,7.0,313.0,0.6279145021077119,195.0,20.0,3.512740228892248,2.0,,0.021457416211707558,0
beckejo02,Josh Beckett,Pitcher,P,Steroid,2001.0,2014.0,2019.0,4.0,Workhorse Starting Pitcher,0,3.0,41.0,0.3900295607140402,138.0,0.0,3.87908337396392,6.0,3.0,0.021276800684262746,0
bradlge01,George Bradley,Two-Way,P,19th century,1875.0,1888.0,1893.0,4.0,Workhorse Starting Pitcher,0,3.0,518.0,0.5382139974607256,172.0,2.0,2.433673469387755,,,0.021257257826206345,0
sainjo01,Johnny Sain,Pitcher,P,Live-ball/pre-integration,1942.0,1955.0,1960.0,4.0,Workhorse Starting Pitcher,0,3.0,190.0,0.5736175710594316,139.0,51.0,3.488787831268622,5.0,3.0,0.021177884965038876,0
stonejo01,John Stone,Hitter,OF,Live-ball/pre-integration,1928.0,1938.0,1943.0,3.0,Power Hitter 2,0,77.0,1391.0,0.842817994933071,,,,0.0,,0.021091859589657886,0
santibe01,Benito Santiago,Hitter,C,Free-agency,1986.0,2005.0,2010.0,0.0,Power Hitter,0,217.0,1830.0,0.722042105431802,,,,13.0,5.0,0.02097244856521888,0
dalyto01,Tom Daly,Hitter,2B,19th century,1884.0,1903.0,1908.0,3.0,Power Hitter 2,0,49.0,1583.0,0.7462290374172735,,,,,,0.020827848202267855,0
marshmi01,Mike Marshall,Pitcher,P,Expansion,1967.0,1981.0,1986.0,1.0,Dominant Reliever / Closer,0,1.0,35.0,0.4842087532635243,97.0,188.0,3.1413461538461536,8.0,2.0,0.020824833253419172,0
comisch01,Charlie Comiskey,Hitter,1B,19th century,1882.0,1894.0,1899.0,3.0,Power Hitter 2,0,28.0,1529.0,0.630431866561689,0.0,0.0,0.7297297297297297,,,0.020803894593900307,0
rogerke01,Kenny Rogers,Pitcher,P,Free-agency,1989.0,2008.0,2013.0,4.0,Workhorse Starting Pitcher,0,0.0,9.0,0.3675324675324675,219.0,28.0,4.272910779168349,8.0,4.0,0.020625860921259943,0
mostijo01,Johnny Mostil,Hitter,OF,Dead-ball,1918.0,1929.0,1934.0,3.0,Power Hitter 2,0,23.0,1054.0,0.812096462671565,,,,3.0,,0.020558272563758365,0
crowdal01,General Crowder,Pitcher,P,Live-ball/pre-integration,1926.0,1936.0,1941.0,4.0,Workhorse Starting Pitcher,0,0.0,164.0,0.45405797411145,167.0,22.0,4.115455708801365,5.0,1.0,0.020557968330100367,0
mccanbr01,Brian McCann,Hitter,C,Post-steroid,2005.0,2019.0,2024.0,0.0,Power Hitter,0,282.0,1590.0,0.7885625811677027,,,,9.0,7.0,0.02048227399059442,0
stirnsn01,Snuffy Stirnweiss,Hitter,2B,Live-ball/pre-integration,1943.0,1952.0,1957.0,3.0,Power Hitter 2,0,29.0,989.0,0.7325940287823486,,,,5.0,1.0,0.020457525894026593,0
alouma01,Matty Alou,Hitter,OF,Integration,1960.0,1974.0,1979.0,3.0,Power Hitter 2,0,31.0,1777.0,0.7255930893350464,0.0,0.0,0.0,1.0,2.0,0.020299956859813967,0
coneda01,David Cone,Pitcher,P,Free-agency,1986.0,2003.0,2008.0,4.0,Workhorse Starting Pitcher,0,0.0,64.0,0.3693140956490471,194.0,1.0,3.461936522539099,11.0,5.0,0.020031725635590473,0
mothedi01,Dink Mothell,Hitter,2B,Live-ball/pre-integration,1920.0,1934.0,1939.0,3.0,Power Hitter 2,0,18.0,571.0,0.7308513039374602,1.0,0.0,0.0,,,0.01996917834135924,0
luquedo01,Dolf Luque,Two-Way,P,Dead-ball,1914.0,1935.0,1940.0,4.0,Workhorse Starting Pitcher,0,5.0,237.0,0.5734262990347444,194.0,28.0,3.24469516613187,2.0,,0.019944935032149714,0
willibe02,Bernie Williams,Hitter,OF,Free-agency,1991.0,2006.0,2011.0,0.0,Power Hitter,0,287.0,2336.0,0.8582473632319206,,,,14.0,5.0,0.019851764936244968,0
griffmi01,Mike Griffin,Hitter,OF,19th century,1887.0,1898.0,1903.0,3.0,Power Hitter 2,0,42.0,1755.0,0.7950161185036653,,,,,,0.01982953037529079,0
reynocr01,Craig Reynolds,Hitter,SS,Expansion,1975.0,1989.0,1994.0,2.0,Speed / Contact Profile,0,42.0,1142.0,0.6358301455077291,0.0,0.0,27.0,,2.0,0.01956375921149338,0
gibsoge01,George Gibson,Hitter,C,Dead-ball,1905.0,1918.0,1923.0,3.0,Power Hitter 2,0,15.0,893.0,0.6067355053235597,,,,4.0,,0.019416534684696368,0
davisch02,Chris Davis,Hitter,1B,Post-steroid,2008.0,2020.0,2025.0,0.0,Power Hitter,0,295.0,1160.0,0.7735939358974477,1.0,0.0,3.0,8.0,1.0,0.019376317961017176,0
anderga01,Garret Anderson,Hitter,OF,Steroid,1994.0,2010.0,2015.0,0.0,Power Hitter,0,287.0,2529.0,0.7847689024685969,,,,9.0,3.0,0.019281401556483724,0
higgipi01,Pinky Higgins,Hitter,3B,Live-ball/pre-integration,1930.0,1946.0,1951.0,0.0,Power Hitter,0,140.0,1941.0,0.797991234336031,,,,5.0,3.0,0.019154065445983366,0
edmonji01,Jim Edmonds,Hitter,OF,Steroid,1993.0,2010.0,2015.0,0.0,Power Hitter,0,393.0,1949.0,0.9030312710283864,,,,21.0,4.0,0.01909902876841639,0
pierrju01,Juan Pierre,Hitter,OF,Steroid,2000.0,2013.0,2018.0,3.0,Power Hitter 2,0,18.0,2217.0,0.7037787410640814,,,,0.0,,0.019000049323517596,0
fothebo01,Bob Fothergill,Hitter,OF,Live-ball/pre-integration,1922.0,1933.0,1938.0,3.0,Power Hitter 2,0,36.0,1064.0,0.8275376467337809,,,,0.0,,0.018883022760247666,0
milledo02,Dots Miller,Hitter,1B,Dead-ball,1909.0,1921.0,1926.0,3.0,Power Hitter 2,0,32.0,1526.0,0.6709618439700455,,,,0.0,,0.018591214871367397,0
bennesa01,Sam Bennett,Hitter,CF,Dead-ball,1910.0,1925.0,1930.0,3.0,Power Hitter 2,0,11.0,230.0,0.8291333242913332,,,,,,0.018540947991814168,0
hickmch01,Charlie Hickman,Hitter,1B,19th century,1897.0,1908.0,1913.0,3.0,Power Hitter 2,0,59.0,1176.0,0.7707693205161361,10.0,4.0,4.281081081081081,,,0.01850458465376609,0
richaha01,Hardy Richardson,Hitter,2B,19th century,1879.0,1892.0,1897.0,3.0,Power Hitter 2,0,73.0,1694.0,0.7809355925850229,3.0,0.0,3.9375,,,0.01836887716852279,0
quiseda01,Dan Quisenberry,Pitcher,P,Free-agency,1979.0,1990.0,1995.0,1.0,Dominant Reliever / Closer,0,0.0,1.0,0.4523809523809523,56.0,244.0,2.76038338658147,11.0,3.0,0.018260022646783444,0
garrra01,Ralph Garr,Hitter,OF,Expansion,1968.0,1980.0,1985.0,3.0,Power Hitter 2,0,75.0,1562.0,0.7551153156339202,,,,3.0,1.0,0.018256129462097,0
wettejo01,John Wetteland,Pitcher,P,Free-agency,1989.0,2000.0,2005.0,1.0,Dominant Reliever / Closer,0,1.0,7.0,0.4523809523809523,48.0,330.0,2.929411764705882,6.0,3.0,0.01800518514987884,0
guilloz01,Ozzie Guillen,Hitter,SS,Free-agency,1985.0,2000.0,2005.0,3.0,Power Hitter 2,0,28.0,1764.0,0.6256407048848955,,,,3.0,3.0,0.017967452702575975,0
fregoji01,Jim Fregosi,Hitter,SS,Expansion,1961.0,1978.0,1983.0,0.0,Power Hitter,0,151.0,1726.0,0.7361394294485741,,,,3.0,6.0,0.017914005564283113,0
turnete01,Terry Turner,Hitter,SS,Dead-ball,1901.0,1919.0,1924.0,3.0,Power Hitter 2,0,8.0,1499.0,0.6261707156750105,,,,0.0,,0.01776761758816516,0
ramirar01,Aramis Ramirez,Hitter,3B,Steroid,1998.0,2015.0,2020.0,0.0,Power Hitter,0,386.0,2303.0,0.8331111284058789,,,,7.0,3.0,0.01774362844384784,0
bressru01,Rube Bressler,Two-Way,OF,Dead-ball,1914.0,1932.0,1937.0,3.0,Power Hitter 2,0,32.0,1170.0,0.7912211963556939,26.0,2.0,3.4,0.0,,0.017659309760460536,0
smithcl02,Clarence Smith,Hitter,RF,Live-ball/pre-integration,1921.0,1933.0,1938.0,3.0,Power Hitter 2,0,29.0,709.0,0.8075790783857744,0.0,0.0,10.8,,,0.01763267161011434,0
kuheljo01,Joe Kuhel,Hitter,1B,Live-ball/pre-integration,1930.0,1947.0,1952.0,0.0,Power Hitter,0,131.0,2212.0,0.7645667459544213,,,,0.0,,0.017608982359624117,0
radclte01,Ted Radcliffe,Two-Way,C,Live-ball/pre-integration,1928.0,1946.0,1951.0,3.0,Power Hitter 2,0,21.0,386.0,0.6811420313094362,45.0,10.0,4.1302702702702705,,0.0,0.01749464824619974,0
whitedo01,Doc White,Two-Way,P,Dead-ball,1901.0,1913.0,1918.0,4.0,Workhorse Starting Pitcher,0,2.0,278.0,0.5564624316370665,189.0,5.0,2.3913186451825057,,,0.01739747722601853,0
welchbo01,Bob Welch,Pitcher,P,Free-agency,1978.0,1994.0,1999.0,4.0,Workhorse Starting Pitcher,0,2.0,88.0,0.3625260271189884,211.0,8.0,3.4666882276843465,5.0,2.0,0.017315827505760786,0
nashbi01,Billy Nash,Hitter,3B,19th century,1884.0,1898.0,1903.0,3.0,Power Hitter 2,0,60.0,1616.0,0.7487180136909904,0.0,0.0,0.0,,,0.017309095768254873,0
wakefti01,Tim Wakefield,Pitcher,P,Free-agency,1992.0,2011.0,2016.0,4.0,Workhorse Starting Pitcher,0,1.0,13.0,0.3099882491186839,200.0,22.0,4.413059200330612,6.0,1.0,0.01723977976859676,0
mclaide01,Denny McLain,Pitcher,P,Expansion,1963.0,1972.0,1977.0,4.0,Workhorse Starting Pitcher,0,1.0,82.0,0.3184888754656196,131.0,2.0,3.3928950159066806,8.0,3.0,0.017086204531308526,0
hawlepi01,Pink Hawley,Two-Way,P,19th century,1892.0,1901.0,1906.0,4.0,Workhorse Starting Pitcher,0,11.0,297.0,0.6150745521484833,167.0,3.0,3.961274618278381,,,0.017040561173915593,0
milancl01,Clyde Milan,Hitter,OF,Dead-ball,1907.0,1922.0,1927.0,3.0,Power Hitter 2,0,17.0,2100.0,0.7061035502905133,,,,0.0,,0.01696573640480668,0
currygo01,Goose Curry,Two-Way,RF,Live-ball/pre-integration,1928.0,1947.0,1952.0,3.0,Power Hitter 2,0,26.0,568.0,0.8336196859455545,27.0,1.0,5.591911764705882,,0.0,0.016868047717213515,0
burgesm01,Smoky Burgess,Hitter,C,Integration,1949.0,1967.0,1972.0,0.0,Power Hitter,0,126.0,1318.0,0.8071379109818833,,,,1.0,9.0,0.016803166908524972,0
killefr01,Frank Killen,Two-Way,P,19th century,1891.0,1900.0,1905.0,4.0,Workhorse Starting Pitcher,0,11.0,241.0,0.6720552606530005,164.0,0.0,3.777276347225909,,,0.01671567435739079,0
leecl02,Cliff Lee,Pitcher,P,Steroid,2002.0,2014.0,2019.0,4.0,Workhorse Starting Pitcher,0,2.0,51.0,0.4153563122635287,143.0,0.0,3.517928902627512,11.0,4.0,0.016710985292506857,0
whitnji01,Jim Whitney,Two-Way,P,19th century,1881.0,1890.0,1895.0,4.0,Workhorse Starting Pitcher,0,18.0,559.0,0.6876626192541198,191.0,2.0,2.97054056630756,,,0.016523089104652108,0
fernato01,Tony Fernandez,Hitter,SS,Free-agency,1983.0,2001.0,2006.0,0.0,Power Hitter,0,94.0,2276.0,0.7461763262293473,,,,6.0,5.0,0.01630168640931546,0
hernali01,Livan Hernandez,Two-Way,P,Steroid,1996.0,2012.0,2017.0,4.0,Workhorse Starting Pitcher,0,10.0,215.0,0.5262771600901097,178.0,1.0,4.436500470366886,5.0,2.0,0.01627153488026231,0
otisam01,Amos Otis,Hitter,OF,Expansion,1967.0,1984.0,1989.0,0.0,Power Hitter,0,193.0,2020.0,0.7684183179523736,,,,6.0,5.0,0.016194035926898838,0
marceol01,Oliver Marcell,Hitter,3B,Dead-ball,1918.0,1929.0,1934.0,3.0,Power Hitter 2,0,16.0,657.0,0.7677720302114428,0.0,0.0,2.1315789473684212,,,0.016172684171505504,0
magnami01,Mike Magnante,Pitcher,P,Free-agency,1991.0,2002.0,2007.0,3.0,Power Hitter 2,0,0.0,2.0,0.6666666666666666,26.0,3.0,4.079870480302213,,,0.01606562829288604,0
brookir01,Irvin Brooks,Hitter,CF,Dead-ball,1918.0,1927.0,1932.0,3.0,Power Hitter 2,0,19.0,233.0,0.8131505531505532,2.0,0.0,3.2335329341317363,,,0.016030289358166208,0
killebi01,Bill Killefer,Hitter,C,Dead-ball,1909.0,1921.0,1926.0,3.0,Power Hitter 2,0,4.0,751.0,0.555446591007537,,,,4.0,,0.015905173434594737,0
chambel01,Ice Box Chamberlain,Two-Way,P,19th century,1886.0,1896.0,1901.0,4.0,Workhorse Starting Pitcher,0,9.0,213.0,0.5532355553557708,157.0,1.0,3.565499008592201,,,0.015888989201323585,0
wrighjo02,Johnny Wright,Pitcher,P,Live-ball/pre-integration,1937.0,1947.0,1952.0,4.0,Workhorse Starting Pitcher,0,0.0,34.0,0.3426373233136518,44.0,4.0,3.237717908082409,,0.0,0.01588570193089677,0
orthal01,Al Orth,Two-Way,P,19th century,1895.0,1909.0,1914.0,4.0,Workhorse Starting Pitcher,0,12.0,464.0,0.6633908585747872,204.0,6.0,3.3696343402225755,,,0.01578889955871234,0
kruegbi01,Bill Krueger,Pitcher,P,Free-agency,1983.0,1995.0,2000.0,3.0,Power Hitter 2,0,0.0,6.0,0.8666666666666667,68.0,4.0,4.348032375104661,2.0,,0.01577732432238151,0
martipe01,Pepper Martin,Hitter,OF,Live-ball/pre-integration,1928.0,1944.0,1949.0,3.0,Power Hitter 2,0,59.0,1227.0,0.8006760793144165,0.0,0.0,2.25,3.0,4.0,0.01576738170181543,0
kilroma01,Matt Kilroy,Two-Way,P,19th century,1886.0,1898.0,1903.0,4.0,Workhorse Starting Pitcher,0,1.0,236.0,0.5837890708665914,141.0,1.0,3.4696866018886,,,0.015712988393740444,0
meekijo01,Jouett Meekin,Two-Way,P,19th century,1891.0,1900.0,1905.0,4.0,Workhorse Starting Pitcher,0,15.0,267.0,0.6443642190050889,152.0,2.0,4.065890481064484,,,0.015712988393740444,0
blackew01,Ewell Blackwell,Pitcher,P,Live-ball/pre-integration,1942.0,1955.0,1960.0,4.0,Workhorse Starting Pitcher,0,1.0,77.0,0.4077940118572173,82.0,10.0,3.2975018925056774,3.0,6.0,0.01561941596640918,0
moseswa01,Wally Moses,Hitter,OF,Live-ball/pre-integration,1935.0,1951.0,1956.0,3.0,Power Hitter 2,0,89.0,2138.0,0.7794902429152537,,,,2.0,1.0,0.015541400270795439,0
doylela01,Larry Doyle,Hitter,2B,Dead-ball,1907.0,1920.0,1925.0,3.0,Power Hitter 2,0,74.0,1887.0,0.7646375175573811,,,,3.0,,0.015446855279769797,0
gaettga01,Gary Gaetti,Hitter,3B,Free-agency,1981.0,2000.0,2005.0,0.0,Power Hitter,0,360.0,2280.0,0.7411965343364062,0.0,0.0,7.714285714285715,8.0,2.0,0.015400576185753629,0
daussho01,Hooks Dauss,Two-Way,P,Dead-ball,1912.0,1926.0,1931.0,4.0,Workhorse Starting Pitcher,0,6.0,212.0,0.5495963244276836,222.0,40.0,3.304659850570193,,,0.015364972949790667,0
bellja01,Jay Bell,Hitter,SS,Free-agency,1986.0,2003.0,2008.0,0.0,Power Hitter,0,195.0,1963.0,0.7592018686586375,,,,5.0,2.0,0.015343586288384494,0
shivege01,George Shively,Hitter,LF,Dead-ball,1911.0,1924.0,1929.0,3.0,Power Hitter 2,0,9.0,642.0,0.7621126129719051,,,,,,0.015223477539096846,0
radclri01,Rip Radcliff,Hitter,OF,Live-ball/pre-integration,1934.0,1943.0,1948.0,3.0,Power Hitter 2,0,42.0,1267.0,0.7785447395087204,,,,0.0,1.0,0.015204471816455444,0
vandejo01,Johnny Vander Meer,Pitcher,P,Live-ball/pre-integration,1937.0,1951.0,1956.0,4.0,Workhorse Starting Pitcher,0,1.0,104.0,0.3792865617019565,119.0,2.0,3.442350332594235,6.0,4.0,0.015150658227251429,0
duncafr02,Frank Duncan,Hitter,C,Live-ball/pre-integration,1920.0,1945.0,1950.0,3.0,Power Hitter 2,0,14.0,724.0,0.6721494626690291,,,,,0.0,0.015026936682982057,0
hendrha01,Harvey Hendrick,Hitter,1B,Live-ball/pre-integration,1923.0,1934.0,1939.0,3.0,Power Hitter 2,0,48.0,896.0,0.8066204133483168,,,,,,0.015004925378341805,0
archeji01,Jimmy Archer,Hitter,C,Dead-ball,1904.0,1918.0,1923.0,3.0,Power Hitter 2,0,16.0,660.0,0.6212501493964384,,,,9.0,,0.014934505825416227,0
thompsa02,Sandy Thompson,Hitter,LF,Live-ball/pre-integration,1923.0,1932.0,1937.0,3.0,Power Hitter 2,0,7.0,722.0,0.732780456707967,,,,,,0.014934505440390877,0
pippwa01,Wally Pipp,Hitter,1B,Dead-ball,1913.0,1928.0,1933.0,0.0,Power Hitter,0,90.0,1941.0,0.7487287990742193,,,,1.0,,0.014862217135268802,0
ofarrbo01,Bob O'Farrell,Hitter,C,Dead-ball,1915.0,1935.0,1940.0,3.0,Power Hitter 2,0,51.0,1120.0,0.7478734396915739,,,,4.0,,0.01484592423111908,0
malonpa02,Pat Malone,Pitcher,P,Live-ball/pre-integration,1928.0,1937.0,1942.0,4.0,Workhorse Starting Pitcher,0,9.0,129.0,0.457620198588973,134.0,26.0,3.7362924281984338,4.0,,0.014508479212456855,0
johnswa04,Wade Johnston,Hitter,LF,Live-ball/pre-integration,1922.0,1933.0,1938.0,3.0,Power Hitter 2,0,43.0,790.0,0.8174325683047192,4.0,0.0,4.003448275862069,,,0.014507820981846558,0
howarry01,Ryan Howard,Hitter,1B,Steroid,2004.0,2016.0,2021.0,0.0,Power Hitter,0,382.0,1475.0,0.8586484022871888,,,,20.0,3.0,0.014473315514597334,0
malarda01,Dave Malarcher,Hitter,3B,Dead-ball,1916.0,1934.0,1939.0,3.0,Power Hitter 2,0,7.0,686.0,0.6820220809211983,0.0,0.0,2.7,,,0.014444384472582885,0
reddidi01,Dick Redding,Pitcher,P,Dead-ball,1911.0,1927.0,1932.0,4.0,Workhorse Starting Pitcher,0,8.0,165.0,0.6071528780269606,106.0,8.0,2.883665511265165,,,0.014437398189986838,0
dunlafr01,Fred Dunlap,Hitter,2B,19th century,1880.0,1891.0,1896.0,3.0,Power Hitter 2,0,41.0,1159.0,0.7454584017502132,0.0,1.0,6.75,,,0.014269131817149188,0
terryad01,Adonis Terry,Two-Way,P,19th century,1884.0,1897.0,1902.0,4.0,Workhorse Starting Pitcher,0,15.0,594.0,0.6394681107471828,197.0,6.0,3.73897372664327,,,0.014218503753279555,0
mooreha02,Harry Moore,Hitter,1B,19th century,1897.0,1913.0,1918.0,3.0,Power Hitter 2,0,5.0,151.0,0.6147278573139499,2.0,0.0,3.0422535211267605,,,0.014195993069341346,0
kremera01,Ray Kremer,Pitcher,P,Live-ball/pre-integration,1924.0,1933.0,1938.0,4.0,Workhorse Starting Pitcher,0,5.0,122.0,0.4685215566117397,143.0,10.0,3.7571623465211457,3.0,,0.014155911719339054,0
richada01,Danny Richardson,Hitter,2B,19th century,1884.0,1894.0,1899.0,3.0,Power Hitter 2,0,32.0,1129.0,0.632838994602515,7.0,0.0,3.24,,,0.014139188054053403,0
sievero01,Roy Sievers,Hitter,1B,Integration,1949.0,1965.0,1970.0,0.0,Power Hitter,0,318.0,1703.0,0.8287023012426087,,,,2.0,5.0,0.0140183910419535,0
bluelu01,Lu Blue,Hitter,1B,Live-ball/pre-integration,1921.0,1933.0,1938.0,3.0,Power Hitter 2,0,44.0,1696.0,0.8027636915273826,,,,0.0,,0.014015263797217712,0
griffal01,Alfredo Griffin,Hitter,SS,Free-agency,1976.0,1993.0,1998.0,3.0,Power Hitter 2,0,24.0,1688.0,0.603830256777403,,,,3.0,1.0,0.013882774667641944,0
allenjo02,Johnny Allen,Pitcher,P,Live-ball/pre-integration,1932.0,1944.0,1949.0,4.0,Workhorse Starting Pitcher,0,4.0,124.0,0.4246966159721341,142.0,18.0,3.7516663818150744,4.0,1.0,0.01387546446490407,0
farrelu02,Luther Farrell,Pitcher,P,Live-ball/pre-integration,1920.0,1934.0,1939.0,3.0,Power Hitter 2,0,21.0,224.0,0.852021101151662,50.0,4.0,4.924914675767918,,,0.01385689554047598,0
reyesjo01,Jose Reyes,Hitter,SS,Steroid,2003.0,2018.0,2023.0,2.0,Speed / Contact Profile,0,145.0,2138.0,0.7609520834626766,0.0,0.0,54.0,5.0,4.0,0.013721765961604895,0
freembu01,Buck Freeman,Hitter,OF,19th century,1891.0,1907.0,1912.0,3.0,Power Hitter 2,0,82.0,1235.0,0.8075203789233505,3.0,0.0,4.411764705882353,,,0.013704856873651378,0
vaughmo01,Mo Vaughn,Hitter,1B,Free-agency,1991.0,2003.0,2008.0,0.0,Power Hitter,0,328.0,1620.0,0.9058214128999,,,,9.0,3.0,0.013678093290959488,0
olsongr01,Gregg Olson,Pitcher,P,Free-agency,1988.0,2001.0,2006.0,0.0,Power Hitter,0,1.0,1.0,1.4,40.0,217.0,3.455357142857143,1.0,1.0,0.01363421790252667,0
sierrru01,Ruben Sierra,Hitter,OF,Free-agency,1986.0,2006.0,2011.0,0.0,Power Hitter,0,306.0,2152.0,0.7648675367134331,,,,9.0,4.0,0.013531021347358252,0
danniha01,Harry Danning,Hitter,C,Live-ball/pre-integration,1933.0,1942.0,1947.0,3.0,Power Hitter 2,0,57.0,847.0,0.7450661140923844,,,,5.0,4.0,0.013491401466151569,0
percitr01,Troy Percival,Pitcher,P,Steroid,1995.0,2009.0,2014.0,1.0,Dominant Reliever / Closer,0,0.0,0.0,0.0,35.0,358.0,3.174976481655692,0.0,4.0,0.013430613076211365,0
mcdowsa01,Sam McDowell,Pitcher,P,Expansion,1961.0,1975.0,1980.0,4.0,Workhorse Starting Pitcher,0,2.0,119.0,0.3467797767051825,141.0,14.0,3.174134010966965,2.0,6.0,0.013399638769520087,0
hemslro01,Rollie Hemsley,Hitter,C,Live-ball/pre-integration,1928.0,1947.0,1952.0,3.0,Power Hitter 2,0,31.0,1321.0,0.6706402860449057,,,,1.0,5.0,0.013367505164339225,0
davenll01,Lloyd Davenport,Hitter,CF,Live-ball/pre-integration,1935.0,1945.0,1950.0,3.0,Power Hitter 2,0,1.0,267.0,0.7169847365319484,0.0,0.0,2.7931034482758617,,0.0,0.01327356514693251,0
maynebr01,Brent Mayne,Hitter,C,Free-agency,1990.0,2004.0,2009.0,3.0,Power Hitter 2,0,38.0,951.0,0.6802991937392455,1.0,0.0,0.0,0.0,,0.013268488221928044,0
mcraeha01,Hal McRae,Hitter,DH,Expansion,1968.0,1987.0,1992.0,0.0,Power Hitter,0,191.0,2091.0,0.8053535042979241,,,,13.0,3.0,0.013141449311734625,0
davisro05,Roosevelt Davis,Pitcher,P,Live-ball/pre-integration,1924.0,1945.0,1950.0,4.0,Workhorse Starting Pitcher,0,3.0,101.0,0.4367120361704187,97.0,14.0,4.100970873786408,,0.0,0.013110956937278357,0
leachfr01,Freddy Leach,Hitter,OF,Live-ball/pre-integration,1923.0,1932.0,1937.0,3.0,Power Hitter 2,0,72.0,1147.0,0.786832570376479,,,,,,0.013011858878806234,0
williji05,Jim Williams,Hitter,RF,Live-ball/pre-integration,1931.0,1944.0,1949.0,3.0,Power Hitter 2,0,13.0,464.0,0.7744972380133801,,,,,0.0,0.013011858878806234,0
moorejo01,Johnny Moore,Hitter,OF,Live-ball/pre-integration,1928.0,1945.0,1950.0,3.0,Power Hitter 2,0,73.0,926.0,0.8009878772783281,,,,0.0,,0.013011858878806234,0
thomaro01,Roy Thomas,Hitter,OF,19th century,1899.0,1911.0,1916.0,3.0,Power Hitter 2,0,7.0,1537.0,0.7465626132812666,0.0,0.0,3.375,,,0.012964518660818079,0
caseybi02,Bill Casey,Hitter,C,Live-ball/pre-integration,1930.0,1942.0,1947.0,2.0,Speed / Contact Profile,0,1.0,262.0,0.6604641796402642,0.0,0.0,27.0,,,0.01296239033864159,0
willini02,Nish Williams,Hitter,C,Live-ball/pre-integration,1930.0,1939.0,1944.0,2.0,Speed / Contact Profile,0,3.0,214.0,0.680162053648478,0.0,0.0,21.6,,,0.01296239033864159,0
jurgebi01,Billy Jurges,Hitter,SS,Live-ball/pre-integration,1931.0,1947.0,1952.0,3.0,Power Hitter 2,0,43.0,1613.0,0.6601553024047875,,,,1.0,3.0,0.012900356004451625,0
ceyro01,Ron Cey,Hitter,3B,Expansion,1971.0,1987.0,1992.0,0.0,Power Hitter,0,316.0,1868.0,0.7985385989304374,,,,8.0,6.0,0.012886331985130946,0
wallati01,Tim Wallach,Hitter,3B,Free-agency,1980.0,1996.0,2001.0,0.0,Power Hitter,0,260.0,2085.0,0.7317490178342052,0.0,0.0,4.5,11.0,5.0,0.01286651153712087,0
yosted01,Eddie Yost,Hitter,3B,Live-ball/pre-integration,1944.0,1962.0,1967.0,0.0,Power Hitter,0,139.0,1863.0,0.765457454015725,,,,0.0,1.0,0.012784255096993942,0
boonebo01,Bob Boone,Hitter,C,Expansion,1972.0,1990.0,1995.0,0.0,Power Hitter,0,105.0,1838.0,0.6610586056316976,,,,9.0,4.0,0.012749049960959604,0
striccu01,Cub Stricker,Hitter,2B,19th century,1882.0,1893.0,1898.0,3.0,Power Hitter 2,0,12.0,1106.0,0.6000075977182227,2.0,1.0,3.578313253012048,,,0.012714360302988037,0
polleho01,Howie Pollet,Pitcher,P,Live-ball/pre-integration,1941.0,1956.0,1961.0,4.0,Workhorse Starting Pitcher,0,0.0,129.0,0.4592556231616038,131.0,20.0,3.506327111673521,5.0,3.0,0.012670998266730904,0
bluegos01,Ossie Bluege,Hitter,3B,Live-ball/pre-integration,1922.0,1939.0,1944.0,3.0,Power Hitter 2,0,43.0,1751.0,0.7074009551170541,,,,2.0,1.0,0.01265067525500132,0
ritchcl01,Claude Ritchey,Hitter,2B,19th century,1897.0,1909.0,1914.0,3.0,Power Hitter 2,0,18.0,1619.0,0.6899638974841373,,,,,,0.012529197049171928,0
crossmo01,Monte Cross,Hitter,SS,19th century,1892.0,1907.0,1912.0,3.0,Power Hitter 2,0,31.0,1365.0,0.6294351657306154,,,,,,0.012466673544246706,0
seymocy01,Cy Seymour,Two-Way,OF,19th century,1896.0,1913.0,1918.0,3.0,Power Hitter 2,0,52.0,1724.0,0.7519598702208552,61.0,1.0,3.7283236994219657,,,0.012457472862108803,0
wyattwh01,Whit Wyatt,Pitcher,P,Live-ball/pre-integration,1929.0,1945.0,1950.0,4.0,Workhorse Starting Pitcher,0,7.0,133.0,0.5566734553567954,106.0,13.0,3.787052810902896,5.0,4.0,0.012425915408667427,0
simpsha01,Harry Simpson,Hitter,OF,Integration,1951.0,1959.0,1964.0,2.0,Speed / Contact Profile,0,76.0,870.0,0.7369768892015113,0.0,0.0,27.0,0.0,1.0,0.012367079831521542,0
woodlge01,Gene Woodling,Hitter,OF,Live-ball/pre-integration,1943.0,1962.0,1967.0,0.0,Power Hitter,0,147.0,1585.0,0.8170482615222873,,,,0.0,1.0,0.01236342173975694,0
rodrivi02,Vicente Rodríguez,Hitter,C,Dead-ball,1913.0,1923.0,1928.0,3.0,Power Hitter 2,0,8.0,274.0,0.5811016018892542,2.0,0.0,6.942857142857142,,,0.012317649198646996,0
encared01,Edwin Encarnacion,Hitter,DH,Post-steroid,2005.0,2020.0,2025.0,0.0,Power Hitter,0,424.0,1832.0,0.8463191425594371,,,,8.0,3.0,0.01224146037760035,0
nehfar01,Art Nehf,Two-Way,P,Dead-ball,1915.0,1929.0,1934.0,4.0,Workhorse Starting Pitcher,0,8.0,192.0,0.5600006518267444,184.0,13.0,3.20423488858796,1.0,,0.012204920718937353,0
jeffrje01,Jeremy Jeffress,Pitcher,P,Post-steroid,2010.0,2020.0,2025.0,1.0,Dominant Reliever / Closer,0,0.0,0.0,0.0,32.0,52.0,3.0754124116260804,,1.0,0.012162559779131303,0
moylape01,Peter Moylan,Pitcher,P,Post-steroid,2006.0,2018.0,2023.0,1.0,Dominant Reliever / Closer,0,0.0,0.0,0.125,24.0,4.0,3.095541401273885,,,0.012162559779131303,0
garceri01,Rich Garces,Pitcher,P,Free-agency,1990.0,2002.0,2007.0,1.0,Dominant Reliever / Closer,0,0.0,0.0,0.0,23.0,7.0,3.744140625,,,0.012162559779131303,0
pearsle01,Lennie Pearson,Hitter,1B,Live-ball/pre-integration,1937.0,1948.0,1953.0,3.0,Power Hitter 2,0,54.0,537.0,0.8158141254776285,0.0,0.0,4.153846153846154,,0.0,0.012157325627411888,0
keyji01,Jimmy Key,Pitcher,P,Free-agency,1984.0,1998.0,2003.0,4.0,Workhorse Starting Pitcher,0,0.0,0.0,0.0,186.0,10.0,3.5073954983922833,7.0,4.0,0.01214808772998579,0
huggimi01,Miller Huggins,Hitter,2B,Dead-ball,1904.0,1916.0,1921.0,3.0,Power Hitter 2,0,9.0,1474.0,0.696282957532584,,,,0.0,,0.012096676176573734,0
doyleja01,Jack Doyle,Hitter,1B,19th century,1889.0,1905.0,1910.0,3.0,Power Hitter 2,0,25.0,1811.0,0.7362729381646238,,,,,,0.012057864984298868,0
murphda02,Danny Murphy,Hitter,2B,Dead-ball,1900.0,1915.0,1920.0,3.0,Power Hitter 2,0,44.0,1563.0,0.7417072148676427,,,,,,0.012022418574388608,0
griffto01,Tommy Griffith,Hitter,OF,Dead-ball,1913.0,1925.0,1930.0,3.0,Power Hitter 2,0,52.0,1383.0,0.7106860134040387,,,,,,0.011970282458087449,0
oneilpa01,Paul O'Neill,Hitter,OF,Free-agency,1985.0,2001.0,2006.0,0.0,Power Hitter,0,281.0,2105.0,0.8329838117965604,0.0,0.0,13.5,1.0,5.0,0.011862158296077605,0
kimbrhe01,Henry Kimbro,Hitter,CF,Live-ball/pre-integration,1937.0,1948.0,1953.0,3.0,Power Hitter 2,0,31.0,667.0,0.8243121746008293,0.0,0.0,5.4,,0.0,0.011820237091432442,0
tayloja02,Jack Taylor,Two-Way,P,19th century,1898.0,1907.0,1912.0,4.0,Workhorse Starting Pitcher,0,2.0,236.0,0.5623505734825898,152.0,5.0,2.652703731911653,,,0.011813317185929524,0
maglisa01,Sal Maglie,Pitcher,P,Live-ball/pre-integration,1945.0,1958.0,1963.0,4.0,Workhorse Starting Pitcher,0,2.0,76.0,0.3264490520897524,119.0,14.0,3.1497388276262335,1.0,2.0,0.011656184757607345,0
wertzvi01,Vic Wertz,Hitter,OF,Integration,1947.0,1963.0,1968.0,0.0,Power Hitter,0,266.0,1692.0,0.833434365085095,,,,3.0,4.0,0.011645703044927803,0
valoel01,Elmer Valo,Hitter,OF,Live-ball/pre-integration,1940.0,1961.0,1966.0,0.0,Power Hitter,0,58.0,1420.0,0.7896044297208287,,,,0.0,,0.011595212477991211,0
ennisde01,Del Ennis,Hitter,OF,Live-ball/pre-integration,1946.0,1959.0,1964.0,0.0,Power Hitter,0,288.0,2063.0,0.8116503120535379,,,,2.0,3.0,0.011592165959312839,0
stottme01,Mel Stottlemyre,Pitcher,P,Expansion,1964.0,1974.0,1979.0,4.0,Workhorse Starting Pitcher,0,7.0,120.0,0.4356505191000936,164.0,1.0,2.969188376753507,1.0,5.0,0.01158322369588304,0
myersra01,Randy Myers,Pitcher,P,Free-agency,1985.0,1998.0,2003.0,1.0,Dominant Reliever / Closer,0,0.0,11.0,0.4555555555555555,44.0,347.0,3.1944235116804824,6.0,4.0,0.01155966138422806,0
leeca01,Carlos Lee,Hitter,LF,Steroid,1999.0,2012.0,2017.0,0.0,Power Hitter,0,358.0,2273.0,0.8214984309493265,,,,7.0,3.0,0.011542334521653342,0
callani01,Jimmy Callahan,Two-Way,OF,19th century,1894.0,1913.0,1918.0,3.0,Power Hitter 2,0,11.0,901.0,0.6632328775739659,99.0,2.0,3.3855271366188395,,,0.011503332986464321,0
templga01,Garry Templeton,Hitter,SS,Free-agency,1976.0,1991.0,1996.0,0.0,Power Hitter,0,70.0,2096.0,0.6729917662303022,,,,5.0,3.0,0.011439985218157195,0
clarkja01,Jack Clark,Hitter,OF,Expansion,1975.0,1992.0,1997.0,0.0,Power Hitter,0,340.0,1826.0,0.854309857023787,,,,10.0,4.0,0.011420854161370534,0
mooreea01,Earl Moore,Two-Way,P,Dead-ball,1901.0,1914.0,1919.0,4.0,Workhorse Starting Pitcher,0,0.0,134.0,0.3508748341478718,163.0,6.0,2.7752161383285303,,,0.011401316532000131,0
strunam01,Amos Strunk,Hitter,OF,Dead-ball,1908.0,1924.0,1929.0,3.0,Power Hitter 2,0,15.0,1418.0,0.7323781733424048,,,,,,0.011348682191498509,0
fletcar01,Art Fletcher,Hitter,SS,Dead-ball,1909.0,1922.0,1927.0,3.0,Power Hitter 2,0,32.0,1534.0,0.684032477751011,,,,0.0,,0.011239564062036743,0
doolami01,Mickey Doolin,Hitter,SS,Dead-ball,1905.0,1918.0,1923.0,3.0,Power Hitter 2,0,15.0,1376.0,0.5846248838171566,,,,0.0,,0.011239564062036743,0
shawkbo01,Bob Shawkey,Two-Way,P,Dead-ball,1913.0,1927.0,1932.0,4.0,Workhorse Starting Pitcher,0,3.0,225.0,0.5005468682793575,196.0,28.0,3.0888661899897856,,,0.011184548504321344,0
warfifr01,Frank Warfield,Hitter,2B,Dead-ball,1914.0,1932.0,1937.0,3.0,Power Hitter 2,0,14.0,948.0,0.6772882676429766,,,,,,0.011183838400165198,0
daviser01,Eric Davis,Hitter,OF,Free-agency,1984.0,2001.0,2006.0,0.0,Power Hitter,0,282.0,1430.0,0.8409893129326411,,,,22.0,2.0,0.011137952300154503,0
martida01,Dave Martinez,Hitter,OF,Free-agency,1986.0,2001.0,2006.0,2.0,Speed / Contact Profile,0,91.0,1599.0,0.730328332008528,0.0,0.0,13.5,0.0,,0.011120441247100264,0
grantge01,George Grantham,Hitter,2B,Live-ball/pre-integration,1922.0,1934.0,1939.0,3.0,Power Hitter 2,0,105.0,1508.0,0.853604269067284,,,,,,0.011096872851140673,0
murphjo04,Johnny Murphy,Pitcher,P,Live-ball/pre-integration,1932.0,1947.0,1952.0,1.0,Dominant Reliever / Closer,0,0.0,46.0,0.4296938942543787,93.0,107.0,3.4966507177033495,0.0,3.0,0.011084990153024103,0
olearch01,Charley O'Leary,Hitter,SS,Dead-ball,1904.0,1934.0,1939.0,3.0,Power Hitter 2,0,3.0,731.0,0.5426972977344409,,,,,,0.011077080283074721,0
madlobi01,Bill Madlock,Hitter,3B,Expansion,1973.0,1987.0,1992.0,0.0,Power Hitter,0,163.0,2008.0,0.807223256395474,,,,5.0,3.0,0.011046699762798626,0
hraboal01,Al Hrabosky,Pitcher,P,Expansion,1970.0,1982.0,1987.0,1.0,Dominant Reliever / Closer,0,0.0,8.0,0.3916861826697892,64.0,97.0,3.1038781163434903,3.0,,0.011037537076989921,0
rommeed01,Eddie Rommel,Pitcher,P,Live-ball/pre-integration,1920.0,1932.0,1937.0,4.0,Workhorse Starting Pitcher,0,1.0,164.0,0.4990565626158846,171.0,29.0,3.5417916286347633,3.0,,0.011017564892983073,0
bradlbi01,Bill Bradley,Hitter,3B,19th century,1899.0,1915.0,1920.0,3.0,Power Hitter 2,0,34.0,1471.0,0.6878597049401403,0.0,0.0,0.0,,,0.010918741181367441,0
oroscje01,Jesse Orosco,Pitcher,P,Free-agency,1979.0,2003.0,2008.0,1.0,Dominant Reliever / Closer,0,0.0,10.0,0.4303610906411201,87.0,144.0,3.161348430262481,4.0,2.0,0.010887966280872647,0
woodwi01,Wilbur Wood,Pitcher,P,Expansion,1961.0,1978.0,1983.0,4.0,Workhorse Starting Pitcher,0,0.0,27.0,0.2300038027633413,164.0,57.0,3.2358420268256336,3.0,3.0,0.010865746562441403,0
peterjo01,John Peters,Hitter,SS,19th century,1874.0,1884.0,1889.0,1.0,Dominant Reliever / Closer,0,3.0,748.0,0.6085740782182132,0.0,1.0,0.0,,,0.010865397319765036,0
burbabu01,Buddy Burbage,Hitter,RF,Live-ball/pre-integration,1929.0,1943.0,1948.0,3.0,Power Hitter 2,0,11.0,266.0,0.8101159294211093,0.0,0.0,3.176470588235294,,,0.010803997927161925,0
cranddo01,Doc Crandall,Two-Way,P,Dead-ball,1908.0,1918.0,1923.0,3.0,Power Hitter 2,0,9.0,253.0,0.7696257917748159,102.0,25.0,2.921120689655172,,,0.01070134600898585,0
mitchcl01,Clarence Mitchell,Two-Way,P,Dead-ball,1911.0,1932.0,1937.0,4.0,Workhorse Starting Pitcher,0,7.0,324.0,0.6089326015958445,125.0,9.0,4.124492557510149,,,0.010675068747401038,0
jonesfi01,Fielder Jones,Hitter,OF,19th century,1896.0,1915.0,1920.0,0.0,Power Hitter,0,21.0,1920.0,0.7148663125049954,,,,,,0.010660074900442644,0
crosefr01,Frankie Crosetti,Hitter,SS,Live-ball/pre-integration,1932.0,1948.0,1953.0,3.0,Power Hitter 2,0,98.0,1541.0,0.6951341553507364,,,,0.0,2.0,0.010642877903371296,0
oconnja01,Jack O'Connor,Hitter,C,19th century,1887.0,1910.0,1915.0,3.0,Power Hitter 2,0,19.0,1418.0,0.642690372046679,,,,,,0.010615900465335469,0
titusjo01,John Titus,Hitter,OF,Dead-ball,1903.0,1913.0,1918.0,3.0,Power Hitter 2,0,38.0,1401.0,0.7582367789691519,,,,,,0.010615431457381636,0
furilca01,Carl Furillo,Hitter,OF,Live-ball/pre-integration,1946.0,1960.0,1965.0,0.0,Power Hitter,0,192.0,1910.0,0.8130131190681453,,,,3.0,2.0,0.010558206992854672,0
partlro01,Roy Partlow,Pitcher,P,Live-ball/pre-integration,1937.0,1948.0,1953.0,3.0,Power Hitter 2,0,2.0,98.0,0.594949104336111,42.0,7.0,3.497255762897914,,0.0,0.010549982362592948,0
wilkste01,Ted Wilks,Pitcher,P,Live-ball/pre-integration,1944.0,1953.0,1958.0,1.0,Dominant Reliever / Closer,0,0.0,27.0,0.3393247616548587,59.0,46.0,3.262869660460022,0.0,,0.010541147723908347,0
mcaleji01,Jimmy McAleer,Hitter,OF,19th century,1889.0,1907.0,1912.0,2.0,Speed / Contact Profile,0,11.0,1008.0,0.6320757517001377,0.0,0.0,0.0,,,0.010497255014944236,0
ainsmed01,Eddie Ainsmith,Hitter,C,Dead-ball,1910.0,1924.0,1929.0,2.0,Speed / Contact Profile,0,22.0,707.0,0.619991165526518,0.0,0.0,54.0,1.0,,0.010497255014944236,0
coopean01,Anthony Cooper,Hitter,SS,Live-ball/pre-integration,1928.0,1941.0,1946.0,2.0,Speed / Contact Profile,0,6.0,263.0,0.5823804887096027,0.0,0.0,67.5,,,0.010497255014944236,0
penato01,Tony Peña,Hitter,C,Free-agency,1980.0,1997.0,2002.0,0.0,Power Hitter,0,107.0,1687.0,0.6727573561319221,,,,6.0,5.0,0.010473352820672304,0
whitebi03,Bill White,Hitter,1B,Integration,1956.0,1969.0,1974.0,0.0,Power Hitter,0,202.0,1706.0,0.8063095832552111,,,,9.0,8.0,0.010451826952937612,0
gracema01,Mark Grace,Hitter,1B,Free-agency,1988.0,2003.0,2008.0,0.0,Power Hitter,0,173.0,2445.0,0.8252967153470846,0.0,0.0,9.0,9.0,3.0,0.010417939544972393,0
rowesc01,Schoolboy Rowe,Two-Way,P,Live-ball/pre-integration,1933.0,1949.0,1954.0,4.0,Workhorse Starting Pitcher,0,18.0,239.0,0.7097221256729485,158.0,12.0,3.872784620006008,3.0,3.0,0.010412454416343489,0
guerrpe01,Pedro Guerrero,Hitter,1B,Free-agency,1978.0,1992.0,1997.0,0.0,Power Hitter,0,215.0,1618.0,0.8499342962752015,,,,11.0,5.0,0.010340382295303456,0
passecl01,Claude Passeau,Two-Way,P,Live-ball/pre-integration,1935.0,1947.0,1952.0,4.0,Workhorse Starting Pitcher,0,15.0,189.0,0.48800409350469,162.0,21.0,3.3191567594067903,0.0,4.0,0.010318168720738234,0
mcdanli01,Lindy McDaniel,Pitcher,P,Integration,1955.0,1975.0,1980.0,1.0,Dominant Reliever / Closer,0,3.0,56.0,0.3690168573889504,141.0,172.0,3.4538797133063257,2.0,2.0,0.01025643294613038,0
larkihe01,Henry Larkin,Hitter,1B,19th century,1884.0,1893.0,1898.0,3.0,Power Hitter 2,0,53.0,1429.0,0.8195900294625555,,,,,,0.010174316775980376,0
zimmech01,Charles Zimmer,Hitter,C,19th century,1884.0,1903.0,1908.0,3.0,Power Hitter 2,0,26.0,1225.0,0.7082631484659478,,,,,,0.010091498774857648,0
dunnad01,Adam Dunn,Hitter,OF,Steroid,2001.0,2014.0,2019.0,0.0,Power Hitter,0,462.0,1631.0,0.8541580458302944,0.0,0.0,9.0,5.0,2.0,0.010055186456648877,0
pierzaj01,A. J. Pierzynski,Hitter,C,Steroid,1998.0,2016.0,2021.0,0.0,Power Hitter,0,188.0,2043.0,0.7385887707446259,,,,2.0,2.0,0.010025886489167588,0
troutdi01,Dizzy Trout,Two-Way,P,Live-ball/pre-integration,1939.0,1957.0,1962.0,4.0,Workhorse Starting Pitcher,0,20.0,205.0,0.579008358294749,170.0,35.0,3.2326036443683503,3.0,2.0,0.009949170803097858,0
reddijo01,Josh Reddick,Hitter,OF,Post-steroid,2009.0,2021.0,2026.0,2.0,Speed / Contact Profile,0,146.0,1157.0,0.7472636559216976,0.0,0.0,13.5,4.0,,0.009929836910292183,0
carpech01,Chris Carpenter,Pitcher,P,Steroid,1997.0,2012.0,2017.0,4.0,Workhorse Starting Pitcher,0,2.0,52.0,0.2957161349884097,144.0,0.0,3.759237008110543,15.0,3.0,0.00992960657955352,0
jethrsa01,Sam Jethroe,Hitter,CF,Integration,1950.0,1954.0,1959.0,3.0,Power Hitter 2,0,59.0,680.0,0.7841955642492697,,,,1.0,0.0,0.009922840126539448,0
hollabi03,Bill Holland,Pitcher,P,Live-ball/pre-integration,1920.0,1941.0,1946.0,4.0,Workhorse Starting Pitcher,0,0.0,107.0,0.4389569920921892,97.0,13.0,4.129220257234726,,0.0,0.009849930574686524,0
merklfr01,Fred Merkle,Hitter,1B,Dead-ball,1907.0,1926.0,1931.0,0.0,Power Hitter,0,61.0,1580.0,0.7143230583823728,,,,0.0,,0.009841533797167928,0
grossgr01,Greg Gross,Hitter,OF,Expansion,1973.0,1989.0,1994.0,3.0,Power Hitter 2,0,7.0,1073.0,0.7231284045007094,0.0,0.0,10.8,1.0,,0.009839092992860747,0
francbi01,Bill Francis,Hitter,3B,Dead-ball,1906.0,1925.0,1930.0,3.0,Power Hitter 2,0,8.0,449.0,0.5848361619447249,,,,,,0.0098119895147106,0
demosbi01,Bingo DeMoss,Hitter,2B,Dead-ball,1910.0,1930.0,1935.0,3.0,Power Hitter 2,0,4.0,685.0,0.6137058967573292,,,,,,0.0098119895147106,0
leede02,Derrek Lee,Hitter,1B,Steroid,1997.0,2011.0,2016.0,0.0,Power Hitter,0,331.0,1959.0,0.8593381170436559,,,,8.0,2.0,0.009811367159851644,0
herzobu01,Buck Herzog,Hitter,2B,Dead-ball,1908.0,1920.0,1925.0,3.0,Power Hitter 2,0,20.0,1370.0,0.6639228309470213,,,,2.0,,0.009792289334003897,0
candejo01,John Candelaria,Pitcher,P,Expansion,1975.0,1993.0,1998.0,4.0,Workhorse Starting Pitcher,0,1.0,104.0,0.4557125019509911,177.0,29.0,3.3317935858519205,5.0,1.0,0.009727592277360036,0
vazquja01,Javier Vazquez,Pitcher,P,Steroid,1998.0,2011.0,2016.0,4.0,Workhorse Starting Pitcher,0,1.0,114.0,0.4778687028474081,165.0,0.0,4.217957746478874,4.0,1.0,0.009723583550188212,0
mcmanma01,Marty McManus,Hitter,2B,Live-ball/pre-integration,1920.0,1934.0,1939.0,3.0,Power Hitter 2,0,120.0,1926.0,0.7871100224460713,,,,0.0,,0.00972064391099582,0
cruzjo01,Jose Cruz,Hitter,OF,Expansion,1970.0,1988.0,1993.0,0.0,Power Hitter,0,165.0,2251.0,0.7744297558871405,,,,7.0,2.0,0.009661805226563165,0
stanked01,Eddie Stanky,Hitter,2B,Live-ball/pre-integration,1943.0,1953.0,1958.0,3.0,Power Hitter 2,0,29.0,1154.0,0.7576160344433934,,,,2.0,3.0,0.009583984434959156,0
furcara01,Rafael Furcal,Hitter,SS,Steroid,2000.0,2014.0,2019.0,0.0,Power Hitter,0,113.0,1817.0,0.7478266857820062,,,,6.0,3.0,0.009583418508752911,0
davisto02,Tommy Davis,Hitter,OF,Integration,1959.0,1976.0,1981.0,0.0,Power Hitter,0,153.0,2121.0,0.7334610909623105,,,,4.0,3.0,0.009581794574030182,0
troupqu01,Quincy Trouppe,Hitter,C,Integration,1952.0,1952.0,1957.0,3.0,Power Hitter 2,0,7.0,157.0,0.7605661231407308,1.0,0.0,6.230769230769231,,0.0,0.009531422404881706,0
stengca01,Casey Stengel,Hitter,OF,Dead-ball,1912.0,1925.0,1930.0,3.0,Power Hitter 2,0,60.0,1219.0,0.7660080031204181,,,,,,0.009507175858428064,0
gilesbr02,Brian Giles,Hitter,OF,Steroid,1995.0,2009.0,2014.0,0.0,Power Hitter,0,287.0,1897.0,0.9021959743772892,,,,5.0,2.0,0.00949027056097212,0
leslisa01,Sam Leslie,Hitter,1B,Live-ball/pre-integration,1929.0,1938.0,1943.0,3.0,Power Hitter 2,0,36.0,749.0,0.7871997156429511,,,,,,0.009438243173671701,0
venturo01,Robin Ventura,Hitter,3B,Free-agency,1989.0,2004.0,2009.0,0.0,Power Hitter,0,294.0,1885.0,0.805618873342522,0.0,0.0,0.0,9.0,2.0,0.009406364935607146,0
sandopa01,Pablo Sandoval,Hitter,3B,Post-steroid,2008.0,2021.0,2026.0,3.0,Power Hitter 2,0,153.0,1279.0,0.7732760079070817,0.0,0.0,0.0,5.0,2.0,0.009406364935607146,0
bonhati01,Tiny Bonham,Pitcher,P,Live-ball/pre-integration,1940.0,1949.0,1954.0,4.0,Workhorse Starting Pitcher,0,0.0,84.0,0.3889717303510407,103.0,9.0,3.0638297872340425,3.0,2.0,0.009393584582027333,0
utleych01,Chase Utley,Hitter,2B,Steroid,2003.0,2018.0,2023.0,0.0,Power Hitter,0,259.0,1885.0,0.8230968803619623,,,,14.0,6.0,0.009386647983859542,0
sallesl01,Slim Sallee,Two-Way,P,Dead-ball,1908.0,1921.0,1926.0,4.0,Workhorse Starting Pitcher,0,2.0,158.0,0.4118782895761313,174.0,36.0,2.564441819255759,,,0.009382633755646044,0
jonesdo01,Doug Jones,Pitcher,P,Free-agency,1982.0,2000.0,2005.0,1.0,Dominant Reliever / Closer,0,0.0,1.0,0.3928571428571428,69.0,303.0,3.3022156573116694,2.0,5.0,0.009360244536111445,0
sewellu01,Luke Sewell,Hitter,C,Live-ball/pre-integration,1921.0,1942.0,1947.0,3.0,Power Hitter 2,0,20.0,1393.0,0.6645295342818779,,,,0.0,1.0,0.00935999222182722,0
lewisdu01,Duffy Lewis,Hitter,OF,Dead-ball,1910.0,1921.0,1926.0,3.0,Power Hitter 2,0,38.0,1518.0,0.7169929197726853,0.0,0.0,18.0,0.0,,0.00934208758125866,0
piersji01,Jim Piersall,Hitter,OF,Integration,1950.0,1967.0,1972.0,3.0,Power Hitter 2,0,104.0,1604.0,0.7183122153933046,,,,2.0,2.0,0.009338719256491266,0
jonesch01,Charley Jones,Hitter,OF,19th century,1875.0,1888.0,1893.0,3.0,Power Hitter 2,0,56.0,1115.0,0.7894625399396571,0.0,0.0,3.0,,,0.009312481819365202,0
wingoiv01,Ivey Wingo,Hitter,C,Dead-ball,1911.0,1929.0,1934.0,3.0,Power Hitter 2,0,25.0,1039.0,0.662474268918372,,,,2.0,,0.009300181863197242,0
johnsdo01,Doc Johnston,Hitter,1B,Dead-ball,1909.0,1922.0,1927.0,3.0,Power Hitter 2,0,14.0,992.0,0.6699599314266327,,,,,,0.009298519923167204,0
tayloto02,Tony Taylor,Hitter,2B,Integration,1958.0,1976.0,1981.0,0.0,Power Hitter,0,75.0,2007.0,0.6726314779032897,,,,0.0,2.0,0.009267531324102955,0
rogerst01,Steve Rogers,Two-Way,P,Expansion,1973.0,1985.0,1990.0,4.0,Workhorse Starting Pitcher,0,0.0,122.0,0.3470151407299101,158.0,2.0,3.174791495360038,7.0,5.0,0.00926625408483347,0
macfada01,Danny MacFayden,Two-Way,P,Live-ball/pre-integration,1926.0,1943.0,1948.0,4.0,Workhorse Starting Pitcher,0,1.0,129.0,0.3576438267614738,132.0,9.0,3.96119733924612,1.0,,0.009228037722500323,0
schaege01,Germany Schaefer,Hitter,2B,Dead-ball,1901.0,1918.0,1923.0,3.0,Power Hitter 2,0,9.0,972.0,0.6394243123845016,0.0,0.0,18.0,,,0.00920611890966746,0
mcgeewi01,Willie McGee,Hitter,OF,Free-agency,1982.0,1999.0,2004.0,0.0,Power Hitter,0,79.0,2254.0,0.7290467925743337,,,,10.0,4.0,0.009167906005726449,0
tucketo01,Tommy Tucker,Hitter,1B,19th century,1887.0,1899.0,1904.0,3.0,Power Hitter 2,0,42.0,1882.0,0.7372348113227061,0.0,0.0,5.3999999999999995,,,0.009167192835752961,0
tulowtr01,Troy Tulowitzki,Hitter,SS,Post-steroid,2006.0,2019.0,2024.0,0.0,Power Hitter,0,225.0,1391.0,0.8555962076006658,,,,13.0,5.0,0.009164792512756061,0
sundbji01,Jim Sundberg,Hitter,C,Expansion,1974.0,1989.0,1994.0,0.0,Power Hitter,0,95.0,1493.0,0.6741653475373067,,,,9.0,3.0,0.00915585307700014,0
bushgu01,Guy Bush,Pitcher,P,Live-ball/pre-integration,1923.0,1945.0,1950.0,4.0,Workhorse Starting Pitcher,0,0.0,143.0,0.3856568229571424,176.0,34.0,3.855253490080823,0.0,,0.009140761123994973,0
villama01,Manuel Villa,Hitter,RF,Dead-ball,1909.0,1922.0,1927.0,3.0,Power Hitter 2,0,4.0,329.0,0.6037041028212855,1.0,0.0,6.4799999999999995,,,0.009117116617472136,0
mcganda01,Dan McGann,Hitter,1B,19th century,1896.0,1908.0,1913.0,3.0,Power Hitter 2,0,42.0,1482.0,0.7444033020961462,,,,,,0.0090561170892514,0
saberbr01,Bret Saberhagen,Pitcher,P,Free-agency,1984.0,2001.0,2006.0,4.0,Workhorse Starting Pitcher,0,0.0,23.0,0.3194451646357272,167.0,1.0,3.343392299687826,20.0,3.0,0.009053987650409073,0
bellbu01,Buddy Bell,Hitter,3B,Expansion,1972.0,1989.0,1994.0,0.0,Power Hitter,0,201.0,2514.0,0.7467624182943908,,,,15.0,5.0,0.009043870780288003,0
wiseri01,Rick Wise,Pitcher,P,Expansion,1964.0,1982.0,1987.0,4.0,Workhorse Starting Pitcher,0,15.0,130.0,0.5366285972989826,188.0,0.0,3.686920370962584,0.0,2.0,0.008888729780731625,0
konstji01,Jim Konstanty,Pitcher,P,Live-ball/pre-integration,1944.0,1956.0,1961.0,1.0,Dominant Reliever / Closer,0,0.0,33.0,0.3520112880853302,66.0,74.0,3.4642227705322526,5.0,1.0,0.008878474544498352,0
riggibi01,Bill Riggins,Hitter,SS,Live-ball/pre-integration,1920.0,1935.0,1940.0,3.0,Power Hitter 2,0,45.0,790.0,0.7859982674589856,0.0,0.0,13.5,,,0.008874314547189541,0
belanma01,Mark Belanger,Hitter,SS,Expansion,1965.0,1982.0,1987.0,3.0,Power Hitter 2,0,20.0,1316.0,0.5795488042622674,,,,10.0,1.0,0.008862630987318734,0
russebi01,Bill Russell,Hitter,SS,Expansion,1969.0,1986.0,1991.0,3.0,Power Hitter 2,0,46.0,1926.0,0.6476250660379503,,,,1.0,3.0,0.008862630987318734,0
picinva01,Val Picinich,Hitter,C,Dead-ball,1916.0,1933.0,1938.0,3.0,Power Hitter 2,0,26.0,743.0,0.6946816130082063,,,,,,0.008823733296830451,0
toneyfr01,Fred Toney,Pitcher,P,Dead-ball,1911.0,1923.0,1928.0,4.0,Workhorse Starting Pitcher,0,3.0,118.0,0.379279991566519,139.0,12.0,2.688576609247507,,,0.008777970201032813,0
halldi01,Dick Hall,Pitcher,P,Integration,1952.0,1971.0,1976.0,1.0,Dominant Reliever / Closer,0,4.0,150.0,0.5300960078687964,93.0,68.0,3.315162741465996,,,0.008768568616118895,0
parneme01,Mel Parnell,Pitcher,P,Integration,1947.0,1956.0,1961.0,4.0,Workhorse Starting Pitcher,0,1.0,132.0,0.4667232059486178,123.0,10.0,3.5020920502092054,3.0,2.0,0.008756154829220042,0
stephja02,Jake Stephens,Hitter,SS,Live-ball/pre-integration,1921.0,1937.0,1942.0,3.0,Power Hitter 2,0,4.0,565.0,0.5977519866164784,0.0,0.0,0.0,,0.0,0.008727156272000198,0
borbope01,Pedro Borbon,Pitcher,P,Expansion,1969.0,1980.0,1985.0,1.0,Dominant Reliever / Closer,0,0.0,32.0,0.4331385913664395,69.0,80.0,3.51525974025974,,,0.008666414596936421,0
skowrbi01,Bill Skowron,Hitter,1B,Integration,1954.0,1967.0,1972.0,0.0,Power Hitter,0,211.0,1566.0,0.7915749617489388,,,,1.0,8.0,0.008648879687546464,0
gentrcr01,Craig Gentry,Hitter,OF,Post-steroid,2009.0,2018.0,2023.0,2.0,Speed / Contact Profile,0,7.0,325.0,0.6718203448524973,0.0,0.0,18.0,,,0.00864582920679234,0
murcebo01,Bobby Murcer,Hitter,OF,Expansion,1965.0,1983.0,1988.0,0.0,Power Hitter,0,252.0,1862.0,0.8019978387140348,,,,6.0,5.0,0.008592186573957031,0
alomasa02,Sandy Alomar,Hitter,C,Free-agency,1988.0,2007.0,2012.0,0.0,Power Hitter,0,112.0,1236.0,0.7155153221596984,,,,5.0,6.0,0.008583365560263997,0
chapmbe01,Ben Chapman,Hitter,OF,Live-ball/pre-integration,1930.0,1946.0,1951.0,0.0,Power Hitter,0,90.0,1958.0,0.8229840063311362,8.0,0.0,4.404255319148936,0.0,4.0,0.008573155046596202,0
freylo01,Lonny Frey,Hitter,2B,Live-ball/pre-integration,1933.0,1948.0,1953.0,3.0,Power Hitter 2,0,61.0,1482.0,0.7336975590109414,,,,1.0,3.0,0.008568845572789714,0
olsoniv01,Ivy Olson,Hitter,SS,Dead-ball,1911.0,1924.0,1929.0,3.0,Power Hitter 2,0,13.0,1575.0,0.6127273548799937,,,,,,0.008568845572789714,0
lopezja02,Javier Lopez,Pitcher,P,Steroid,2003.0,2016.0,2021.0,1.0,Dominant Reliever / Closer,0,0.0,1.0,0.1666666666666666,30.0,14.0,3.47625,,,0.00854938769308383,0
mahayro01,Ron Mahay,Pitcher,P,Steroid,1995.0,2010.0,2015.0,3.0,Power Hitter 2,0,1.0,6.0,0.6952380952380952,27.0,4.0,3.834507042253521,,,0.00854938769308383,0
avilalu01,Luis Avilan,Pitcher,P,Post-steroid,2012.0,2021.0,2026.0,1.0,Dominant Reliever / Closer,0,0.0,1.0,0.2857142857142857,23.0,2.0,3.4322033898305087,,,0.00854938769308383,0
whitnpi01,Pinky Whitney,Hitter,3B,Live-ball/pre-integration,1928.0,1939.0,1944.0,3.0,Power Hitter 2,0,93.0,1701.0,0.7580455582233399,,,,2.0,1.0,0.008535276102590776,0
mannle01,Les Mann,Hitter,OF,Dead-ball,1913.0,1928.0,1933.0,3.0,Power Hitter 2,0,44.0,1332.0,0.7307118523115318,,,,,,0.008525914474523196,0
laporfr01,Frank LaPorte,Hitter,2B,Dead-ball,1905.0,1915.0,1920.0,3.0,Power Hitter 2,0,15.0,1185.0,0.7078884716393,,,,0.0,,0.008525914474523196,0
oldriru01,Rube Oldring,Hitter,OF,Dead-ball,1905.0,1918.0,1923.0,3.0,Power Hitter 2,0,27.0,1268.0,0.6711803114706629,,,,,,0.008525914474523196,0
williji01,Jimmy Williams,Hitter,2B,19th century,1899.0,1909.0,1914.0,3.0,Power Hitter 2,0,49.0,1508.0,0.7327852213520383,,,,,,0.008525914474523196,0
walketi01,Tillie Walker,Hitter,OF,Dead-ball,1911.0,1923.0,1928.0,3.0,Power Hitter 2,0,118.0,1423.0,0.7660165533751967,,,,0.0,,0.008525914474523196,0
gordoal01,Alex Gordon,Hitter,OF,Post-steroid,2007.0,2020.0,2025.0,2.0,Speed / Contact Profile,0,190.0,1643.0,0.7484326896446989,0.0,0.0,19.285714285714285,11.0,3.0,0.00849475353026253,0
watsoto01,Tony Watson,Pitcher,P,Post-steroid,2011.0,2021.0,2026.0,1.0,Dominant Reliever / Closer,0,0.0,1.0,0.25,47.0,32.0,2.9012853470437014,,1.0,0.008494199424308997,0
holmedu01,Ducky Holmes,Hitter,OF,19th century,1895.0,1905.0,1910.0,3.0,Power Hitter 2,0,17.0,1014.0,0.7034819685988838,1.0,0.0,6.576923076923077,,,0.008486758054542005,0
bucknbi01,Bill Buckner,Hitter,1B,Expansion,1969.0,1990.0,1995.0,0.0,Power Hitter,0,174.0,2715.0,0.7290457465182553,,,,6.0,1.0,0.00836322579081295,0
quinnjo02,Joe Quinn,Hitter,2B,19th century,1884.0,1901.0,1906.0,3.0,Power Hitter 2,0,30.0,1804.0,0.6304885396089353,,,,,,0.008340104998780025,0
farredu01,Duke Farrell,Hitter,C,19th century,1888.0,1905.0,1910.0,3.0,Power Hitter 2,0,52.0,1572.0,0.7229250286656634,,,,,,0.008340104998780025,0
sandere02,Reggie Sanders,Hitter,OF,Free-agency,1991.0,2007.0,2012.0,0.0,Power Hitter,0,305.0,1666.0,0.8304294277086648,,,,5.0,1.0,0.008328776877348105,0
rectoco01,Connie Rector,Pitcher,P,Live-ball/pre-integration,1920.0,1944.0,1949.0,3.0,Power Hitter 2,0,8.0,150.0,0.5935713773764089,66.0,6.0,4.659898477157361,,,0.008320624440072262,0
griffke01,Ken Griffey,Hitter,OF,Expansion,1973.0,1991.0,1996.0,0.0,Power Hitter,0,152.0,2143.0,0.7899176519918689,,,,3.0,3.0,0.008259810115696322,0
rudoldi01,Dick Rudolph,Pitcher,P,Dead-ball,1910.0,1927.0,1932.0,4.0,Workhorse Starting Pitcher,0,2.0,131.0,0.4815349653804351,121.0,8.0,2.657393850658858,0.0,,0.00825971190734584,0
whitede03,Devon White,Hitter,OF,Free-agency,1985.0,2001.0,2006.0,0.0,Power Hitter,0,208.0,1934.0,0.7386088554389207,,,,7.0,3.0,0.008253037357767628,0
luzingr01,Greg Luzinski,Hitter,LF,Expansion,1970.0,1984.0,1989.0,0.0,Power Hitter,0,307.0,1795.0,0.8403578608761467,,,,11.0,4.0,0.008225557725344489,0
rogerna01,Nat Rogers,Hitter,RF,Live-ball/pre-integration,1923.0,1945.0,1950.0,3.0,Power Hitter 2,0,14.0,559.0,0.7579929403571575,,,,,,0.008217149476232618,0
dwyerfr01,Frank Dwyer,Two-Way,P,19th century,1888.0,1899.0,1904.0,4.0,Workhorse Starting Pitcher,0,5.0,287.0,0.5699203805937628,177.0,6.0,3.8439162823696345,,,0.008211676536598113,0
hamelco01,Cole Hamels,Pitcher,P,Post-steroid,2006.0,2020.0,2025.0,4.0,Workhorse Starting Pitcher,0,2.0,116.0,0.4010732199856687,163.0,0.0,3.4258710155670866,6.0,4.0,0.008163594412895898,0
mcquige01,George McQuillan,Pitcher,P,Dead-ball,1907.0,1918.0,1923.0,4.0,Workhorse Starting Pitcher,0,0.0,55.0,0.316146540027137,85.0,14.0,2.3808416155635443,,,0.00814922484966647,0
youngdm01,Dmitri Young,Hitter,OF,Steroid,1996.0,2008.0,2013.0,3.0,Power Hitter 2,0,171.0,1389.0,0.8255339770324044,,,,5.0,2.0,0.008146130456855407,0
breweji01,Jim Brewer,Pitcher,P,Integration,1960.0,1976.0,1981.0,1.0,Dominant Reliever / Closer,0,0.0,21.0,0.3762062440870388,69.0,132.0,3.0701473414477896,,1.0,0.008144839166004919,0
isbelfr01,Frank Isbell,Hitter,1B,19th century,1898.0,1909.0,1914.0,3.0,Power Hitter 2,0,13.0,1056.0,0.6155941420699831,4.0,1.0,3.4641509433962265,,,0.008094183560038267,0
elybo01,Bones Ely,Hitter,SS,19th century,1884.0,1902.0,1907.0,3.0,Power Hitter 2,0,24.0,1333.0,0.6216478896485712,0.0,1.0,6.75,,,0.008094183560038267,0
peavyja01,Jake Peavy,Pitcher,P,Steroid,2002.0,2016.0,2021.0,4.0,Workhorse Starting Pitcher,0,3.0,87.0,0.4267081665925596,152.0,0.0,3.6348338241480858,12.0,3.0,0.008084693796543233,0
doakbi01,Bill Doak,Two-Way,P,Dead-ball,1912.0,1929.0,1934.0,4.0,Workhorse Starting Pitcher,0,1.0,115.0,0.3148947210151123,169.0,16.0,2.9755630091039773,0.0,,0.008040905597141011,0
jacksla01,Larry Jackson,Two-Way,P,Integration,1955.0,1968.0,1973.0,4.0,Workhorse Starting Pitcher,0,2.0,170.0,0.3824318218257612,194.0,20.0,3.4012055578259095,0.0,5.0,0.008040905597141011,0
foxpe01,Pete Fox,Hitter,OF,Live-ball/pre-integration,1933.0,1945.0,1950.0,3.0,Power Hitter 2,0,65.0,1678.0,0.7616282310351034,,,,2.0,1.0,0.0080330902174385,0
westsa01,Sam West,Hitter,OF,Live-ball/pre-integration,1927.0,1942.0,1947.0,3.0,Power Hitter 2,0,75.0,1838.0,0.7955646636388085,,,,2.0,4.0,0.0080330902174385,0
walkecu01,Curt Walker,Hitter,OF,Dead-ball,1919.0,1930.0,1935.0,3.0,Power Hitter 2,0,64.0,1475.0,0.8134375768302577,,,,0.0,,0.0080330902174385,0
ausmubr01,Brad Ausmus,Hitter,C,Steroid,1993.0,2010.0,2015.0,0.0,Power Hitter,0,80.0,1579.0,0.6686435772890551,,,,3.0,1.0,0.008017525855125381,0
moorejo02,Jo-Jo Moore,Hitter,OF,Live-ball/pre-integration,1930.0,1941.0,1946.0,3.0,Power Hitter 2,0,79.0,1615.0,0.7524443495859643,,,,1.0,6.0,0.008015274995929163,0
darwida01,Danny Darwin,Pitcher,P,Free-agency,1978.0,1998.0,2003.0,4.0,Workhorse Starting Pitcher,0,2.0,39.0,0.343218126762034,171.0,32.0,3.836685082872928,4.0,,0.008006492344251768,0
knoblch01,Chuck Knoblauch,Hitter,2B,Free-agency,1991.0,2002.0,2007.0,0.0,Power Hitter,0,98.0,1839.0,0.7834818117890806,,,,9.0,4.0,0.008002501505794022,0
morenom01,Omar Moreno,Hitter,OF,Expansion,1975.0,1986.0,1991.0,3.0,Power Hitter 2,0,37.0,1257.0,0.6490985687617778,,,,1.0,,0.007980924134400554,0
heganji01,Jim Hegan,Hitter,C,Live-ball/pre-integration,1941.0,1960.0,1965.0,0.0,Power Hitter,0,92.0,1087.0,0.638981873867736,,,,0.0,5.0,0.007977279198604385,0
harribu01,Bucky Harris,Hitter,2B,Dead-ball,1919.0,1931.0,1936.0,3.0,Power Hitter 2,0,9.0,1297.0,0.7058730755911367,,,,0.0,,0.007953942967048131,0
ibanera01,Raul Ibanez,Hitter,OF,Steroid,1996.0,2014.0,2019.0,0.0,Power Hitter,0,305.0,2034.0,0.800559585997709,,,,8.0,1.0,0.007950322363487248,0
fairlro01,Ron Fairly,Hitter,1B,Integration,1958.0,1978.0,1983.0,0.0,Power Hitter,0,215.0,1913.0,0.7682585306595884,,,,,2.0,0.007896201126046682,0
adcocjo01,Joe Adcock,Hitter,1B,Integration,1950.0,1966.0,1971.0,0.0,Power Hitter,0,336.0,1832.0,0.8220375883863622,,,,0.0,2.0,0.00789397062694265,0
pooleji02,Jim Poole,Pitcher,P,Free-agency,1990.0,2000.0,2005.0,1.0,Dominant Reliever / Closer,0,0.0,1.0,0.375,22.0,4.0,4.31404958677686,,,0.007889816862418738,0
troskha01,Hal Trosky,Hitter,1B,Live-ball/pre-integration,1933.0,1946.0,1951.0,0.0,Power Hitter,0,228.0,1561.0,0.8924536936170853,,,,0.0,,0.007871893886986038,0
coonejo01,Johnny Cooney,Two-Way,OF,Live-ball/pre-integration,1921.0,1944.0,1949.0,3.0,Power Hitter 2,0,2.0,965.0,0.6707121539610678,34.0,6.0,3.722967309304275,0.0,,0.00787075520879243,0
zachato01,Tom Zachary,Two-Way,P,Dead-ball,1918.0,1936.0,1941.0,4.0,Workhorse Starting Pitcher,0,6.0,254.0,0.5568982153646374,186.0,22.0,3.7280093826633967,0.0,,0.007862745424495669,0
kingmda01,Dave Kingman,Hitter,OF,Expansion,1971.0,1986.0,1991.0,0.0,Power Hitter,0,442.0,1575.0,0.7795415083148841,0.0,0.0,9.0,13.0,3.0,0.007855354583127012,0
trillma01,Manny Trillo,Hitter,2B,Expansion,1973.0,1989.0,1994.0,3.0,Power Hitter 2,0,61.0,1562.0,0.6603435206002215,,,,11.0,4.0,0.007849826746959138,0
tudorjo01,John Tudor,Pitcher,P,Free-agency,1979.0,1990.0,1995.0,4.0,Workhorse Starting Pitcher,0,0.0,59.0,0.3713463930348258,117.0,1.0,3.1202003338898163,5.0,,0.007838010217134801,0
morgami01,Mike Morgan,Pitcher,P,Free-agency,1978.0,2002.0,2007.0,4.0,Workhorse Starting Pitcher,0,0.0,54.0,0.251007993486209,141.0,8.0,4.230010821209571,2.0,1.0,0.00782590155461791,0
dicksmu01,Murry Dickson,Two-Way,P,Live-ball/pre-integration,1939.0,1959.0,1964.0,4.0,Workhorse Starting Pitcher,0,3.0,253.0,0.5202094939288758,172.0,23.0,3.65621928579229,0.0,1.0,0.007774948149053273,0
bautijo02,Jose Bautista,Hitter,OF,Steroid,2004.0,2018.0,2023.0,0.0,Power Hitter,0,344.0,1496.0,0.8361316292472302,,,,15.0,6.0,0.0077454972076789275,0
kennebr01,Brickyard Kennedy,Two-Way,P,19th century,1892.0,1903.0,1908.0,4.0,Workhorse Starting Pitcher,0,1.0,334.0,0.6219144420864515,187.0,9.0,3.956435643564357,,,0.0077266416809296,0
carseki01,Kid Carsey,Two-Way,P,19th century,1891.0,1901.0,1906.0,4.0,Workhorse Starting Pitcher,0,2.0,223.0,0.5394062856940993,116.0,3.0,4.952686567164179,,,0.0077266416809296,0
crawfca02,Carl Crawford,Hitter,OF,Steroid,2002.0,2016.0,2021.0,0.0,Power Hitter,0,136.0,1931.0,0.7652945692706027,,,,7.0,4.0,0.007716016636748665,0
claytro01,Royce Clayton,Hitter,SS,Free-agency,1991.0,2007.0,2012.0,0.0,Power Hitter,0,110.0,1904.0,0.6791112236131065,,,,,1.0,0.007715546174249369,0
grandcu01,Curtis Granderson,Hitter,OF,Steroid,2004.0,2019.0,2024.0,0.0,Power Hitter,0,344.0,1800.0,0.80269073781514,,,,11.0,3.0,0.007704522665796002,0
loberha01,Hans Lobert,Hitter,3B,Dead-ball,1903.0,1917.0,1922.0,3.0,Power Hitter 2,0,32.0,1252.0,0.7034762589822021,,,,2.0,,0.007683680511713025,0
conrowi01,Wid Conroy,Hitter,3B,Dead-ball,1901.0,1911.0,1916.0,3.0,Power Hitter 2,0,22.0,1257.0,0.6294549993116509,,,,,,0.007683680511713025,0
flackma01,Max Flack,Hitter,OF,Dead-ball,1914.0,1925.0,1930.0,3.0,Power Hitter 2,0,35.0,1461.0,0.7075674970708656,,,,,,0.007683680511713025,0
hoblidi01,Dick Hoblitzell,Hitter,1B,Dead-ball,1908.0,1918.0,1923.0,3.0,Power Hitter 2,0,27.0,1310.0,0.7149136865637765,,,,0.0,,0.007683680511713025,0
hummejo01,John Hummel,Hitter,2B,Dead-ball,1905.0,1918.0,1923.0,3.0,Power Hitter 2,0,29.0,991.0,0.6679757553744523,,,,,,0.007683680511713025,0
parenfr01,Freddy Parent,Hitter,SS,19th century,1899.0,1911.0,1916.0,3.0,Power Hitter 2,0,20.0,1306.0,0.65471625445838,,,,,,0.007683680511713025,0
fosteed02,Eddie Foster,Hitter,3B,Dead-ball,1910.0,1923.0,1928.0,3.0,Power Hitter 2,0,6.0,1490.0,0.6549760112869276,,,,0.0,,0.007683680511713025,0
graneja01,Jack Graney,Hitter,OF,Dead-ball,1908.0,1922.0,1927.0,3.0,Power Hitter 2,0,18.0,1178.0,0.6956508005687203,0.0,0.0,5.3999999999999995,,,0.007683680511713025,0
doughpa01,Patsy Dougherty,Hitter,OF,Dead-ball,1902.0,1911.0,1916.0,3.0,Power Hitter 2,0,17.0,1294.0,0.7054793219611668,,,,,,0.007683680511713025,0
smithja03,Jack Smith,Hitter,OF,Dead-ball,1915.0,1929.0,1934.0,3.0,Power Hitter 2,0,40.0,1301.0,0.7240331709191449,,,,,,0.007683680511713025,0
mccarja01,Jack McCarthy,Hitter,OF,19th century,1893.0,1907.0,1912.0,3.0,Power Hitter 2,0,8.0,1205.0,0.6980210320993936,,,,,,0.007683680511713025,0
bigbeca01,Carson Bigbee,Hitter,OF,Dead-ball,1916.0,1926.0,1931.0,3.0,Power Hitter 2,0,17.0,1205.0,0.7130840670422318,,,,2.0,,0.007683680511713025,0
lachaca01,George LaChance,Hitter,1B,19th century,1893.0,1905.0,1910.0,3.0,Power Hitter 2,0,39.0,1380.0,0.6972159964698892,,,,,,0.007683680511713025,0
cutshge01,George Cutshaw,Hitter,2B,Dead-ball,1912.0,1923.0,1928.0,3.0,Power Hitter 2,0,25.0,1487.0,0.6491043893717281,,,,1.0,,0.007683680511713025,0
paskedo01,Dode Paskert,Hitter,OF,Dead-ball,1907.0,1921.0,1926.0,3.0,Power Hitter 2,0,42.0,1613.0,0.7107483813333554,,,,1.0,,0.007683680511713025,0
steinha01,Harry Steinfeldt,Hitter,3B,19th century,1898.0,1911.0,1916.0,3.0,Power Hitter 2,0,27.0,1578.0,0.6897529890947314,,,,,,0.007683680511713025,0
branski01,Kitty Bransfield,Hitter,1B,19th century,1898.0,1911.0,1916.0,3.0,Power Hitter 2,0,13.0,1351.0,0.6574184402097811,,,,,,0.007683680511713025,0
murrare01,Red Murray,Hitter,OF,Dead-ball,1906.0,1917.0,1922.0,3.0,Power Hitter 2,0,37.0,1170.0,0.7015529520833237,,,,0.0,,0.007683680511713025,0
burnsto01,Tom Burns,Hitter,3B,19th century,1880.0,1892.0,1897.0,3.0,Power Hitter 2,0,39.0,1307.0,0.6703721256142918,0.0,0.0,0.0,,,0.007652985011978629,0
grissma02,Marquis Grissom,Hitter,OF,Free-agency,1989.0,2005.0,2010.0,0.0,Power Hitter,0,227.0,2251.0,0.7322909960577083,,,,5.0,2.0,0.007630246827537686,0
antonjo02,Johnny Antonelli,Pitcher,P,Integration,1948.0,1961.0,1966.0,4.0,Workhorse Starting Pitcher,0,15.0,121.0,0.479731456073916,126.0,21.0,3.338296804416932,3.0,6.0,0.007557996023520989,0
earlech01,Charles Earle,Pitcher,LF,Dead-ball,1906.0,1919.0,1924.0,3.0,Power Hitter 2,0,6.0,237.0,0.768718341357488,14.0,1.0,3.5941558441558445,,,0.007546381541970908,0
mungova01,Van Mungo,Pitcher,P,Live-ball/pre-integration,1931.0,1945.0,1950.0,4.0,Workhorse Starting Pitcher,0,0.0,174.0,0.5114474967300643,120.0,16.0,3.471367723615712,0.0,4.0,0.007534974299692475,0
breitte01,Theodore Breitenstein,Two-Way,P,19th century,1891.0,1901.0,1906.0,4.0,Workhorse Starting Pitcher,0,4.0,291.0,0.5634794156706507,160.0,3.0,4.028811659192825,,,0.007521249257533535,0
mcmahdo02,Don McMahon,Pitcher,P,Integration,1957.0,1974.0,1979.0,1.0,Dominant Reliever / Closer,0,0.0,23.0,0.346107544141252,90.0,153.0,2.959562563580875,,1.0,0.007518854184221114,0
johnsda02,Davey Johnson,Hitter,2B,Expansion,1965.0,1978.0,1983.0,3.0,Power Hitter 2,0,136.0,1252.0,0.7443224133119604,,,,7.0,4.0,0.0075009636996085675,0
sutclri01,Rick Sutcliffe,Pitcher,P,Free-agency,1976.0,1994.0,1999.0,4.0,Workhorse Starting Pitcher,0,4.0,102.0,0.4744073228165223,171.0,6.0,4.0801927591745955,14.0,3.0,0.007495950136438255,0
mcbrige01,George McBride,Hitter,SS,Dead-ball,1901.0,1920.0,1925.0,3.0,Power Hitter 2,0,7.0,1203.0,0.5444227795115145,,,,0.0,,0.007474444155509827,0
blevije01,Jerry Blevins,Pitcher,P,Post-steroid,2007.0,2019.0,2024.0,1.0,Dominant Reliever / Closer,0,0.0,1.0,0.5,30.0,7.0,3.54306864064603,,,0.007412556926660924,0
tomlida01,Dave Tomlin,Pitcher,P,Expansion,1972.0,1986.0,1991.0,1.0,Dominant Reliever / Closer,0,0.0,5.0,0.4034690799396682,25.0,12.0,3.819426336375489,,,0.007412556926660924,0
roberle01,Leon Roberts,Hitter,OF,Expansion,1974.0,1984.0,1989.0,2.0,Speed / Contact Profile,0,78.0,731.0,0.7506526535802565,0.0,0.0,27.0,0.0,,0.007394927615853566,0
foleyto02,Tom Foley,Hitter,SS,Free-agency,1983.0,1995.0,2000.0,2.0,Speed / Contact Profile,0,32.0,661.0,0.6467244664946775,0.0,0.0,27.0,,,0.007394927615853566,0
osikke01,Keith Osik,Hitter,C,Steroid,1996.0,2005.0,2010.0,2.0,Speed / Contact Profile,0,13.0,259.0,0.6295813931064993,0.0,0.0,40.5,,,0.007394927615853566,0
zeileto01,Todd Zeile,Hitter,3B,Free-agency,1989.0,2004.0,2009.0,2.0,Speed / Contact Profile,0,253.0,2004.0,0.7694865909781601,0.0,0.0,22.5,2.0,,0.007394927615853566,0
huttoto01,Tom Hutton,Hitter,1B,Expansion,1966.0,1981.0,1986.0,2.0,Speed / Contact Profile,0,22.0,410.0,0.6732648285232011,0.0,0.0,27.0,,,0.007394927615853566,0
reynoma01,Mark Reynolds,Hitter,3B,Post-steroid,2007.0,2019.0,2024.0,0.0,Power Hitter,0,298.0,1283.0,0.7803882972697406,0.0,0.0,13.5,4.0,,0.007394927615853566,0
blancan01,Andres Blanco,Hitter,2B,Steroid,2004.0,2017.0,2022.0,2.0,Speed / Contact Profile,0,18.0,305.0,0.6882584635733251,0.0,0.0,27.0,,,0.007394927615853566,0
leachri01,Rick Leach,Hitter,OF,Free-agency,1981.0,1990.0,1995.0,2.0,Speed / Contact Profile,0,18.0,460.0,0.7040671226364226,0.0,0.0,27.0,,,0.007394927615853566,0
gantnji01,Jim Gantner,Hitter,2B,Free-agency,1976.0,1992.0,1997.0,3.0,Power Hitter 2,0,47.0,1696.0,0.670633072012319,0.0,0.0,0.0,2.0,,0.0073730270001259495,0
taylole02,LeRoy Taylor,Hitter,RF,Live-ball/pre-integration,1925.0,1936.0,1941.0,3.0,Power Hitter 2,0,5.0,444.0,0.7324055120462598,,,,,0.0,0.007333310834663978,0
myershy01,Hi Myers,Hitter,OF,Dead-ball,1909.0,1925.0,1930.0,3.0,Power Hitter 2,0,32.0,1380.0,0.6895570850469297,,,,1.0,,0.007328999835227901,0
frymawo01,Woodie Fryman,Pitcher,P,Expansion,1966.0,1983.0,1988.0,4.0,Workhorse Starting Pitcher,0,2.0,84.0,0.3157824328365256,141.0,58.0,3.769698645286149,1.0,2.0,0.007320562759735523,0
tenacge01,Gene Tenace,Hitter,C,Expansion,1969.0,1983.0,1988.0,3.0,Power Hitter 2,0,201.0,1060.0,0.8166013038353552,,,,5.0,1.0,0.007319446705575827,0
seitzke01,Kevin Seitzer,Hitter,3B,Free-agency,1986.0,1997.0,2002.0,3.0,Power Hitter 2,0,74.0,1557.0,0.7797141398794831,0.0,0.0,0.0,1.0,2.0,0.007299611318495805,0
kreevmi01,Mike Kreevich,Hitter,OF,Live-ball/pre-integration,1931.0,1945.0,1950.0,3.0,Power Hitter 2,0,45.0,1321.0,0.7365949520339318,,,,0.0,1.0,0.007292234845728738,0
lowede01,Derek Lowe,Pitcher,P,Steroid,1997.0,2013.0,2018.0,4.0,Workhorse Starting Pitcher,0,1.0,65.0,0.3870646130876373,176.0,86.0,4.026079361118043,5.0,2.0,0.007274413465261274,0
johnsji01,Jimmy Johnston,Hitter,3B,Dead-ball,1911.0,1926.0,1931.0,3.0,Power Hitter 2,0,22.0,1493.0,0.7209518843471099,,,,0.0,,0.007239184524509041,0
southbi01,Billy Southworth,Hitter,OF,Dead-ball,1913.0,1929.0,1934.0,3.0,Power Hitter 2,0,52.0,1296.0,0.7730786517393753,,,,0.0,,0.007239184524509041,0
bremeeu01,Eugene Bremer,Pitcher,P,Live-ball/pre-integration,1937.0,1948.0,1953.0,3.0,Power Hitter 2,0,0.0,59.0,0.6874964201844321,37.0,2.0,3.5696694750486064,,0.0,0.007215172514177973,0
durocle01,Leo Durocher,Hitter,SS,Live-ball/pre-integration,1925.0,1945.0,1950.0,3.0,Power Hitter 2,0,24.0,1320.0,0.6188942843431509,,,,0.0,3.0,0.007202240980539283,0
sewelri01,Rip Sewell,Pitcher,P,Live-ball/pre-integration,1932.0,1949.0,1954.0,4.0,Workhorse Starting Pitcher,0,6.0,152.0,0.5051167512690355,143.0,15.0,3.4779804970116386,3.0,3.0,0.007200927366476197,0
peltyba01,Barney Pelty,Pitcher,P,Dead-ball,1903.0,1912.0,1917.0,4.0,Workhorse Starting Pitcher,0,0.0,100.0,0.3338188596160036,92.0,4.0,2.6320754716981134,,,0.00720057330262008,0
smithfr03,Frank Smith,Pitcher,P,Dead-ball,1904.0,1915.0,1920.0,4.0,Workhorse Starting Pitcher,0,2.0,156.0,0.5649055809012324,139.0,6.0,2.5923482849604222,,,0.00720057330262008,0
ewingbo01,Bob Ewing,Pitcher,P,Dead-ball,1902.0,1912.0,1917.0,4.0,Workhorse Starting Pitcher,0,3.0,170.0,0.485080463227553,124.0,4.0,2.4915254237288136,,,0.00720057330262008,0
hendrcl01,Claude Hendrix,Pitcher,P,Dead-ball,1911.0,1920.0,1925.0,4.0,Workhorse Starting Pitcher,0,14.0,222.0,0.6401211603520169,144.0,17.0,2.649142535844813,0.0,,0.00720057330262008,0
ehretre01,Red Ehret,Two-Way,P,19th century,1888.0,1898.0,1903.0,4.0,Workhorse Starting Pitcher,0,4.0,274.0,0.5202852775754392,139.0,4.0,4.015853806123683,,,0.0071998781538293475,0
dinnebi01,Bill Dinneen,Two-Way,P,19th century,1898.0,1909.0,1914.0,4.0,Workhorse Starting Pitcher,0,1.0,219.0,0.4705445220157197,170.0,7.0,3.012033824804857,,,0.0071998781538293475,0
engliwo01,Woody English,Hitter,SS,Live-ball/pre-integration,1927.0,1938.0,1943.0,3.0,Power Hitter 2,0,32.0,1356.0,0.743462153491652,,,,0.0,1.0,0.007188053145030051,0
boyleja01,Jack Boyle,Hitter,C,19th century,1886.0,1898.0,1903.0,3.0,Power Hitter 2,0,23.0,1070.0,0.642644427002534,,,,,,0.007180944943284939,0
creacde01,Dewey Creacy,Hitter,3B,Live-ball/pre-integration,1924.0,1938.0,1943.0,3.0,Power Hitter 2,0,85.0,1025.0,0.7957477428388612,,,,,,0.007170634658217292,0
phillda01,Dave Philley,Hitter,OF,Live-ball/pre-integration,1941.0,1962.0,1967.0,0.0,Power Hitter,0,84.0,1700.0,0.7102729023350474,,,,0.0,,0.0071331181294339765,0
hamnegr01,Granny Hamner,Hitter,SS,Live-ball/pre-integration,1944.0,1962.0,1967.0,3.0,Power Hitter 2,0,104.0,1529.0,0.6863289809238137,0.0,0.0,5.3999999999999995,1.0,3.0,0.0071331181294339765,0
kitsofr01,Frank Kitson,Two-Way,P,19th century,1898.0,1907.0,1912.0,4.0,Workhorse Starting Pitcher,0,4.0,235.0,0.5890656920326864,129.0,7.0,3.1678919729932487,,,0.007119429497406628,0
frasech01,Chick Fraser,Two-Way,P,19th century,1896.0,1909.0,1914.0,4.0,Workhorse Starting Pitcher,0,3.0,235.0,0.4600440880186957,175.0,6.0,3.6733055885850177,,,0.007119429497406628,0
howelha01,Harry Howell,Two-Way,P,19th century,1898.0,1910.0,1915.0,4.0,Workhorse Starting Pitcher,0,11.0,302.0,0.5763681082188973,131.0,6.0,2.737504868233156,,,0.007119429497406628,0
hugheto01,Tom Hughes,Two-Way,P,Dead-ball,1900.0,1913.0,1918.0,4.0,Workhorse Starting Pitcher,0,6.0,190.0,0.5088930266383294,132.0,15.0,3.0941754916792736,,,0.007119429497406628,0
donahre01,Red Donahue,Two-Way,P,19th century,1893.0,1906.0,1911.0,4.0,Workhorse Starting Pitcher,0,1.0,175.0,0.3603406468627522,164.0,3.0,3.6135520845038767,,,0.007119429497406628,0
cunnibe01,Bert Cunningham,Two-Way,P,19th century,1887.0,1901.0,1906.0,4.0,Workhorse Starting Pitcher,0,9.0,254.0,0.5499980891232898,142.0,2.0,4.222452462213554,,,0.007119429497406628,0
reedro01,Ron Reed,Pitcher,P,Expansion,1966.0,1984.0,1989.0,4.0,Workhorse Starting Pitcher,0,0.0,98.0,0.3629209500177242,146.0,103.0,3.4621905274488696,,1.0,0.007110216758314173,0
martivi01,Victor Martinez,Hitter,DH,Steroid,2002.0,2018.0,2023.0,0.0,Power Hitter,0,246.0,2153.0,0.814521053495592,,,,9.0,5.0,0.0070942921691186265,0
roepr01,Preacher Roe,Pitcher,P,Live-ball/pre-integration,1938.0,1954.0,1959.0,4.0,Workhorse Starting Pitcher,0,1.0,68.0,0.2804490636336896,127.0,10.0,3.4320041790005225,2.0,4.0,0.0070862494343124595,0
blackjo02,Joe Black,Pitcher,P,Integration,1952.0,1957.0,1962.0,1.0,Dominant Reliever / Closer,0,0.0,44.0,0.4316239316239316,49.0,30.0,3.718362282878412,2.0,0.0,0.00707973771592689,0
cartesp01,Spoon Carter,Pitcher,P,Live-ball/pre-integration,1932.0,1948.0,1953.0,3.0,Power Hitter 2,0,1.0,60.0,0.4831011646494634,53.0,5.0,4.855943437914273,,0.0,0.007071847706693277,0
gowdyha01,Hank Gowdy,Hitter,C,Dead-ball,1910.0,1930.0,1935.0,3.0,Power Hitter 2,0,21.0,738.0,0.7087327020775337,,,,1.0,,0.00701162339546714,0
gromest01,Steve Gromek,Pitcher,P,Live-ball/pre-integration,1941.0,1957.0,1962.0,4.0,Workhorse Starting Pitcher,0,0.0,124.0,0.4966625966625966,123.0,23.0,3.4087826929286407,1.0,0.0,0.00701162339546714,0
gomezca01,Carlos Gomez,Hitter,OF,Post-steroid,2007.0,2019.0,2024.0,2.0,Speed / Contact Profile,0,145.0,1189.0,0.7237129044687025,0.0,0.0,81.0,4.0,2.0,0.006995781839040783,0
alexama02,Manny Alexander,Hitter,SS,Free-agency,1992.0,2006.0,2011.0,2.0,Speed / Contact Profile,0,15.0,293.0,0.6063179519740869,0.0,0.0,67.5,,,0.006995781839040783,0
bellde01,Derek Bell,Hitter,OF,Free-agency,1991.0,2001.0,2006.0,2.0,Speed / Contact Profile,0,134.0,1262.0,0.7565433707220506,0.0,0.0,36.0,3.0,,0.006995781839040783,0
kluszte01,Ted Kluszewski,Hitter,1B,Integration,1947.0,1961.0,1966.0,0.0,Power Hitter,0,279.0,1766.0,0.8504368338049424,,,,3.0,4.0,0.006993818869757706,0
bassepe01,Pepper Bassett,Hitter,C,Live-ball/pre-integration,1935.0,1948.0,1953.0,3.0,Power Hitter 2,0,8.0,159.0,0.6213572485207101,1.0,0.0,6.75,,0.0,0.006988301562996198,0
cockrph01,Phil Cockrell,Pitcher,P,Dead-ball,1917.0,1934.0,1939.0,3.0,Power Hitter 2,0,5.0,170.0,0.6307782859568885,92.0,5.0,4.114585764294049,,,0.006960592127029048,0
leeth01,Thornton Lee,Pitcher,P,Live-ball/pre-integration,1933.0,1948.0,1953.0,4.0,Workhorse Starting Pitcher,0,4.0,167.0,0.4786505783334837,117.0,10.0,3.5554761223906204,3.0,1.0,0.006958524829929764,0
brittge01,George Britt,Pitcher,P,Dead-ball,1917.0,1944.0,1949.0,3.0,Power Hitter 2,0,2.0,210.0,0.6261243029321821,55.0,5.0,4.148330804248862,,0.0,0.006912011402716187,0
campbbr01,Bruce Campbell,Hitter,OF,Live-ball/pre-integration,1930.0,1942.0,1947.0,3.0,Power Hitter 2,0,106.0,1382.0,0.8221662941670902,,,,0.0,,0.0069061183182205395,0
woodge01,George Wood,Hitter,OF,19th century,1880.0,1892.0,1897.0,3.0,Power Hitter 2,0,68.0,1467.0,0.7320431602639548,0.0,2.0,5.25,,,0.006861773906292218,0
whitnar01,Art Whitney,Hitter,3B,19th century,1880.0,1891.0,1896.0,3.0,Power Hitter 2,0,6.0,820.0,0.5541490883731118,0.0,0.0,4.764705882352941,,,0.006855410948707465,0
mcmilro01,Roy McMillan,Hitter,SS,Integration,1951.0,1966.0,1971.0,3.0,Power Hitter 2,0,68.0,1639.0,0.6350491296917886,,,,3.0,2.0,0.006824088894879679,0
patekfr01,Freddie Patek,Hitter,SS,Expansion,1968.0,1981.0,1986.0,3.0,Power Hitter 2,0,41.0,1340.0,0.6326316889255781,,,,0.0,3.0,0.006814769439374554,0
brewech02,Chet Brewer,Pitcher,P,Live-ball/pre-integration,1925.0,1949.0,1954.0,4.0,Workhorse Starting Pitcher,0,1.0,106.0,0.5796783625730995,69.0,7.0,3.440399295361127,,0.0,0.0068105616773951,0
demonge01,Gene DeMontreville,Hitter,2B,19th century,1894.0,1904.0,1909.0,3.0,Power Hitter 2,0,17.0,1096.0,0.7121526500967172,,,,,,0.006808151464862984,0
anderbr01,Brady Anderson,Hitter,OF,Free-agency,1988.0,2002.0,2007.0,0.0,Power Hitter,0,210.0,1661.0,0.787272043800312,,,,1.0,3.0,0.006801279399909786,0
robinwi01,Wilbert Robinson,Hitter,C,19th century,1886.0,1902.0,1907.0,3.0,Power Hitter 2,0,18.0,1388.0,0.6617114112367933,,,,,,0.00670835776427669,0
snydepo01,Pop Snyder,Hitter,C,19th century,1873.0,1891.0,1896.0,3.0,Power Hitter 2,0,9.0,855.0,0.5524022780481296,,,,,,0.00670835776427669,0
beschbo01,Bob Bescher,Hitter,OF,Dead-ball,1908.0,1918.0,1923.0,3.0,Power Hitter 2,0,28.0,1171.0,0.7044482121120599,,,,0.0,,0.006693976666513535,0
castilu01,Luis Castillo,Hitter,2B,Steroid,1996.0,2010.0,2015.0,3.0,Power Hitter 2,0,28.0,1889.0,0.7185814796882983,,,,4.0,3.0,0.006687704233948213,0
crawfsa02,Sam Crawford,Pitcher,P,Dead-ball,1911.0,1931.0,1936.0,4.0,Workhorse Starting Pitcher,0,0.0,87.0,0.4612529711222642,61.0,7.0,3.980887372013652,,,0.006672626952614903,0
galanau01,Augie Galan,Hitter,OF,Live-ball/pre-integration,1934.0,1949.0,1954.0,3.0,Power Hitter 2,0,100.0,1706.0,0.8098373943551798,,,,0.0,3.0,0.006670524672154104,0
aguirha01,Hank Aguirre,Pitcher,P,Integration,1955.0,1970.0,1975.0,1.0,Dominant Reliever / Closer,0,0.0,33.0,0.2248727328541096,75.0,33.0,3.244972134722558,0.0,1.0,0.006663578525652783,0
kennada01,Dan Kennard,Hitter,C,Dead-ball,1913.0,1925.0,1930.0,3.0,Power Hitter 2,0,16.0,219.0,0.8157833872992797,,,,,,0.006654690995576988,0
cliftha01,Harlond Clift,Hitter,3B,Live-ball/pre-integration,1934.0,1945.0,1950.0,3.0,Power Hitter 2,0,178.0,1558.0,0.8308108154993006,,,,2.0,1.0,0.0066257057486423096,0
kempma01,Matt Kemp,Hitter,OF,Post-steroid,2006.0,2020.0,2025.0,0.0,Power Hitter,0,287.0,1808.0,0.8209678992907806,,,,17.0,3.0,0.006583809602532272,0
truckvi01,Virgil Trucks,Two-Way,P,Live-ball/pre-integration,1941.0,1958.0,1963.0,4.0,Workhorse Starting Pitcher,0,2.0,171.0,0.4018483685619776,177.0,30.0,3.385485274015161,0.0,2.0,0.006573502134101672,0
wickwfr01,Frank Wickware,Pitcher,P,Dead-ball,1910.0,1921.0,1926.0,4.0,Workhorse Starting Pitcher,0,0.0,68.0,0.5010452961672474,56.0,3.0,2.649867374005306,,,0.006571451788384097,0
shankho01,Howie Shanks,Hitter,OF,Dead-ball,1912.0,1925.0,1930.0,3.0,Power Hitter 2,0,25.0,1440.0,0.6441425333984471,,,,,,0.006571062445436453,0
highan01,Andy High,Hitter,3B,Live-ball/pre-integration,1922.0,1934.0,1939.0,3.0,Power Hitter 2,0,44.0,1250.0,0.7376655281135049,,,,0.0,,0.006571062445436453,0
wittwh01,Whitey Witt,Hitter,OF,Dead-ball,1916.0,1926.0,1931.0,3.0,Power Hitter 2,0,18.0,1195.0,0.7260330122325236,,,,,,0.006571062445436453,0
collish01,Shano Collins,Hitter,OF,Dead-ball,1910.0,1925.0,1930.0,3.0,Power Hitter 2,0,22.0,1687.0,0.6706132470373865,,,,,,0.006571062445436453,0
melilsk01,Oscar Melillo,Hitter,2B,Live-ball/pre-integration,1926.0,1937.0,1942.0,3.0,Power Hitter 2,0,22.0,1316.0,0.6460875457206616,,,,1.0,,0.006571062445436453,0
sherdbi01,Bill Sherdel,Two-Way,P,Dead-ball,1918.0,1932.0,1937.0,4.0,Workhorse Starting Pitcher,0,9.0,214.0,0.5694010416666666,165.0,26.0,3.7204724409448815,1.0,,0.006555354703185773,0
kleskry01,Ryan Klesko,Hitter,OF,Free-agency,1992.0,2007.0,2012.0,0.0,Power Hitter,0,278.0,1564.0,0.8703533271123718,,,,3.0,1.0,0.006550808728942315,0
ryanre01,Red Ryan,Pitcher,P,Dead-ball,1919.0,1932.0,1937.0,4.0,Workhorse Starting Pitcher,0,2.0,98.0,0.5132115464065672,84.0,1.0,3.3264119601328903,,,0.006541106270146278,0
morrijo01,John Morrill,Hitter,1B,19th century,1876.0,1890.0,1895.0,3.0,Power Hitter 2,0,43.0,1275.0,0.6774508559598498,1.0,3.0,4.295454545454546,,,0.006539500452090428,0
ruethdu01,Dutch Ruether,Two-Way,P,Dead-ball,1917.0,1927.0,1932.0,4.0,Workhorse Starting Pitcher,0,7.0,250.0,0.6493286145313891,137.0,8.0,3.498901788515846,1.0,,0.006531833755607468,0
keenaji01,Jim Keenan,Hitter,C,19th century,1875.0,1891.0,1896.0,3.0,Power Hitter 2,0,22.0,451.0,0.657198551935394,0.0,0.0,2.3684210526315788,,,0.006505801060455838,0
scottge02,George Scott,Hitter,1B,Expansion,1966.0,1979.0,1984.0,0.0,Power Hitter,0,271.0,1992.0,0.7674102219102916,,,,10.0,3.0,0.006499037963803549,0
marisro01,Roger Maris,Hitter,OF,Integration,1957.0,1968.0,1973.0,0.0,Power Hitter,0,275.0,1325.0,0.82157023934151,,,,8.0,7.0,0.0064292425934803716,0
nicolhu01,Hugh Nicol,Hitter,OF,19th century,1881.0,1890.0,1895.0,3.0,Power Hitter 2,0,5.0,813.0,0.5886291486291486,,,,,,0.006396599778786757,0
scottev01,Everett Scott,Hitter,SS,Dead-ball,1914.0,1926.0,1931.0,3.0,Power Hitter 2,0,20.0,1455.0,0.5964628446357825,,,,2.0,,0.006391928926733552,0
saxst01,Steve Sax,Hitter,2B,Free-agency,1981.0,1994.0,1999.0,0.0,Power Hitter,0,54.0,1949.0,0.6924375895928694,,,,4.0,5.0,0.006334727383738138,0
knabeot01,Otto Knabe,Hitter,2B,Dead-ball,1905.0,1916.0,1921.0,3.0,Power Hitter 2,0,8.0,1103.0,0.6389438532468831,,,,0.0,,0.006318676741114829,0
motama01,Manny Mota,Hitter,OF,Expansion,1962.0,1982.0,1987.0,3.0,Power Hitter 2,0,31.0,1149.0,0.7440482853861727,,,,1.0,1.0,0.006312651737856518,0
wisesa01,Sam Wise,Hitter,SS,19th century,1881.0,1893.0,1898.0,3.0,Power Hitter 2,0,48.0,1281.0,0.728513189547392,,,,,,0.006303018855583364,0
leebi02,Bill Lee,Two-Way,P,Live-ball/pre-integration,1934.0,1947.0,1952.0,4.0,Workhorse Starting Pitcher,0,5.0,165.0,0.4071627869897959,169.0,13.0,3.5415502793296088,1.0,2.0,0.006291820442105086,0
stripjo01,Joe Stripp,Hitter,3B,Live-ball/pre-integration,1928.0,1938.0,1943.0,3.0,Power Hitter 2,0,24.0,1238.0,0.723878794942425,,,,,,0.006272664210585187,0
reilljo01,John Reilly,Hitter,1B,19th century,1880.0,1891.0,1896.0,3.0,Power Hitter 2,0,69.0,1352.0,0.7629098000738896,,,,,,0.006225697865552943,0
gradymi01,Mike Grady,Hitter,C,19th century,1894.0,1906.0,1911.0,3.0,Power Hitter 2,0,35.0,884.0,0.7986877759935769,,,,,,0.006225697865552943,0
sandesc01,Scott Sanderson,Pitcher,P,Free-agency,1978.0,1996.0,2001.0,4.0,Workhorse Starting Pitcher,0,2.0,46.0,0.2876258511927142,163.0,5.0,3.8400780741704623,,1.0,0.006220686881591795,0
leiteal01,Al Leiter,Pitcher,P,Free-agency,1987.0,2005.0,2010.0,4.0,Workhorse Starting Pitcher,0,0.0,45.0,0.2434797128068125,162.0,2.0,3.801756587202008,6.0,2.0,0.006220686881591795,0
dismudi01,Dizzy Dismukes,Pitcher,P,Dead-ball,1911.0,1932.0,1937.0,4.0,Workhorse Starting Pitcher,0,0.0,67.0,0.3744334412492858,75.0,2.0,3.3059659090909093,,,0.006214005808583853,0
singlke01,Ken Singleton,Hitter,OF,Expansion,1970.0,1984.0,1989.0,0.0,Power Hitter,0,246.0,2029.0,0.8239142567784535,,,,5.0,3.0,0.006209535018220386,0
forceda01,Davy Force,Hitter,SS,19th century,1871.0,1886.0,1891.0,3.0,Power Hitter 2,0,1.0,1059.0,0.571995620944701,1.0,0.0,6.12,,,0.0061880354154383805,0
gonzami01,Mike Gonzalez,Hitter,C,Dead-ball,1912.0,1932.0,1937.0,3.0,Power Hitter 2,0,13.0,717.0,0.638428520931172,,,,,,0.006180670822123897,0
clemeja01,Jack Clements,Hitter,C,19th century,1884.0,1900.0,1905.0,3.0,Power Hitter 2,0,77.0,1231.0,0.768623323088103,,,,,,0.006180670822123897,0
burdoja01,Jack Burdock,Hitter,2B,19th century,1872.0,1891.0,1896.0,3.0,Power Hitter 2,0,18.0,1231.0,0.5878131593455977,,,,,,0.006180670822123897,0
wilsoji01,Jimmie Wilson,Hitter,C,Live-ball/pre-integration,1923.0,1940.0,1945.0,3.0,Power Hitter 2,0,32.0,1358.0,0.706628010368433,,,,2.0,2.0,0.006180670822123897,0
mckecbi01,Bill McKechnie,Hitter,3B,Dead-ball,1907.0,1920.0,1925.0,3.0,Power Hitter 2,0,8.0,713.0,0.6138789567413816,,,,,,0.006179562860717309,0
lucasre01,Red Lucas,Two-Way,PH,Live-ball/pre-integration,1923.0,1938.0,1943.0,4.0,Workhorse Starting Pitcher,0,3.0,404.0,0.6869657498981114,157.0,7.0,3.7210857592446898,2.0,,0.006179257413057746,0
caldwra02,Ray Caldwell,Two-Way,P,Dead-ball,1910.0,1921.0,1926.0,4.0,Workhorse Starting Pitcher,0,8.0,289.0,0.6193537034736886,133.0,9.0,3.2194469223907225,,,0.006179257413057746,0
petwabr01,Bruce Petway,Hitter,C,Dead-ball,1906.0,1925.0,1930.0,3.0,Power Hitter 2,0,7.0,450.0,0.6145965793727932,,,,,,0.006163684229241305,0
avilabo01,Bobby Avila,Hitter,2B,Integration,1949.0,1959.0,1964.0,3.0,Power Hitter 2,0,80.0,1296.0,0.7468483618512415,,,,1.0,3.0,0.0061467587266163005,0
walkeho01,Hoss Walker,Hitter,SS,Live-ball/pre-integration,1929.0,1948.0,1953.0,3.0,Power Hitter 2,0,9.0,312.0,0.5805357415526906,0.0,0.0,0.0,,0.0,0.006137400409118172,0
pearsmo01,Monte Pearson,Pitcher,P,Live-ball/pre-integration,1932.0,1941.0,1946.0,4.0,Workhorse Starting Pitcher,0,2.0,117.0,0.5730570387320959,100.0,4.0,3.997435299603637,,2.0,0.006119068238803609,0
crainje01,Jesse Crain,Pitcher,P,Steroid,2004.0,2013.0,2018.0,1.0,Dominant Reliever / Closer,0,0.0,0.0,0.0,45.0,4.0,3.045112781954887,0.0,1.0,0.006106335650035313,0
powelja04,Jay Powell,Pitcher,P,Steroid,1995.0,2005.0,2010.0,1.0,Dominant Reliever / Closer,0,0.0,2.0,0.3333333333333333,36.0,22.0,4.165334972341733,,,0.006106335650035313,0
castivi02,Vinny Castilla,Hitter,3B,Free-agency,1991.0,2006.0,2011.0,0.0,Power Hitter,0,320.0,1884.0,0.7971589380662665,,,,10.0,2.0,0.006104922706648122,0
palmcl01,Clarence Palm,Hitter,C,Live-ball/pre-integration,1927.0,1946.0,1951.0,3.0,Power Hitter 2,0,52.0,435.0,0.807554587958524,,,,,,0.00610484149073103,0
reduswi01,Wilson Redus,Hitter,LF,Live-ball/pre-integration,1924.0,1940.0,1945.0,3.0,Power Hitter 2,0,89.0,857.0,0.8433108746609722,,,,,0.0,0.00610484149073103,0
schupfe01,Ferdie Schupp,Pitcher,P,Dead-ball,1913.0,1922.0,1927.0,3.0,Power Hitter 2,0,1.0,58.0,0.4826583801122694,61.0,6.0,3.321631878557875,,,0.006100962252891711,0
frymatr01,Travis Fryman,Hitter,3B,Free-agency,1990.0,2002.0,2007.0,0.0,Power Hitter,0,223.0,1776.0,0.7787118186795221,,,,7.0,5.0,0.006093604018942869,0
dempsri01,Rick Dempsey,Hitter,C,Expansion,1969.0,1992.0,1997.0,0.0,Power Hitter,0,96.0,1093.0,0.6656487217381095,0.0,0.0,4.5,2.0,,0.006085864299070135,0
foliti01,Tim Foli,Hitter,SS,Expansion,1970.0,1985.0,1990.0,3.0,Power Hitter 2,0,25.0,1515.0,0.5928262392231083,,,,,,0.006075119807085335,0
leonadu01,Dutch Leonard,Pitcher,P,Dead-ball,1913.0,1925.0,1930.0,4.0,Workhorse Starting Pitcher,0,0.0,124.0,0.4388179562373111,139.0,13.0,2.759124087591241,1.0,,0.006038708102266291,0
cardele01,Leo Cardenas,Hitter,SS,Integration,1960.0,1975.0,1980.0,0.0,Power Hitter,0,118.0,1725.0,0.6785096980516336,,,,2.0,5.0,0.0060269521221124256,0
hawkila01,LaTroy Hawkins,Pitcher,P,Steroid,1995.0,2015.0,2020.0,1.0,Dominant Reliever / Closer,0,0.0,0.0,0.0,75.0,127.0,4.305770104497955,,,0.006018259766802954,0
mondari01,Rick Monday,Hitter,OF,Expansion,1966.0,1984.0,1989.0,0.0,Power Hitter,0,241.0,1619.0,0.803695951536578,,,,2.0,2.0,0.006000552920204894,0
biittla01,Larry Biittner,Hitter,OF,Expansion,1970.0,1983.0,1988.0,2.0,Speed / Contact Profile,0,29.0,861.0,0.6827546810536338,0.0,0.0,40.5,,,0.005982172896130375,0
mcdonjo03,John McDonald,Hitter,SS,Steroid,1999.0,2014.0,2019.0,1.0,Dominant Reliever / Closer,0,28.0,568.0,0.5959428408638262,0.0,0.0,0.0,,,0.005982172896130375,0
whitema01,Mark Whiten,Hitter,OF,Free-agency,1990.0,2000.0,2005.0,1.0,Dominant Reliever / Closer,0,105.0,804.0,0.7559609678289527,0.0,0.0,9.0,2.0,,0.005982172896130375,0
mabryjo01,John Mabry,Hitter,OF,Steroid,1994.0,2007.0,2012.0,2.0,Speed / Contact Profile,0,96.0,898.0,0.7266853326914928,0.0,0.0,63.0,0.0,,0.005982172896130375,0
stewada01,Dave Stewart,Pitcher,P,Free-agency,1978.0,1995.0,2000.0,4.0,Workhorse Starting Pitcher,0,0.0,10.0,0.4956427015250544,168.0,19.0,3.9495500063379385,10.0,1.0,0.00596991485483249,0
suhrgu01,Gus Suhr,Hitter,1B,Live-ball/pre-integration,1930.0,1940.0,1945.0,3.0,Power Hitter 2,0,84.0,1446.0,0.7959683634703426,,,,1.0,1.0,0.005965384236431061,0
jacksmi02,Michael Jackson,Pitcher,P,Free-agency,1986.0,2004.0,2009.0,1.0,Dominant Reliever / Closer,0,0.0,5.0,0.4568965517241379,62.0,142.0,3.415708274894811,0.0,,0.0059619670628512245,0
halesa01,Sammy Hale,Hitter,3B,Live-ball/pre-integration,1920.0,1930.0,1935.0,3.0,Power Hitter 2,0,30.0,880.0,0.7601558336097034,,,,,,0.005952671656183455,0
streehu01,Huston Street,Pitcher,P,Post-steroid,2005.0,2017.0,2022.0,1.0,Dominant Reliever / Closer,0,0.0,0.0,0.0,42.0,324.0,2.9514705882352943,6.0,2.0,0.005931137345109636,0
henketo01,Tom Henke,Pitcher,P,Free-agency,1982.0,1995.0,2000.0,1.0,Dominant Reliever / Closer,0,0.0,0.0,0.0,41.0,311.0,2.666948079358379,1.0,2.0,0.005931137345109636,0
torremi01,Mike Torrez,Pitcher,P,Expansion,1967.0,1984.0,1989.0,4.0,Workhorse Starting Pitcher,0,0.0,64.0,0.3588569335043048,185.0,0.0,3.961892247043364,0.0,,0.005909918927440272,0
reisepe01,Pete Reiser,Hitter,OF,Live-ball/pre-integration,1940.0,1952.0,1957.0,3.0,Power Hitter 2,0,58.0,786.0,0.8294966190833959,,,,3.0,3.0,0.005905706612364562,0
klinero01,Ron Kline,Pitcher,P,Integration,1952.0,1970.0,1975.0,1.0,Dominant Reliever / Closer,0,0.0,45.0,0.2216037996310804,114.0,108.0,3.7507218479307025,0.0,,0.005898290472084237,0
jeffrha01,Harry Jeffries,Hitter,3B,Live-ball/pre-integration,1920.0,1944.0,1949.0,3.0,Power Hitter 2,0,6.0,484.0,0.6281070964784967,0.0,0.0,5.3999999999999995,,,0.005893378307973066,0
groombo01,Bob Groom,Pitcher,P,Dead-ball,1909.0,1918.0,1923.0,4.0,Workhorse Starting Pitcher,0,0.0,98.0,0.3266441226775992,119.0,13.0,3.1048651733485517,,,0.005889018577371227,0
severha01,Hank Severeid,Hitter,C,Dead-ball,1911.0,1926.0,1931.0,3.0,Power Hitter 2,0,17.0,1245.0,0.7094747809033524,,,,0.0,,0.00588349105070805,0
barryja01,Jack Barry,Hitter,SS,Dead-ball,1908.0,1919.0,1924.0,3.0,Power Hitter 2,0,10.0,1009.0,0.62388539403166,,,,2.0,,0.005864646359030651,0
alexado01,Doyle Alexander,Pitcher,P,Expansion,1971.0,1989.0,1994.0,4.0,Workhorse Starting Pitcher,0,0.0,44.0,0.3911722634697909,194.0,3.0,3.757497772938731,2.0,1.0,0.005843798936494868,0
burneaj01,A. J. Burnett,Pitcher,P,Steroid,1999.0,2015.0,2020.0,4.0,Workhorse Starting Pitcher,0,4.0,56.0,0.3174913911033539,164.0,0.0,3.9870637051501094,4.0,1.0,0.005843798936494868,0
sizemte01,Ted Sizemore,Hitter,2B,Expansion,1969.0,1980.0,1985.0,3.0,Power Hitter 2,0,23.0,1311.0,0.6463202406493364,,,,1.0,,0.005842029758988863,0
mulvejo01,Joe Mulvey,Hitter,3B,19th century,1883.0,1895.0,1900.0,3.0,Power Hitter 2,0,28.0,1059.0,0.6417097850357347,,,,,,0.005840007478861239,0
phillbi01,Bill Phillips,Hitter,1B,19th century,1879.0,1888.0,1893.0,3.0,Power Hitter 2,0,17.0,1130.0,0.6729260537967894,,,,,,0.005840007478861239,0
lewisbu01,Buddy Lewis,Hitter,3B,Live-ball/pre-integration,1935.0,1949.0,1954.0,3.0,Power Hitter 2,0,71.0,1563.0,0.7885574903270983,,,,0.0,2.0,0.005830822814588783,0
gibsoki01,Kirk Gibson,Hitter,OF,Free-agency,1979.0,1995.0,2000.0,0.0,Power Hitter,0,255.0,1553.0,0.8148386502579663,,,,10.0,,0.005828844396681949,0
pfeffje01,Jeff Pfeffer,Pitcher,P,Dead-ball,1911.0,1924.0,1929.0,4.0,Workhorse Starting Pitcher,0,0.0,180.0,0.4685849396459431,158.0,10.0,2.7740238161174187,,,0.00582292821112638,0
mcdougi01,Gil McDougald,Hitter,2B,Integration,1951.0,1960.0,1965.0,3.0,Power Hitter 2,0,112.0,1291.0,0.7657353146804595,,,,3.0,6.0,0.005814718836638396,0
herndla01,Larry Herndon,Hitter,OF,Expansion,1974.0,1988.0,1993.0,3.0,Power Hitter 2,0,107.0,1334.0,0.7309465772461291,,,,2.0,,0.005811306463620136,0
rivermi01,Mickey Rivers,Hitter,OF,Expansion,1970.0,1984.0,1989.0,3.0,Power Hitter 2,0,61.0,1660.0,0.7238029778585169,,,,1.0,1.0,0.005803719638403517,0
phillbr01,Brandon Phillips,Hitter,2B,Steroid,2002.0,2018.0,2023.0,0.0,Power Hitter,0,211.0,2029.0,0.7397103207480176,,,,6.0,3.0,0.005791431658050218,0
lockebo02,Bob Locker,Pitcher,P,Expansion,1965.0,1975.0,1980.0,1.0,Dominant Reliever / Closer,0,0.0,7.0,0.2193152784874808,57.0,95.0,2.7542662116040955,,,0.005784046413719322,0
reyesal01,Alberto Reyes,Pitcher,P,Steroid,1995.0,2008.0,2013.0,1.0,Dominant Reliever / Closer,0,0.0,3.0,0.5576923076923077,23.0,32.0,3.8211508553654743,,,0.005767707278094036,0
ramirha01,Hanley Ramirez,Hitter,SS,Post-steroid,2005.0,2019.0,2024.0,0.0,Power Hitter,0,271.0,1834.0,0.8465161089489203,,,,9.0,3.0,0.005761315941061864,0
lidgebr01,Brad Lidge,Pitcher,P,Steroid,2002.0,2012.0,2017.0,1.0,Dominant Reliever / Closer,0,0.0,2.0,0.7142857142857142,26.0,225.0,3.535359116022099,5.0,2.0,0.005753112221022784,0
alberma01,Matt Albers,Pitcher,P,Post-steroid,2006.0,2019.0,2024.0,1.0,Dominant Reliever / Closer,0,0.0,3.0,0.2,47.0,7.0,4.351778656126482,,,0.005753112221022784,0
kendaja01,Jason Kendall,Hitter,C,Steroid,1996.0,2010.0,2015.0,0.0,Power Hitter,0,75.0,2195.0,0.7439699110072326,,,,2.0,3.0,0.0057500964748574595,0
daviscu01,Curt Davis,Pitcher,P,Live-ball/pre-integration,1934.0,1946.0,1951.0,4.0,Workhorse Starting Pitcher,0,11.0,165.0,0.4939413484503454,158.0,33.0,3.4219354838709677,2.0,2.0,0.005732192336747573,0
corkhpo01,John Corkhill,Hitter,OF,19th century,1883.0,1892.0,1897.0,3.0,Power Hitter 2,0,31.0,1120.0,0.6249924704931915,3.0,2.0,4.620320855614974,,,0.005727420557070334,0
lopated01,Eddie Lopat,Pitcher,P,Live-ball/pre-integration,1944.0,1955.0,1960.0,4.0,Workhorse Starting Pitcher,0,5.0,187.0,0.5388716892282677,166.0,3.0,3.20620388084176,0.0,1.0,0.00572159567921491,0
riddlel01,Elmer Riddle,Pitcher,P,Live-ball/pre-integration,1939.0,1949.0,1954.0,3.0,Power Hitter 2,0,1.0,69.0,0.4876979614706415,65.0,8.0,3.404692082111437,3.0,1.0,0.005705854437589217,0
adamssp01,Sparky Adams,Hitter,2B,Live-ball/pre-integration,1922.0,1934.0,1939.0,3.0,Power Hitter 2,0,9.0,1588.0,0.6953714293309907,,,,0.0,,0.005693233105679928,0
mowremi01,Mike Mowrey,Hitter,3B,Dead-ball,1905.0,1917.0,1922.0,3.0,Power Hitter 2,0,7.0,1099.0,0.663134348415543,,,,,,0.005693233105679928,0
sullibi03,Billy Sullivan,Hitter,C,19th century,1899.0,1916.0,1921.0,3.0,Power Hitter 2,0,21.0,777.0,0.535404699891425,,,,2.0,,0.005693233105679928,0
stovage01,George Stovall,Hitter,1B,Dead-ball,1904.0,1915.0,1920.0,3.0,Power Hitter 2,0,15.0,1382.0,0.6313773487556049,,,,0.0,,0.005693233105679928,0
bridwal01,Al Bridwell,Hitter,SS,Dead-ball,1905.0,1915.0,1920.0,3.0,Power Hitter 2,0,2.0,1064.0,0.6422097950494507,,,,,,0.005693233105679928,0
rawlijo01,Johnny Rawlings,Hitter,2B,Dead-ball,1914.0,1926.0,1931.0,3.0,Power Hitter 2,0,14.0,928.0,0.6114580507211685,,,,,,0.005693233105679928,0
schmija01,Jason Schmidt,Pitcher,P,Steroid,1995.0,2009.0,2014.0,4.0,Workhorse Starting Pitcher,0,7.0,63.0,0.2956502771090177,130.0,0.0,3.9582568041409254,6.0,3.0,0.005676795805879742,0
brodist01,Steve Brodie,Hitter,OF,19th century,1890.0,1902.0,1907.0,3.0,Power Hitter 2,0,25.0,1728.0,0.7453605763469182,,,,,,0.005675837672388585,0
walkege02,Gee Walker,Hitter,OF,Live-ball/pre-integration,1931.0,1945.0,1950.0,0.0,Power Hitter,0,124.0,1991.0,0.7613654908105917,,,,0.0,1.0,0.005675837672388585,0
chaveer01,Eric Chavez,Hitter,3B,Steroid,1998.0,2014.0,2019.0,0.0,Power Hitter,0,260.0,1477.0,0.8175727561805843,,,,11.0,,0.005675011441653048,0
hayesfr01,Frankie Hayes,Hitter,C,Live-ball/pre-integration,1933.0,1947.0,1952.0,3.0,Power Hitter 2,0,119.0,1164.0,0.7435705596828026,,,,2.0,5.0,0.005672089548114849,0
peitzhe01,Heinie Peitz,Hitter,C,19th century,1892.0,1913.0,1918.0,3.0,Power Hitter 2,0,16.0,1117.0,0.7025397867508294,0.0,0.0,7.3125,,,0.005668400789643979,0
marbefi01,Firpo Marberry,Pitcher,P,Live-ball/pre-integration,1923.0,1936.0,1941.0,1.0,Dominant Reliever / Closer,0,1.0,128.0,0.4606648771422672,148.0,101.0,3.6307642695904545,0.0,,0.005665381909861125,0
mcdonwe01,Webster McDonald,Pitcher,P,Live-ball/pre-integration,1925.0,1940.0,1945.0,4.0,Workhorse Starting Pitcher,0,4.0,102.0,0.529240298779377,80.0,6.0,3.8023163990523825,,,0.005656302077732767,0
dalryab01,Abner Dalrymple,Hitter,OF,19th century,1878.0,1891.0,1896.0,3.0,Power Hitter 2,0,43.0,1202.0,0.732411855890154,,,,,,0.005650580560347227,0
hartsto01,Topsy Hartsel,Hitter,OF,19th century,1898.0,1911.0,1916.0,3.0,Power Hitter 2,0,31.0,1336.0,0.7537909695392919,,,,,,0.005650580560347227,0
allenet01,Ethan Allen,Hitter,OF,Live-ball/pre-integration,1926.0,1938.0,1943.0,3.0,Power Hitter 2,0,47.0,1325.0,0.7454671568658437,,,,0.0,,0.00562335020532129,0
douthta01,Taylor Douthit,Hitter,OF,Live-ball/pre-integration,1923.0,1933.0,1938.0,3.0,Power Hitter 2,0,29.0,1201.0,0.7481415208347229,,,,0.0,,0.00562335020532129,0
rojasco01,Cookie Rojas,Hitter,2B,Expansion,1962.0,1977.0,1982.0,3.0,Power Hitter 2,0,54.0,1660.0,0.6429930699479929,0.0,0.0,0.0,1.0,5.0,0.005600071590155362,0
neshepa01,Pat Neshek,Pitcher,P,Post-steroid,2006.0,2019.0,2024.0,3.0,Power Hitter 2,0,0.0,0.0,,36.0,16.0,2.82172131147541,,2.0,0.005588798726315811,0
cookde01,Dennis Cook,Pitcher,P,Free-agency,1988.0,2002.0,2007.0,3.0,Power Hitter 2,0,2.0,29.0,0.6377312952534191,64.0,9.0,3.914332784184514,,,0.0055860212006317925,0
eckstda01,David Eckstein,Hitter,SS,Steroid,2001.0,2010.0,2015.0,3.0,Power Hitter 2,0,35.0,1414.0,0.7005268709424299,,,,2.0,2.0,0.005573824831284733,0
dunstsh01,Shawon Dunston,Hitter,SS,Free-agency,1985.0,2002.0,2007.0,0.0,Power Hitter,0,150.0,1597.0,0.7115366378830975,,,,2.0,2.0,0.005564483055501933,0
malzofr01,Frank Malzone,Hitter,3B,Integration,1955.0,1966.0,1971.0,3.0,Power Hitter 2,0,133.0,1486.0,0.7142724310105193,,,,4.0,8.0,0.005554115381331886,0
magrijo01,José Magriñat,Hitter,LF,Dead-ball,1906.0,1916.0,1921.0,3.0,Power Hitter 2,0,1.0,159.0,0.5520640858939556,3.0,0.0,4.32,,,0.005547430257870344,0
ballwa01,Walter Ball,Pitcher,P,Dead-ball,1904.0,1921.0,1926.0,3.0,Power Hitter 2,0,1.0,83.0,0.6031931464174455,32.0,2.0,2.6473915776241355,,,0.005547430257870344,0
cullero01,Roy Cullenbine,Hitter,OF,Live-ball/pre-integration,1938.0,1947.0,1952.0,3.0,Power Hitter 2,0,110.0,1072.0,0.8399927992552708,,,,2.0,2.0,0.005543961428548522,0
roweja01,Jack Rowe,Hitter,SS,19th century,1879.0,1890.0,1895.0,3.0,Power Hitter 2,0,28.0,1256.0,0.7150904037903884,,,,,,0.005542298547272482,0
chacope01,Pelayo Chacón,Hitter,SS,Dead-ball,1910.0,1927.0,1932.0,3.0,Power Hitter 2,0,6.0,500.0,0.6929861340195137,0.0,0.0,0.0,,,0.0055408264036938696,0
johnssy01,Syl Johnson,Pitcher,P,Live-ball/pre-integration,1922.0,1940.0,1945.0,4.0,Workhorse Starting Pitcher,0,4.0,127.0,0.4469701422933885,112.0,43.0,4.060181622287209,,,0.0055408264036938696,0
duncafr01,Frank Duncan,Hitter,LF,Dead-ball,1908.0,1928.0,1933.0,3.0,Power Hitter 2,0,7.0,543.0,0.689698747356567,,,,,,0.0055408264036938696,0
hewitjo01,Joe Hewitt,Hitter,SS,Dead-ball,1911.0,1932.0,1937.0,3.0,Power Hitter 2,0,7.0,482.0,0.6536113815860651,,,,,,0.0055408264036938696,0
westji01,Jim West,Hitter,1B,Live-ball/pre-integration,1930.0,1948.0,1953.0,3.0,Power Hitter 2,0,34.0,716.0,0.7607131716252615,,,,,0.0,0.0055408264036938696,0
mancugu01,Gus Mancuso,Hitter,C,Live-ball/pre-integration,1928.0,1945.0,1950.0,3.0,Power Hitter 2,0,53.0,1194.0,0.679290371809101,,,,0.0,2.0,0.0055408264036938696,0
mesajo01,Jose Mesa,Pitcher,P,Free-agency,1987.0,2007.0,2012.0,1.0,Dominant Reliever / Closer,0,0.0,0.0,0.3333333333333333,80.0,321.0,4.358588032716315,5.0,2.0,0.005539977616371987,0
maulal01,Al Maul,Two-Way,P,19th century,1884.0,1901.0,1906.0,3.0,Power Hitter 2,0,7.0,332.0,0.6692015209125475,84.0,1.0,4.454187875983341,,,0.005539558500027679,0
ehmkeho01,Howard Ehmke,Two-Way,P,Dead-ball,1915.0,1930.0,1935.0,4.0,Workhorse Starting Pitcher,0,0.0,210.0,0.4857001958221418,166.0,14.0,3.745922949657292,1.0,,0.005539558500027679,0
forscbo01,Bob Forsch,Two-Way,P,Expansion,1974.0,1989.0,1994.0,4.0,Workhorse Starting Pitcher,0,12.0,190.0,0.556809744134243,168.0,3.0,3.7646708015267176,4.0,,0.005524689600056685,0
bowerfr01,Frank Bowerman,Hitter,C,19th century,1895.0,1909.0,1914.0,3.0,Power Hitter 2,0,13.0,853.0,0.6011297024621007,0.0,0.0,9.0,,,0.005517653830101661,0
phillto02,Tony Phillips,Hitter,OF,Free-agency,1982.0,1999.0,2004.0,0.0,Power Hitter,0,160.0,2023.0,0.7632931721764011,,,,2.0,,0.0055112051974308286,0
startjo01,Joe Start,Hitter,1B,19th century,1871.0,1886.0,1891.0,3.0,Power Hitter 2,0,15.0,1417.0,0.6898925538954557,,,,,,0.005510394102051328,0
candito01,Tom Candiotti,Pitcher,P,Free-agency,1983.0,1999.0,2004.0,4.0,Workhorse Starting Pitcher,0,0.0,35.0,0.2733896538244364,151.0,0.0,3.7321100917431194,2.0,,0.005503246310744756,0
caldwmi01,Mike Caldwell,Pitcher,P,Expansion,1971.0,1984.0,1989.0,4.0,Workhorse Starting Pitcher,0,0.0,34.0,0.3617605161722809,137.0,18.0,3.8112371990035983,4.0,,0.005492738539279022,0
blairpa01,Paul Blair,Hitter,OF,Expansion,1964.0,1980.0,1985.0,0.0,Power Hitter,0,134.0,1513.0,0.6841882148645695,,,,10.0,2.0,0.005487951650249962,0
camermi01,Mike Cameron,Hitter,OF,Steroid,1995.0,2011.0,2016.0,0.0,Power Hitter,0,278.0,1700.0,0.7817383454460132,,,,5.0,1.0,0.005482820631328637,0
meadole01,Lee Meadows,Two-Way,P,Dead-ball,1915.0,1929.0,1934.0,4.0,Workhorse Starting Pitcher,0,5.0,201.0,0.4383778936201657,188.0,7.0,3.3742881248681713,,,0.0054577101861807776,0
chambjo03,Joba Chamberlain,Pitcher,P,Post-steroid,2007.0,2016.0,2021.0,1.0,Dominant Reliever / Closer,0,0.0,0.0,0.1428571428571428,25.0,7.0,3.8085234093637457,0.0,,0.005442524074423933,0
carribi02,Bill Carrigan,Hitter,C,Dead-ball,1906.0,1916.0,1921.0,3.0,Power Hitter 2,0,6.0,506.0,0.6481531433744567,,,,3.0,,0.005434433861166411,0
jonesad01,Adam Jones,Hitter,OF,Post-steroid,2006.0,2019.0,2024.0,0.0,Power Hitter,0,282.0,1939.0,0.7708635586858837,,,,7.0,5.0,0.005429604767055885,0
sudhowi01,Willie Sudhoff,Pitcher,P,19th century,1897.0,1906.0,1911.0,4.0,Workhorse Starting Pitcher,0,1.0,149.0,0.4600019117514298,102.0,3.0,3.5994217796337935,,,0.005425429742929419,0
foremfr01,Frank Foreman,Pitcher,P,19th century,1884.0,1902.0,1907.0,4.0,Workhorse Starting Pitcher,0,9.0,169.0,0.6211478176995417,96.0,4.0,3.9728944820909975,,,0.005425429742929419,0
thomsbo01,Bobby Thomson,Hitter,OF,Live-ball/pre-integration,1946.0,1960.0,1965.0,0.0,Power Hitter,0,264.0,1705.0,0.793888613319391,,,,0.0,3.0,0.005411985753159395,0
willine01,Ed Williamson,Hitter,3B,19th century,1878.0,1890.0,1895.0,3.0,Power Hitter 2,0,64.0,1159.0,0.7162950195316468,1.0,3.0,3.342857142857143,,,0.005409297466808961,0
martira05,Rabbit Martínez,Hitter,SS,Live-ball/pre-integration,1935.0,1947.0,1952.0,3.0,Power Hitter 2,0,3.0,217.0,0.5787244820424498,,,,,0.0,0.005395114195800873,0
buttsto01,Tommy Butts,Hitter,SS,Live-ball/pre-integration,1938.0,1948.0,1953.0,3.0,Power Hitter 2,0,4.0,497.0,0.6778308409227392,,,,,0.0,0.005395114195800873,0
hevinjo02,Joe Heving,Pitcher,P,Live-ball/pre-integration,1930.0,1945.0,1950.0,1.0,Dominant Reliever / Closer,0,0.0,47.0,0.4186519753821719,76.0,63.0,3.899229781771502,,,0.005393749465913064,0
shueypa01,Paul Shuey,Pitcher,P,Steroid,1994.0,2007.0,2012.0,1.0,Dominant Reliever / Closer,0,0.0,1.0,0.2857142857142857,45.0,23.0,3.871698113207547,,,0.005384388173916458,0
radinsc01,Scott Radinsky,Pitcher,P,Free-agency,1990.0,2001.0,2006.0,1.0,Dominant Reliever / Closer,0,0.0,0.0,0.0,42.0,52.0,3.438062283737024,0.0,,0.005384388173916458,0
smithpo01,Pop Smith,Hitter,2B,19th century,1880.0,1891.0,1896.0,3.0,Power Hitter 2,0,24.0,941.0,0.60018209218593,0.0,0.0,6.352941176470588,,,0.005380255961076614,0
dennyje01,Jerry Denny,Hitter,3B,19th century,1881.0,1894.0,1899.0,3.0,Power Hitter 2,0,74.0,1286.0,0.6708500106565791,0.0,0.0,9.0,,,0.005380255961076614,0
shindbi01,Billy Shindle,Hitter,3B,19th century,1886.0,1898.0,1903.0,3.0,Power Hitter 2,0,31.0,1564.0,0.6799453600343335,,,,,,0.005380255961076614,0
nenro01,Robb Nen,Pitcher,P,Steroid,1993.0,2002.0,2007.0,1.0,Dominant Reliever / Closer,0,0.0,1.0,0.1333333333333333,45.0,314.0,2.983216783216783,1.0,3.0,0.005354504719944307,0
cordefr01,Francisco Cordero,Pitcher,P,Steroid,1999.0,2012.0,2017.0,1.0,Dominant Reliever / Closer,0,0.0,0.0,0.0,47.0,329.0,3.3831851253031524,1.0,3.0,0.005354504719944307,0
hartlgr01,Grover Hartley,Hitter,C,Dead-ball,1911.0,1934.0,1939.0,3.0,Power Hitter 2,0,3.0,353.0,0.6754276854003951,,,,,,0.005352156666433499,0
hornujo01,Joe Hornung,Hitter,OF,19th century,1879.0,1890.0,1895.0,3.0,Power Hitter 2,0,31.0,1230.0,0.6274739337169717,0.0,0.0,6.0,,,0.005342559068511039,0
flagsir01,Ira Flagstead,Hitter,OF,Dead-ball,1917.0,1930.0,1935.0,3.0,Power Hitter 2,0,40.0,1202.0,0.7764687726115055,,,,0.0,,0.005336303762413099,0
harpege02,George Harper,Hitter,OF,Dead-ball,1916.0,1929.0,1934.0,3.0,Power Hitter 2,0,91.0,1030.0,0.8356968993057449,,,,0.0,,0.005336303762413099,0
summaho01,Homer Summa,Hitter,OF,Live-ball/pre-integration,1920.0,1930.0,1935.0,3.0,Power Hitter 2,0,18.0,905.0,0.7431476426371769,,,,,,0.005336303762413099,0
reynoca01,Carl Reynolds,Hitter,OF,Live-ball/pre-integration,1927.0,1939.0,1944.0,3.0,Power Hitter 2,0,80.0,1357.0,0.8036831974377757,,,,0.0,,0.005314194238238438,0
wolfji01,Chicken Wolf,Hitter,OF,19th century,1882.0,1892.0,1897.0,3.0,Power Hitter 2,0,18.0,1439.0,0.7147396413496985,0.0,0.0,10.8,,,0.005314194238238438,0
anderjo01,John Anderson,Hitter,OF,19th century,1894.0,1908.0,1913.0,3.0,Power Hitter 2,0,50.0,1843.0,0.7337467982198314,,,,,,0.005314194238238438,0
cooledu01,Duff Cooley,Hitter,OF,19th century,1893.0,1905.0,1910.0,3.0,Power Hitter 2,0,26.0,1579.0,0.7217176595093312,,,,,,0.005314194238238438,0
hoppjo01,Johnny Hopp,Hitter,OF,Live-ball/pre-integration,1939.0,1952.0,1957.0,3.0,Power Hitter 2,0,46.0,1262.0,0.7819951121445095,,,,0.0,1.0,0.005314194238238438,0
murrami02,Mitchell Murray,Hitter,C,Live-ball/pre-integration,1920.0,1932.0,1937.0,3.0,Power Hitter 2,0,30.0,485.0,0.8001601319875777,0.0,0.0,15.428571428571429,,,0.005289709384023355,0
wardaa01,Aaron Ward,Hitter,2B,Dead-ball,1917.0,1928.0,1933.0,3.0,Power Hitter 2,0,50.0,966.0,0.7173106632598855,,,,,,0.005283585488773371,0
orourfr01,Frank O'Rourke,Hitter,3B,Dead-ball,1912.0,1931.0,1936.0,3.0,Power Hitter 2,0,15.0,1032.0,0.6488713847536666,,,,0.0,,0.005283585488773371,0
lavando01,Doc Lavan,Hitter,SS,Dead-ball,1913.0,1924.0,1929.0,3.0,Power Hitter 2,0,7.0,954.0,0.595974357996431,,,,,,0.005283585488773371,0
violafr01,Frank Viola,Pitcher,P,Free-agency,1982.0,1996.0,2001.0,4.0,Workhorse Starting Pitcher,0,0.0,26.0,0.3110120759056929,176.0,0.0,3.7284052180044656,9.0,3.0,0.005280997621691651,0
stanlne01,Neck Stanley,Pitcher,P,Live-ball/pre-integration,1928.0,1948.0,1953.0,4.0,Workhorse Starting Pitcher,0,0.0,53.0,0.3192195053103278,54.0,5.0,4.7665414620052005,,0.0,0.005269996898345759,0
victosh01,Shane Victorino,Hitter,OF,Steroid,2003.0,2015.0,2020.0,3.0,Power Hitter 2,0,108.0,1274.0,0.7648630926427294,,,,7.0,2.0,0.005267377206935639,0
wilsomo01,Mookie Wilson,Hitter,OF,Free-agency,1980.0,1991.0,1996.0,3.0,Power Hitter 2,0,67.0,1397.0,0.7002206460958776,,,,0.0,,0.005267377206935639,0
gardnbr01,Brett Gardner,Hitter,OF,Post-steroid,2008.0,2021.0,2026.0,3.0,Power Hitter 2,0,139.0,1470.0,0.7397523187575377,,,,4.0,1.0,0.005267377206935639,0
mcnalmi01,Mike McNally,Hitter,2B,Dead-ball,1915.0,1925.0,1930.0,3.0,Power Hitter 2,0,1.0,257.0,0.5666494646260614,,,,,,0.0052558325622549425,0
weaveje02,Jered Weaver,Pitcher,P,Post-steroid,2006.0,2017.0,2022.0,4.0,Workhorse Starting Pitcher,0,0.0,4.0,0.1779904306220095,150.0,0.0,3.626410835214447,2.0,3.0,0.005248457041568533,0
greenjo04,Joe Greene,Hitter,C,Live-ball/pre-integration,1932.0,1948.0,1953.0,3.0,Power Hitter 2,0,18.0,212.0,0.8186344238975818,0.0,0.0,10.8,,0.0,0.005236291126613027,0
gagneer01,Eric Gagne,Pitcher,P,Steroid,1999.0,2008.0,2013.0,1.0,Dominant Reliever / Closer,0,1.0,12.0,0.3703555199144613,33.0,187.0,3.4676333505955466,9.0,3.0,0.00519910380383418,0
howest01,Steve Howe,Pitcher,P,Free-agency,1980.0,1996.0,2001.0,1.0,Dominant Reliever / Closer,0,0.0,2.0,0.2120051085568327,47.0,91.0,3.0297029702970297,2.0,1.0,0.00519910380383418,0
garcija01,Santiago Casilla,Pitcher,P,Steroid,2004.0,2018.0,2023.0,1.0,Dominant Reliever / Closer,0,0.0,1.0,0.65,42.0,144.0,3.2913223140495864,,,0.005182832515372872,0
bladera01,Ray Blades,Hitter,OF,Live-ball/pre-integration,1922.0,1932.0,1937.0,3.0,Power Hitter 2,0,50.0,726.0,0.8553153069007924,,,,,,0.005173964048742967,0
padroju01,Juan Padrón,Pitcher,P,Dead-ball,1915.0,1926.0,1931.0,4.0,Workhorse Starting Pitcher,0,5.0,99.0,0.4900712881908169,68.0,11.0,2.740408163265306,,,0.005167623605747102,0
sweenmi01,Mike Sweeney,Hitter,DH,Steroid,1995.0,2010.0,2015.0,0.0,Power Hitter,0,215.0,1540.0,0.8513019486641654,,,,7.0,5.0,0.005158987988232914,0
zitoba01,Barry Zito,Pitcher,P,Steroid,2000.0,2015.0,2020.0,4.0,Workhorse Starting Pitcher,0,0.0,35.0,0.2481530258255171,165.0,0.0,4.041267787839586,11.0,3.0,0.005124584064701883,0
appieke01,Kevin Appier,Pitcher,P,Free-agency,1989.0,2004.0,2009.0,4.0,Workhorse Starting Pitcher,0,0.0,8.0,0.2140326009922041,169.0,0.0,3.738248137683021,4.0,1.0,0.005124584064701883,0
cabreor01,Orlando Cabrera,Hitter,SS,Steroid,1997.0,2011.0,2016.0,0.0,Power Hitter,0,123.0,2055.0,0.7069842219662661,,,,3.0,,0.005123600113173968,0
johnsco01,Connie Johnson,Pitcher,P,Integration,1953.0,1958.0,1963.0,4.0,Workhorse Starting Pitcher,0,0.0,59.0,0.4033661588009414,68.0,7.0,3.6793943383805137,,0.0,0.005106787187243551,0
evansjo01,Joe Evans,Hitter,OF,Dead-ball,1915.0,1925.0,1930.0,3.0,Power Hitter 2,0,3.0,529.0,0.6579336991615605,,,,,,0.00510359079024726,0
russejo03,John Henry Russell,Hitter,2B,Live-ball/pre-integration,1923.0,1934.0,1939.0,3.0,Power Hitter 2,0,30.0,794.0,0.7159344518034498,,,,,0.0,0.00510359079024726,0
tannele01,Lee Tannehill,Hitter,3B,Dead-ball,1903.0,1912.0,1917.0,3.0,Power Hitter 2,0,3.0,833.0,0.5421264812477093,,,,,,0.00510359079024726,0
hartzro01,Roy Hartzell,Hitter,OF,Dead-ball,1906.0,1916.0,1921.0,3.0,Power Hitter 2,0,12.0,1146.0,0.635310449426231,,,,0.0,,0.00510359079024726,0
heathcl01,Cliff Heathcote,Hitter,OF,Dead-ball,1918.0,1932.0,1937.0,3.0,Power Hitter 2,0,42.0,1222.0,0.7079240374396514,,,,,,0.00510359079024726,0
vittos01,Ossie Vitt,Hitter,3B,Dead-ball,1912.0,1921.0,1926.0,3.0,Power Hitter 2,0,4.0,894.0,0.6166586130699807,,,,,,0.00510359079024726,0
bergebi01,Bill Bergen,Hitter,C,Dead-ball,1901.0,1911.0,1916.0,3.0,Power Hitter 2,0,2.0,516.0,0.3949611075405755,,,,,,0.00510359079024726,0
willibo02,Bobby Williams,Hitter,SS,Dead-ball,1918.0,1934.0,1939.0,3.0,Power Hitter 2,0,3.0,431.0,0.5602533014883286,,,,,,0.00510359079024726,0
slaglji01,Jimmy Slagle,Hitter,OF,19th century,1899.0,1908.0,1913.0,3.0,Power Hitter 2,0,2.0,1343.0,0.6681973949549653,,,,,,0.00510359079024726,0
washina01,Namon Washington,Hitter,LF,Live-ball/pre-integration,1920.0,1933.0,1938.0,3.0,Power Hitter 2,0,6.0,488.0,0.6233021947928363,,,,,,0.00510359079024726,0
delahji01,Jim Delahanty,Hitter,2B,Dead-ball,1901.0,1915.0,1920.0,3.0,Power Hitter 2,0,19.0,1159.0,0.7299280118801326,0.0,0.0,1.6874999999999998,,,0.00510359079024726,0
barrysh01,John Barry,Hitter,OF,19th century,1899.0,1908.0,1913.0,3.0,Power Hitter 2,0,10.0,1073.0,0.6508798880592291,,,,,,0.00510359079024726,0
hofmaso01,Solly Hofman,Hitter,OF,Dead-ball,1903.0,1916.0,1921.0,3.0,Power Hitter 2,0,19.0,1095.0,0.691779556274547,,,,1.0,,0.00510359079024726,0
kittrma01,Malachi Kittridge,Hitter,C,19th century,1890.0,1906.0,1911.0,3.0,Power Hitter 2,0,17.0,882.0,0.5504831981464651,0.0,0.0,5.3999999999999995,,,0.00510359079024726,0
templjo01,Johnny Temple,Hitter,2B,Integration,1952.0,1964.0,1969.0,3.0,Power Hitter 2,0,22.0,1484.0,0.7134691042344738,,,,0.0,6.0,0.00510359079024726,0
granted01,Eddie Grant,Hitter,3B,Dead-ball,1905.0,1915.0,1920.0,3.0,Power Hitter 2,0,5.0,844.0,0.5946372423359667,,,,,,0.00510359079024726,0
moriage02,George Moriarty,Hitter,3B,Dead-ball,1903.0,1916.0,1921.0,3.0,Power Hitter 2,0,5.0,920.0,0.6155444599107154,,,,0.0,,0.00510359079024726,0
elberki01,Kid Elberfeld,Hitter,SS,19th century,1898.0,1914.0,1919.0,3.0,Power Hitter 2,0,10.0,1235.0,0.6935115013581554,,,,,,0.00510359079024726,0
caseydo01,James Casey,Hitter,3B,19th century,1898.0,1907.0,1912.0,3.0,Power Hitter 2,0,9.0,1122.0,0.6303184490863687,,,,,,0.00510359079024726,0
brownge01,George Browne,Hitter,OF,Dead-ball,1901.0,1912.0,1917.0,3.0,Power Hitter 2,0,18.0,1176.0,0.6570572939150927,,,,,,0.00510359079024726,0
dealch01,Charlie Deal,Hitter,3B,Dead-ball,1912.0,1921.0,1926.0,3.0,Power Hitter 2,0,11.0,752.0,0.6197078205848241,,,,,,0.00510359079024726,0
byrnebo01,Bobby Byrne,Hitter,3B,Dead-ball,1907.0,1917.0,1922.0,3.0,Power Hitter 2,0,10.0,1225.0,0.6473344004876056,,,,,,0.00510359079024726,0
camniho01,Howie Camnitz,Pitcher,P,Dead-ball,1904.0,1915.0,1920.0,4.0,Workhorse Starting Pitcher,0,1.0,92.0,0.3351026959226954,133.0,15.0,2.749200767263427,1.0,,0.00510285412426784,0
downibr01,Brian Downing,Hitter,DH,Expansion,1973.0,1992.0,1997.0,0.0,Power Hitter,0,275.0,2099.0,0.7956254699951593,,,,2.0,1.0,0.005082181611768669,0
runnepe01,Pete Runnels,Hitter,1B,Integration,1951.0,1964.0,1969.0,3.0,Power Hitter 2,0,49.0,1854.0,0.7528167574484739,,,,0.0,5.0,0.00506833101324708,0
mannija01,Jack Manning,Two-Way,OF,19th century,1873.0,1886.0,1891.0,3.0,Power Hitter 2,0,14.0,922.0,0.6444607459660501,39.0,12.0,2.7941860465116277,,,0.005055127423132983,0
johnsla03,Lance Johnson,Hitter,OF,Free-agency,1987.0,2000.0,2005.0,3.0,Power Hitter 2,0,34.0,1565.0,0.7196834175885889,,,,0.0,1.0,0.005050530367015114,0
pinknge01,George Pinkney,Hitter,3B,19th century,1884.0,1893.0,1898.0,3.0,Power Hitter 2,0,21.0,1212.0,0.6828972434178926,0.0,0.0,4.5,,,0.005047523905881149,0
fisheed02,Eddie Fisher,Pitcher,P,Integration,1959.0,1973.0,1978.0,1.0,Dominant Reliever / Closer,0,0.0,30.0,0.3066565040650406,85.0,81.0,3.410095320623917,1.0,1.0,0.005046560118499179,0
virdobi01,Bill Virdon,Hitter,OF,Integration,1955.0,1968.0,1973.0,3.0,Power Hitter 2,0,91.0,1596.0,0.6955418458291693,,,,3.0,,0.005046169080807583,0
drabomo01,Moe Drabowsky,Pitcher,P,Integration,1956.0,1972.0,1977.0,1.0,Dominant Reliever / Closer,0,3.0,68.0,0.3956486042692939,88.0,55.0,3.707495429616088,,,0.005042887963134867,0
willeed01,Ed Willett,Pitcher,P,Dead-ball,1906.0,1915.0,1920.0,4.0,Workhorse Starting Pitcher,0,5.0,130.0,0.5282531482079431,102.0,5.0,3.075563909774436,,,0.005034953919086492,0
vizcajo01,Jose Vizcaino,Hitter,SS,Free-agency,1989.0,2006.0,2011.0,3.0,Power Hitter 2,0,36.0,1453.0,0.6634487374801123,,,,,,0.005034179445506111,0
mclemma01,Mark McLemore,Hitter,2B,Free-agency,1986.0,2004.0,2009.0,3.0,Power Hitter 2,0,53.0,1602.0,0.6900754222057056,,,,1.0,,0.005034179445506111,0
smithlo01,Lonnie Smith,Hitter,OF,Free-agency,1978.0,1994.0,1999.0,3.0,Power Hitter 2,0,98.0,1488.0,0.7913608365970101,,,,4.0,1.0,0.0050336881281892645,0
harrato01,Toby Harrah,Hitter,3B,Expansion,1969.0,1986.0,1991.0,0.0,Power Hitter,0,195.0,1954.0,0.7600856795771616,,,,2.0,4.0,0.005033577343161395,0
vanslan01,Andy Van Slyke,Hitter,OF,Free-agency,1983.0,1995.0,2000.0,0.0,Power Hitter,0,164.0,1562.0,0.7917315756900459,,,,11.0,3.0,0.005028445876815963,0
burgmto01,Tom Burgmeier,Pitcher,P,Expansion,1968.0,1984.0,1989.0,1.0,Dominant Reliever / Closer,0,0.0,14.0,0.4888010540184453,79.0,102.0,3.231991525423729,,1.0,0.005026857333895753,0
leifile01,Lefty Leifield,Pitcher,P,Dead-ball,1905.0,1920.0,1925.0,4.0,Workhorse Starting Pitcher,0,0.0,107.0,0.4601048354548853,124.0,7.0,2.4727965179542983,,,0.005020111498015865,0
hankifr01,Frank Hankinson,Two-Way,3B,19th century,1878.0,1888.0,1893.0,3.0,Power Hitter 2,0,13.0,747.0,0.5679726840256301,16.0,1.0,2.4975000000000005,,,0.005019697054643775,0
fernasi01,Sid Fernandez,Pitcher,P,Free-agency,1983.0,1997.0,2002.0,4.0,Workhorse Starting Pitcher,0,1.0,98.0,0.429040202298972,114.0,1.0,3.3557142857142854,3.0,2.0,0.005005968448168231,0
brutobi01,Bill Bruton,Hitter,OF,Integration,1953.0,1964.0,1969.0,3.0,Power Hitter 2,0,94.0,1651.0,0.7204428367378493,,,,0.0,,0.004993015036022664,0
penaor01,Orlando Peña,Pitcher,P,Integration,1958.0,1975.0,1980.0,1.0,Dominant Reliever / Closer,0,2.0,36.0,0.3596491228070175,56.0,40.0,3.706322795341098,,,0.0049841073971967215,0
gordoto01,Tom Gordon,Pitcher,P,Free-agency,1988.0,2009.0,2014.0,1.0,Dominant Reliever / Closer,0,0.0,0.0,0.0,138.0,158.0,3.957779886148008,3.0,3.0,0.004977160603401714,0
fergubo01,Bob Ferguson,Hitter,3B,19th century,1871.0,1884.0,1889.0,3.0,Power Hitter 2,0,1.0,920.0,0.604466672256158,1.0,0.0,5.651162790697675,,,0.0049700026031290695,0
hootobu01,Burt Hooton,Pitcher,P,Expansion,1971.0,1985.0,1990.0,4.0,Workhorse Starting Pitcher,0,4.0,92.0,0.3364684384489291,151.0,7.0,3.3800904977375565,5.0,1.0,0.004962662062201043,0
hubbaje01,Jesse Hubbard,Two-Way,RF,Dead-ball,1919.0,1935.0,1940.0,3.0,Power Hitter 2,0,23.0,256.0,0.8285294844568123,34.0,3.0,4.786235662148071,,,0.0049606005497624785,0
bellgu01,Gus Bell,Hitter,OF,Integration,1950.0,1964.0,1969.0,0.0,Power Hitter,0,206.0,1823.0,0.7753072744087383,,,,0.0,4.0,0.004952592122561422,0
speiech01,Chris Speier,Hitter,SS,Expansion,1971.0,1989.0,1994.0,0.0,Power Hitter,0,112.0,1759.0,0.6757135047706231,,,,1.0,3.0,0.004940790668225746,0
ryanja01,Jack Ryan,Hitter,C,19th century,1889.0,1913.0,1918.0,3.0,Power Hitter 2,0,4.0,476.0,0.5292522083168216,,,,,,0.004930620470516097,0
nolanga01,Gary Nolan,Pitcher,P,Expansion,1967.0,1977.0,1982.0,4.0,Workhorse Starting Pitcher,0,1.0,73.0,0.3712259378577704,110.0,0.0,3.079418789808917,1.0,1.0,0.004930180609981834,0
krukjo01,John Kruk,Hitter,1B,Free-agency,1986.0,1995.0,2000.0,3.0,Power Hitter 2,0,100.0,1170.0,0.8423730936569842,,,,3.0,3.0,0.004917223307167278,0
hrbekke01,Kent Hrbek,Hitter,1B,Free-agency,1981.0,1994.0,1999.0,0.0,Power Hitter,0,293.0,1749.0,0.8475114777009333,,,,8.0,1.0,0.004912834694447342,0
grudzma01,Mark Grudzielanek,Hitter,2B,Steroid,1995.0,2010.0,2015.0,3.0,Power Hitter 2,0,90.0,2040.0,0.72496844243278,,,,1.0,1.0,0.004912643041862782,0
roebued01,Ed Roebuck,Pitcher,P,Integration,1955.0,1966.0,1971.0,1.0,Dominant Reliever / Closer,0,2.0,28.0,0.5043226173836517,52.0,62.0,3.3451327433628317,0.0,,0.0049101444543141,0
nixonot01,Otis Nixon,Hitter,OF,Free-agency,1983.0,1999.0,2004.0,3.0,Power Hitter 2,0,11.0,1379.0,0.6578197020593335,,,,,,0.004908102032357477,0
lerchra01,Randy Lerch,Pitcher,P,Expansion,1975.0,1986.0,1991.0,4.0,Workhorse Starting Pitcher,0,4.0,55.0,0.5603152309612984,60.0,3.0,4.527289266221953,,,0.0049080470002545945,0
westda01,David West,Pitcher,P,Free-agency,1988.0,1998.0,2003.0,1.0,Dominant Reliever / Closer,0,1.0,10.0,0.4968652037617554,31.0,3.0,4.663348946135831,,,0.0049080470002545945,0
cruiswa01,Walton Cruise,Hitter,OF,Dead-ball,1914.0,1924.0,1929.0,3.0,Power Hitter 2,0,30.0,644.0,0.733334271782623,,,,,,0.0049040604871271945,0
drewjd01,J. D. Drew,Hitter,OF,Steroid,1998.0,2011.0,2016.0,0.0,Power Hitter,0,242.0,1437.0,0.8732271618498171,,,,4.0,1.0,0.004903628720104842,0
hamilea01,Earl Hamilton,Pitcher,P,Dead-ball,1911.0,1924.0,1929.0,4.0,Workhorse Starting Pitcher,0,0.0,112.0,0.4189727299728659,116.0,13.0,3.157939669891862,,,0.0049007595402683415,0
thomair01,Ira Thomas,Hitter,C,Dead-ball,1906.0,1915.0,1920.0,3.0,Power Hitter 2,0,3.0,327.0,0.6037087912087913,,,,3.0,,0.004885821367287059,0
newsosk01,Skeeter Newsome,Hitter,SS,Live-ball/pre-integration,1935.0,1947.0,1952.0,3.0,Power Hitter 2,0,9.0,910.0,0.597024008348748,,,,0.0,,0.004867423534323758,0
galloch01,Chick Galloway,Hitter,SS,Dead-ball,1919.0,1928.0,1933.0,3.0,Power Hitter 2,0,17.0,946.0,0.659262188799772,,,,0.0,,0.004867423534323758,0
sauerha01,Hank Sauer,Hitter,OF,Live-ball/pre-integration,1941.0,1959.0,1964.0,0.0,Power Hitter,0,288.0,1278.0,0.8427778622178982,,,,3.0,2.0,0.004866729838844546,0
mcnalda01,Dave McNally,Pitcher,P,Expansion,1962.0,1975.0,1980.0,4.0,Workhorse Starting Pitcher,0,9.0,97.0,0.3972969228904396,184.0,2.0,3.2373626373626374,1.0,3.0,0.004863705533386272,0
falkecy01,Cy Falkenberg,Pitcher,P,Dead-ball,1903.0,1917.0,1922.0,4.0,Workhorse Starting Pitcher,0,1.0,117.0,0.3768455402696647,130.0,8.0,2.6821978021978023,1.0,,0.004863387883321113,0
branded01,Ed Brandt,Pitcher,P,Live-ball/pre-integration,1928.0,1938.0,1943.0,4.0,Workhorse Starting Pitcher,0,0.0,187.0,0.5577607128411335,121.0,17.0,3.8645113886847904,2.0,,0.004863387883321113,0
schofdi02,Dick Schofield,Hitter,SS,Free-agency,1983.0,1996.0,2001.0,3.0,Power Hitter 2,0,56.0,989.0,0.6236276107392806,,,,0.0,,0.004850325061736272,0
baileed01,Ed Bailey,Hitter,C,Integration,1953.0,1966.0,1971.0,3.0,Power Hitter 2,0,155.0,915.0,0.7840734967822054,,,,0.0,6.0,0.004839982007824407,0
garvene01,Ned Garver,Pitcher,P,Integration,1948.0,1961.0,1966.0,4.0,Workhorse Starting Pitcher,0,7.0,180.0,0.5656786960437277,129.0,12.0,3.731027987082885,0.0,1.0,0.004829739902219458,0
kuehnbi01,Bill Kuehne,Hitter,3B,19th century,1883.0,1892.0,1897.0,3.0,Power Hitter 2,0,25.0,993.0,0.5936721396672231,,,,,,0.004822871140454289,0
goodmiv01,Ival Goodman,Hitter,OF,Live-ball/pre-integration,1935.0,1944.0,1949.0,3.0,Power Hitter 2,0,95.0,1104.0,0.7969005881970912,,,,1.0,2.0,0.004822871140454289,0
dowdto01,Tommy Dowd,Hitter,OF,19th century,1891.0,1901.0,1906.0,3.0,Power Hitter 2,0,24.0,1493.0,0.6644698142990026,,,,,,0.004822871140454289,0
hanlone01,Ned Hanlon,Hitter,OF,19th century,1880.0,1892.0,1897.0,3.0,Power Hitter 2,0,30.0,1318.0,0.6632882976957617,,,,,,0.004822871140454289,0
mcintma01,Matty McIntyre,Hitter,OF,Dead-ball,1901.0,1912.0,1917.0,3.0,Power Hitter 2,0,4.0,1066.0,0.6890379493152679,,,,,,0.004822871140454289,0
guttedo01,Don Gutteridge,Hitter,2B,Live-ball/pre-integration,1936.0,1948.0,1953.0,3.0,Power Hitter 2,0,39.0,1075.0,0.6693055818457532,,,,0.0,,0.004822871140454289,0
hinchbi01,Bill Hinchman,Hitter,OF,Dead-ball,1905.0,1920.0,1925.0,3.0,Power Hitter 2,0,20.0,793.0,0.7038165559895069,,,,,,0.004822871140454289,0
yorkto01,Tom York,Hitter,OF,19th century,1871.0,1885.0,1890.0,3.0,Power Hitter 2,0,14.0,1095.0,0.6920523331119746,,,,,,0.004822871140454289,0
bennech01,Charlie Bennett,Hitter,C,19th century,1878.0,1893.0,1898.0,3.0,Power Hitter 2,0,55.0,978.0,0.7277043885573133,,,,,,0.004822871140454289,0
bierblo01,Lou Bierbauer,Hitter,2B,19th century,1886.0,1898.0,1903.0,3.0,Power Hitter 2,0,34.0,1524.0,0.6558223307048623,0.0,1.0,3.0681818181818183,,,0.004822871140454289,0
wilmowa01,Walt Wilmot,Hitter,OF,19th century,1888.0,1898.0,1903.0,3.0,Power Hitter 2,0,58.0,1100.0,0.7405653239857344,,,,,,0.004822871140454289,0
hemphch01,Charlie Hemphill,Hitter,OF,19th century,1899.0,1911.0,1916.0,3.0,Power Hitter 2,0,22.0,1230.0,0.6779859122745417,,,,,,0.004822871140454289,0
benesan01,Andy Benes,Pitcher,P,Free-agency,1989.0,2002.0,2007.0,4.0,Workhorse Starting Pitcher,0,8.0,106.0,0.3897659386093848,155.0,1.0,3.973124002128792,2.0,1.0,0.004813783174955497,0
haranaa01,Aaron Harang,Pitcher,P,Steroid,2002.0,2015.0,2020.0,4.0,Workhorse Starting Pitcher,0,1.0,65.0,0.2196275260863822,128.0,0.0,4.25968992248062,0.0,,0.004813783174955497,0
santaer01,Ervin Santana,Pitcher,P,Post-steroid,2005.0,2021.0,2026.0,4.0,Workhorse Starting Pitcher,0,0.0,13.0,0.2981969486823855,151.0,0.0,4.107908847184987,1.0,2.0,0.004813783174955497,0
mooremi01,Mike Moore,Pitcher,P,Free-agency,1982.0,1995.0,2000.0,4.0,Workhorse Starting Pitcher,0,0.0,0.0,0.0,161.0,2.0,4.389287816362566,3.0,1.0,0.004813783174955497,0
langsma01,Mark Langston,Pitcher,P,Free-agency,1984.0,1999.0,2004.0,4.0,Workhorse Starting Pitcher,0,0.0,14.0,0.3532036613272311,179.0,0.0,3.9673717371737176,14.0,4.0,0.004813783174955497,0
lackejo01,John Lackey,Pitcher,P,Steroid,2002.0,2017.0,2022.0,4.0,Workhorse Starting Pitcher,0,0.0,26.0,0.2826876513317191,188.0,0.0,3.9196103743692055,2.0,1.0,0.004813783174955497,0
burkejo03,John Burkett,Pitcher,P,Free-agency,1987.0,2003.0,2008.0,4.0,Workhorse Starting Pitcher,0,0.0,50.0,0.2395061728395061,166.0,1.0,4.309125235997483,0.0,2.0,0.004813783174955497,0
dempsry01,Ryan Dempster,Pitcher,P,Steroid,1998.0,2013.0,2018.0,4.0,Workhorse Starting Pitcher,0,0.0,58.0,0.2388847385876147,132.0,87.0,4.351068286552158,3.0,2.0,0.004813783174955497,0
mayru01,Rudy May,Pitcher,P,Expansion,1965.0,1983.0,1988.0,4.0,Workhorse Starting Pitcher,0,0.0,42.0,0.3298879861545118,152.0,12.0,3.4565217391304346,,,0.004813783174955497,0
millwke01,Kevin Millwood,Pitcher,P,Steroid,1997.0,2012.0,2017.0,4.0,Workhorse Starting Pitcher,0,4.0,57.0,0.3361811118369031,169.0,0.0,4.112363680921455,1.0,1.0,0.004813783174955497,0
sugdejo01,Joe Sugden,Hitter,C,19th century,1893.0,1912.0,1917.0,3.0,Power Hitter 2,0,3.0,696.0,0.6212841971826071,0.0,0.0,0.0,,,0.004813494505423105,0
stockmi01,Milt Stock,Hitter,3B,Dead-ball,1913.0,1926.0,1931.0,3.0,Power Hitter 2,0,22.0,1806.0,0.6998818069042008,,,,2.0,,0.004807628211661853,0
haasmu01,Mule Haas,Hitter,OF,Live-ball/pre-integration,1925.0,1938.0,1943.0,3.0,Power Hitter 2,0,43.0,1257.0,0.7606468957321005,,,,,,0.004807628211661853,0
radfopa01,Paul Radford,Hitter,OF,19th century,1883.0,1894.0,1899.0,3.0,Power Hitter 2,0,13.0,1206.0,0.6595671904529975,0.0,0.0,8.515384615384617,,,0.0048006391045926034,0
clintji01,Jim Clinton,Hitter,OF,19th century,1872.0,1886.0,1891.0,3.0,Power Hitter 2,0,4.0,438.0,0.6081539122699806,1.0,0.0,2.9361702127659575,,,0.0048006391045926034,0
barneje01,Jesse Barnes,Pitcher,P,Dead-ball,1915.0,1927.0,1932.0,4.0,Workhorse Starting Pitcher,0,1.0,195.0,0.4744101429949299,152.0,13.0,3.215203009469451,1.0,,0.004797466615759617,0
floodcu01,Curt Flood,Hitter,OF,Integration,1956.0,1971.0,1976.0,3.0,Power Hitter 2,0,85.0,1861.0,0.7316232935022013,,,,8.0,3.0,0.004788392466935249,0
hudliwi01,Willis Hudlin,Two-Way,P,Live-ball/pre-integration,1926.0,1944.0,1949.0,4.0,Workhorse Starting Pitcher,0,5.0,180.0,0.5200287028829513,158.0,31.0,4.411607142857142,0.0,,0.004785291003345515,0
zambrca01,Carlos Zambrano,Pitcher,P,Steroid,2001.0,2012.0,2017.0,4.0,Workhorse Starting Pitcher,0,24.0,165.0,0.6356921406426357,132.0,0.0,3.66156202143951,7.0,3.0,0.004781354040804426,0
bandosa01,Sal Bando,Hitter,3B,Expansion,1966.0,1981.0,1986.0,0.0,Power Hitter,0,242.0,1790.0,0.7602565560083494,0.0,0.0,6.0,3.0,4.0,0.004774901979512164,0
millafe01,Felix Millan,Hitter,2B,Expansion,1966.0,1977.0,1982.0,3.0,Power Hitter 2,0,22.0,1617.0,0.6653416042434953,,,,3.0,3.0,0.004765252550085209,0
martiti02,Tino Martinez,Hitter,1B,Free-agency,1990.0,2005.0,2010.0,0.0,Power Hitter,0,339.0,1925.0,0.8151696991996509,,,,7.0,2.0,0.004756293992310138,0
cadorle01,Leon Cadore,Pitcher,P,Dead-ball,1915.0,1924.0,1929.0,4.0,Workhorse Starting Pitcher,0,5.0,92.0,0.5169410972603147,68.0,3.0,3.1352067868504774,,,0.004742668669703123,0
beckro01,Rod Beck,Pitcher,P,Free-agency,1991.0,2004.0,2009.0,1.0,Dominant Reliever / Closer,0,0.0,4.0,0.4210526315789473,38.0,286.0,3.3046875,2.0,3.0,0.004739100056198701,0
putzjj01,J. J. Putz,Pitcher,P,Steroid,2003.0,2014.0,2019.0,1.0,Dominant Reliever / Closer,0,0.0,0.0,,37.0,189.0,3.0811764705882356,5.0,1.0,0.004739100056198701,0
adamsmi03,Mike Adams,Pitcher,P,Steroid,2004.0,2014.0,2019.0,1.0,Dominant Reliever / Closer,0,0.0,0.0,0.0,21.0,4.0,2.408346972176759,,,0.004739100056198701,0
vinceni01,Nick Vincent,Pitcher,P,Post-steroid,2012.0,2021.0,2026.0,1.0,Dominant Reliever / Closer,0,0.0,0.0,0.0,23.0,7.0,3.3012145748987853,,,0.004739100056198701,0
foulkke01,Keith Foulke,Pitcher,P,Steroid,1997.0,2008.0,2013.0,1.0,Dominant Reliever / Closer,0,0.0,2.0,0.25,41.0,191.0,3.329237288135593,3.0,1.0,0.004739100056198701,0
mccarda01,Dave McCarty,Hitter,1B,Steroid,1993.0,2005.0,2010.0,3.0,Power Hitter 2,0,36.0,362.0,0.6762321431116233,0.0,0.0,2.4545454545454546,,,0.004739100056198701,0
soriara01,Rafael Soriano,Pitcher,P,Steroid,2002.0,2015.0,2020.0,1.0,Dominant Reliever / Closer,0,0.0,0.0,0.0,24.0,207.0,2.8852802514405447,7.0,1.0,0.004739100056198701,0
soriajo01,Joakim Soria,Pitcher,P,Post-steroid,2007.0,2021.0,2026.0,1.0,Dominant Reliever / Closer,0,0.0,0.0,,36.0,229.0,3.114023591087811,2.0,2.0,0.004739100056198701,0
harriwi02,Will Harris,Pitcher,P,Post-steroid,2012.0,2021.0,2026.0,1.0,Dominant Reliever / Closer,0,0.0,0.0,0.0,23.0,21.0,2.9357142857142855,,1.0,0.004739100056198701,0
klippjo01,Johnny Klippstein,Pitcher,P,Integration,1950.0,1967.0,1972.0,4.0,Workhorse Starting Pitcher,0,5.0,63.0,0.32751460439552,101.0,66.0,4.240047433508385,,,0.0047370182682924256,0
millebo04,Bob Miller,Pitcher,P,Integration,1957.0,1974.0,1979.0,1.0,Dominant Reliever / Closer,0,0.0,33.0,0.2794712533842969,69.0,51.0,3.3706489041684575,,,0.0047370182682924256,0
johnssi01,Si Johnson,Pitcher,P,Live-ball/pre-integration,1928.0,1947.0,1952.0,4.0,Workhorse Starting Pitcher,0,0.0,87.0,0.277947068941166,101.0,15.0,4.0870835768556395,,,0.0047370182682924256,0
pizarju01,Juan Pizarro,Pitcher,P,Integration,1957.0,1974.0,1979.0,4.0,Workhorse Starting Pitcher,0,8.0,133.0,0.5088410390714091,131.0,28.0,3.4330657053907916,0.0,2.0,0.0047370182682924256,0
joosted01,Eddie Joost,Hitter,SS,Live-ball/pre-integration,1936.0,1955.0,1960.0,3.0,Power Hitter 2,0,134.0,1339.0,0.7269199855672659,,,,0.0,2.0,0.0047370182682924256,0
ricede01,Del Rice,Hitter,C,Live-ball/pre-integration,1945.0,1961.0,1966.0,3.0,Power Hitter 2,0,79.0,908.0,0.6675880933578417,,,,,1.0,0.0047370182682924256,0
schofdi01,Dick Schofield,Hitter,SS,Integration,1953.0,1971.0,1976.0,3.0,Power Hitter 2,0,21.0,699.0,0.6139105712747472,,,,,,0.0047370182682924256,0
aloufe01,Felipe Alou,Hitter,OF,Integration,1958.0,1974.0,1979.0,0.0,Power Hitter,0,206.0,2101.0,0.7605025380820448,,,,1.0,3.0,0.0047370182682924256,0
perkicy01,Cy Perkins,Hitter,C,Dead-ball,1915.0,1934.0,1939.0,3.0,Power Hitter 2,0,30.0,933.0,0.6704537475367506,,,,1.0,,0.0047370182682924256,0
daviswa01,Wade Davis,Pitcher,P,Post-steroid,2009.0,2021.0,2026.0,1.0,Dominant Reliever / Closer,0,0.0,2.0,0.5,63.0,141.0,3.93503870750589,4.0,3.0,0.004736742802950674,0
smithsh01,Sherry Smith,Pitcher,P,Dead-ball,1911.0,1927.0,1932.0,4.0,Workhorse Starting Pitcher,0,6.0,165.0,0.5880023614857618,114.0,21.0,3.319097109451121,,,0.004690828614551447,0
tylerle01,Lefty Tyler,Pitcher,P,Dead-ball,1910.0,1921.0,1926.0,4.0,Workhorse Starting Pitcher,0,4.0,189.0,0.5574748903150948,127.0,7.0,2.9461883408071747,,,0.004674192597520079,0
richajr01,J. R. Richard,Pitcher,P,Expansion,1971.0,1980.0,1985.0,4.0,Workhorse Starting Pitcher,0,10.0,93.0,0.4282821824381927,107.0,0.0,3.149439601494396,4.0,1.0,0.004668851414178053,0
lopezau01,Aurelio Lopez,Pitcher,P,Expansion,1974.0,1987.0,1992.0,1.0,Dominant Reliever / Closer,0,0.0,3.0,0.25,62.0,93.0,3.56043956043956,0.0,1.0,0.004666433475059203,0
carragi01,Giovanni Carrara,Pitcher,P,Steroid,1995.0,2006.0,2011.0,1.0,Dominant Reliever / Closer,0,0.0,3.0,0.2217741935483871,29.0,4.0,4.687367678193366,,,0.004666433475059203,0
mccarti01,Tim McCarver,Hitter,C,Integration,1959.0,1980.0,1985.0,0.0,Power Hitter,0,97.0,1501.0,0.7253954114571395,,,,1.0,2.0,0.0046663732613722525,0
messean01,Andy Messersmith,Pitcher,P,Expansion,1968.0,1979.0,1984.0,4.0,Workhorse Starting Pitcher,0,5.0,124.0,0.4510551862403714,130.0,15.0,2.861007323270064,6.0,4.0,0.004661362057255605,0
salmoti01,Tim Salmon,Hitter,OF,Free-agency,1992.0,2006.0,2011.0,0.0,Power Hitter,0,299.0,1674.0,0.8836232511311024,,,,14.0,,0.004657990801651198,0
brownji04,Jim Brown,Hitter,C,Dead-ball,1919.0,1937.0,1942.0,3.0,Power Hitter 2,0,16.0,635.0,0.7130336757213307,0.0,0.0,0.0,,,0.004657381874667075,0
zimmery01,Ryan Zimmerman,Hitter,3B,Post-steroid,2005.0,2021.0,2026.0,0.0,Power Hitter,0,284.0,1846.0,0.8156979748007701,,,,12.0,2.0,0.004649847414633607,0
snydefr01,Frank Snyder,Hitter,C,Dead-ball,1912.0,1927.0,1932.0,3.0,Power Hitter 2,0,47.0,1122.0,0.6724221570978324,,,,3.0,,0.004645987993076532,0
deshide01,Delino DeShields,Hitter,2B,Free-agency,1990.0,2002.0,2007.0,3.0,Power Hitter 2,0,80.0,1548.0,0.729312806912062,,,,0.0,,0.004644764454018203,0
floydcl01,Cliff Floyd,Hitter,OF,Steroid,1993.0,2009.0,2014.0,0.0,Power Hitter,0,233.0,1479.0,0.84035544941124,,,,2.0,1.0,0.004623564750046987,0
bentoru01,Rube Benton,Pitcher,P,Dead-ball,1910.0,1925.0,1930.0,4.0,Workhorse Starting Pitcher,0,1.0,142.0,0.4040089945390299,150.0,21.0,3.0854078389830506,,,0.004615974733344957,0
rosarbu01,Buddy Rosar,Hitter,C,Live-ball/pre-integration,1939.0,1951.0,1956.0,3.0,Power Hitter 2,0,18.0,836.0,0.6631947088701656,,,,0.0,5.0,0.004612346500974648,0
bishoma01,Max Bishop,Hitter,2B,Live-ball/pre-integration,1924.0,1935.0,1940.0,3.0,Power Hitter 2,0,41.0,1216.0,0.7887276573845163,,,,0.0,,0.004605479274014889,0
smithea02,Earl Smith,Hitter,C,Dead-ball,1919.0,1930.0,1935.0,3.0,Power Hitter 2,0,46.0,686.0,0.8058432087383673,,,,3.0,,0.00460242904501986,0
rogelbi01,Billy Rogell,Hitter,SS,Live-ball/pre-integration,1925.0,1940.0,1945.0,3.0,Power Hitter 2,0,42.0,1375.0,0.7217981317755128,,,,,,0.00459963405210108,0
schumha02,Hal Schumacher,Pitcher,P,Live-ball/pre-integration,1931.0,1946.0,1951.0,4.0,Workhorse Starting Pitcher,0,15.0,181.0,0.5196629751686082,158.0,7.0,3.3573250973546394,1.0,2.0,0.004589685490834585,0
bournmi01,Michael Bourn,Hitter,OF,Post-steroid,2006.0,2016.0,2021.0,3.0,Power Hitter 2,0,36.0,1272.0,0.6865817110598853,,,,2.0,2.0,0.0045834719479387175,0
samueju01,Juan Samuel,Hitter,2B,Free-agency,1983.0,1998.0,2003.0,0.0,Power Hitter,0,161.0,1578.0,0.7348704695936383,,,,4.0,3.0,0.0045834719479387175,0
hudsoor01,Orlando Hudson,Hitter,2B,Steroid,2002.0,2012.0,2017.0,3.0,Power Hitter 2,0,93.0,1319.0,0.7521266637132346,,,,5.0,2.0,0.0045834719479387175,0
spande01,Denard Span,Hitter,OF,Post-steroid,2008.0,2018.0,2023.0,3.0,Power Hitter 2,0,71.0,1498.0,0.7451001605866603,,,,0.0,,0.0045834719479387175,0
mosebll01,Lloyd Moseby,Hitter,OF,Free-agency,1980.0,1991.0,1996.0,0.0,Power Hitter,0,169.0,1494.0,0.7455604009031664,,,,7.0,1.0,0.0045834719479387175,0
rodnefe01,Fernando Rodney,Pitcher,P,Steroid,2002.0,2019.0,2024.0,1.0,Dominant Reliever / Closer,0,0.0,0.0,0.0,48.0,327.0,3.800643086816721,2.0,3.0,0.004560879290106705,0
crutcji01,Jimmie Crutchfield,Hitter,CF,Live-ball/pre-integration,1930.0,1945.0,1950.0,3.0,Power Hitter 2,0,6.0,544.0,0.649332568568151,0.0,0.0,8.307692307692308,,0.0,0.004556403531663835,0
sambijo01,Joe Sambito,Pitcher,P,Free-agency,1976.0,1987.0,1992.0,1.0,Dominant Reliever / Closer,0,0.0,7.0,0.4280397022332506,37.0,84.0,3.0333863275039747,1.0,1.0,0.004550419614782327,0
johnsro02,Roy Johnson,Hitter,OF,Live-ball/pre-integration,1929.0,1938.0,1943.0,3.0,Power Hitter 2,0,58.0,1292.0,0.8064157030013113,,,,0.0,,0.004543113450796569,0
riceha01,Harry Rice,Hitter,OF,Live-ball/pre-integration,1923.0,1933.0,1938.0,3.0,Power Hitter 2,0,48.0,1118.0,0.7887437538353642,,,,0.0,,0.004543113450796569,0
millijo01,John Milligan,Hitter,C,19th century,1884.0,1893.0,1898.0,3.0,Power Hitter 2,0,49.0,848.0,0.7740083494141536,,,,,,0.004542630148950625,0
mcauldi01,Dick McAuliffe,Hitter,2B,Integration,1960.0,1975.0,1980.0,3.0,Power Hitter 2,0,197.0,1530.0,0.7461508808012871,,,,0.0,3.0,0.004523237659130818,0
versazo01,Zoilo Versalles,Hitter,SS,Integration,1959.0,1971.0,1976.0,3.0,Power Hitter 2,0,95.0,1246.0,0.6572084017958406,,,,4.0,2.0,0.004523237659130818,0
washicl01,Claudell Washington,Hitter,OF,Expansion,1974.0,1990.0,1995.0,0.0,Power Hitter,0,164.0,1884.0,0.7448777300587912,,,,2.0,2.0,0.00451278740575652,0
brazlal01,Al Brazle,Pitcher,P,Live-ball/pre-integration,1943.0,1954.0,1959.0,1.0,Dominant Reliever / Closer,0,0.0,80.0,0.3718775415359591,97.0,60.0,3.3079903147699756,0.0,,0.004508357339725721,0
cassijo01,John Cassidy,Two-Way,OF,19th century,1875.0,1885.0,1890.0,3.0,Power Hitter 2,0,5.0,650.0,0.580210779812127,2.0,0.0,3.185611510791367,,,0.004503363893218663,0
drewst01,Stephen Drew,Hitter,SS,Post-steroid,2006.0,2017.0,2022.0,3.0,Power Hitter 2,0,123.0,1109.0,0.740973154852864,,,,0.0,,0.004503058740202374,0
garneph01,Phil Garner,Hitter,2B,Expansion,1973.0,1988.0,1993.0,3.0,Power Hitter 2,0,109.0,1594.0,0.7112118445420175,,,,4.0,3.0,0.004503058740202374,0
fowlede01,Dexter Fowler,Hitter,OF,Post-steroid,2008.0,2021.0,2026.0,3.0,Power Hitter 2,0,127.0,1306.0,0.7753712237583206,,,,0.0,1.0,0.004503058740202374,0
tiefebo01,Bobby Tiefenauer,Pitcher,P,Integration,1952.0,1968.0,1973.0,1.0,Dominant Reliever / Closer,0,0.0,1.0,0.2068376068376068,9.0,23.0,3.84493670886076,,,0.004501369039732139,0
walberu01,Rube Walberg,Two-Way,P,Live-ball/pre-integration,1923.0,1937.0,1942.0,4.0,Workhorse Starting Pitcher,0,4.0,162.0,0.4524009669957621,155.0,32.0,4.163010590015128,1.0,,0.004494974924796,0
hargrmi01,Mike Hargrove,Hitter,1B,Expansion,1974.0,1985.0,1990.0,3.0,Power Hitter 2,0,80.0,1614.0,0.7869345498136561,,,,2.0,1.0,0.004458662594106235,0
borowha01,Hank Borowy,Pitcher,P,Live-ball/pre-integration,1942.0,1951.0,1956.0,4.0,Workhorse Starting Pitcher,0,0.0,99.0,0.4462580268534735,108.0,7.0,3.501456027955737,4.0,1.0,0.004446483188182122,0
lylesp01,Sparky Lyle,Pitcher,P,Expansion,1967.0,1982.0,1987.0,1.0,Dominant Reliever / Closer,0,0.0,15.0,0.4589125733704047,99.0,238.0,2.8806041716614716,3.0,3.0,0.004444119023260474,0
gonzaca01,Carlos Gonzalez,Hitter,OF,Post-steroid,2008.0,2019.0,2024.0,0.0,Power Hitter,0,234.0,1432.0,0.8429742487461542,,,,14.0,3.0,0.004438802603342091,0
bushodo01,Doc Bushong,Hitter,C,19th century,1875.0,1890.0,1895.0,3.0,Power Hitter 2,0,2.0,514.0,0.5068292891506812,,,,,,0.004432411739529272,0
monrobi01,Bill Monroe,Hitter,2B,19th century,1899.0,1914.0,1919.0,3.0,Power Hitter 2,0,5.0,274.0,0.68582910321489,,,,,,0.004429040605172877,0
cunnijo01,Joe Cunningham,Hitter,1B,Integration,1954.0,1966.0,1971.0,3.0,Power Hitter 2,0,64.0,980.0,0.8201858809774969,,,,0.0,2.0,0.004415760417752601,0
bellge02,George Bell,Hitter,OF,Free-agency,1981.0,1993.0,1998.0,0.0,Power Hitter,0,265.0,1702.0,0.7853395512452265,,,,20.0,3.0,0.0043948622901090985,0
caminke01,Ken Caminiti,Hitter,3B,Free-agency,1987.0,2001.0,2006.0,0.0,Power Hitter,0,239.0,1710.0,0.7935105871167596,,,,16.0,3.0,0.004384143226223005,0
boonebr01,Bret Boone,Hitter,2B,Free-agency,1992.0,2005.0,2010.0,0.0,Power Hitter,0,252.0,1775.0,0.7666607012088379,,,,9.0,3.0,0.004384143226223005,0
gagnegr01,Greg Gagne,Hitter,SS,Free-agency,1983.0,1997.0,2002.0,3.0,Power Hitter 2,0,111.0,1440.0,0.6842334320845684,,,,1.0,,0.004380052440766401,0
johnsni01,Nick Johnson,Hitter,1B,Steroid,2001.0,2012.0,2017.0,3.0,Power Hitter 2,0,95.0,723.0,0.8402890245840584,,,,2.0,,0.004376823588205333,0
whittpo01,George Whitted,Hitter,OF,Dead-ball,1912.0,1922.0,1927.0,3.0,Power Hitter 2,0,23.0,978.0,0.6745638200183655,,,,,,0.004362934178741075,0
loganjo01,Johnny Logan,Hitter,SS,Integration,1951.0,1963.0,1968.0,3.0,Power Hitter 2,0,93.0,1407.0,0.7079141236375024,,,,0.0,4.0,0.004362934178741075,0
hayesja02,Jackie Hayes,Hitter,2B,Live-ball/pre-integration,1927.0,1940.0,1945.0,3.0,Power Hitter 2,0,20.0,1069.0,0.6625721899863231,,,,,,0.004362934178741075,0
gerbewa01,Wally Gerber,Hitter,SS,Dead-ball,1914.0,1929.0,1934.0,3.0,Power Hitter 2,0,7.0,1309.0,0.6354618433522595,,,,0.0,,0.004362934178741075,0
warstra01,Rabbit Warstler,Hitter,SS,Live-ball/pre-integration,1930.0,1940.0,1945.0,3.0,Power Hitter 2,0,11.0,935.0,0.5868929727174453,,,,,,0.004362934178741075,0
fribebe01,Bernie Friberg,Hitter,3B,Dead-ball,1919.0,1933.0,1938.0,3.0,Power Hitter 2,0,38.0,1170.0,0.728396273344659,0.0,0.0,4.5,0.0,,0.004362934178741075,0
wambsbi01,Bill Wambsganss,Hitter,2B,Dead-ball,1914.0,1926.0,1931.0,3.0,Power Hitter 2,0,7.0,1359.0,0.6554642141237585,,,,0.0,,0.004362934178741075,0
leibone01,Nemo Leibold,Hitter,OF,Dead-ball,1913.0,1925.0,1930.0,3.0,Power Hitter 2,0,3.0,1109.0,0.6833660795567149,,,,,,0.004362934178741075,0
fordho01,Horace Ford,Hitter,SS,Dead-ball,1919.0,1933.0,1938.0,3.0,Power Hitter 2,0,16.0,1269.0,0.6523121092412857,,,,0.0,,0.004362934178741075,0
holkewa01,Walter Holke,Hitter,1B,Dead-ball,1914.0,1925.0,1930.0,3.0,Power Hitter 2,0,24.0,1278.0,0.6817948489406847,0.0,0.0,0.0,,,0.004362934178741075,0
janvrha01,Hal Janvrin,Hitter,SS,Dead-ball,1911.0,1922.0,1927.0,3.0,Power Hitter 2,0,6.0,515.0,0.5792175327288573,,,,,,0.004362934178741075,0
davenji01,Jim Davenport,Hitter,3B,Integration,1958.0,1970.0,1975.0,3.0,Power Hitter 2,0,77.0,1142.0,0.6844989839741107,,,,1.0,1.0,0.004362934178741075,0
rudijo01,Joe Rudi,Hitter,OF,Expansion,1967.0,1982.0,1987.0,0.0,Power Hitter,0,179.0,1468.0,0.7379949214776509,,,,7.0,3.0,0.004354785294653634,0
riosal01,Alex Rios,Hitter,OF,Steroid,2004.0,2015.0,2020.0,0.0,Power Hitter,0,169.0,1778.0,0.7548790340949674,,,,2.0,2.0,0.004347891685374325,0
maddoga01,Garry Maddox,Hitter,OF,Expansion,1972.0,1986.0,1991.0,0.0,Power Hitter,0,117.0,1802.0,0.7330371072383393,,,,11.0,,0.004347891685374325,0
honeyri01,Rick Honeycutt,Pitcher,P,Free-agency,1977.0,1997.0,2002.0,4.0,Workhorse Starting Pitcher,0,0.0,24.0,0.3583516483516483,109.0,38.0,3.720833333333333,3.0,2.0,0.00432927525226167,0
hadlebu01,Bump Hadley,Two-Way,P,Live-ball/pre-integration,1926.0,1941.0,1946.0,4.0,Workhorse Starting Pitcher,0,0.0,190.0,0.4813563677586088,161.0,25.0,4.243861038814077,,,0.004327305401024433,0
polonlu01,Luis Polonia,Hitter,OF,Free-agency,1987.0,2000.0,2005.0,3.0,Power Hitter 2,0,36.0,1417.0,0.7255183950692948,,,,,,0.0043175407113948605,0
thompha02,Hank Thompson,Hitter,3B,Integration,1947.0,1956.0,1961.0,3.0,Power Hitter 2,0,144.0,984.0,0.8359206381340128,,,,0.0,,0.0043107714827137975,0
bakerdu01,Dusty Baker,Hitter,OF,Expansion,1968.0,1986.0,1991.0,0.0,Power Hitter,0,242.0,1981.0,0.7786682185307661,,,,10.0,2.0,0.0043089703350794855,0
hendrge01,George Hendrick,Hitter,OF,Expansion,1971.0,1988.0,1993.0,0.0,Power Hitter,0,267.0,1980.0,0.7749749814486336,,,,7.0,4.0,0.0043089703350794855,0
cowenal01,Al Cowens,Hitter,OF,Expansion,1974.0,1986.0,1991.0,3.0,Power Hitter 2,0,108.0,1494.0,0.7219318843969844,,,,2.0,,0.004298647522552054,0
betanra01,Rafael Betancourt,Pitcher,P,Steroid,2003.0,2015.0,2020.0,1.0,Dominant Reliever / Closer,0,0.0,0.0,0.0,38.0,75.0,3.360233349538162,,,0.004297751351268204,0
moorete01,Terry Moore,Hitter,OF,Live-ball/pre-integration,1935.0,1948.0,1953.0,3.0,Power Hitter 2,0,80.0,1318.0,0.7390727524986085,0.0,0.0,0.0,0.0,4.0,0.0042947438109895006,0
starkji01,Jim Starks,Hitter,1B,Live-ball/pre-integration,1927.0,1946.0,1951.0,3.0,Power Hitter 2,0,15.0,165.0,0.7538094075383117,,,,,,0.004288444754304197,0
yeagejo01,Joe Yeager,Two-Way,3B,19th century,1898.0,1908.0,1913.0,3.0,Power Hitter 2,0,4.0,467.0,0.6431718392193662,33.0,2.0,3.742194891201514,,,0.004286216283279868,0
oflaher01,Eric O'Flaherty,Pitcher,P,Post-steroid,2006.0,2017.0,2022.0,1.0,Dominant Reliever / Closer,0,0.0,0.0,0.0,23.0,1.0,3.6965572457966376,,,0.0042845028684965125,0
madsory01,Ryan Madson,Pitcher,P,Steroid,2003.0,2018.0,2023.0,1.0,Dominant Reliever / Closer,0,0.0,6.0,0.299719887955182,61.0,91.0,3.4771943273284784,,,0.004277860069015151,0
smithda02,Dave Smith,Pitcher,P,Free-agency,1980.0,1992.0,1997.0,1.0,Dominant Reliever / Closer,0,0.0,3.0,0.2140151515151515,53.0,216.0,2.6688632619439865,0.0,2.0,0.004277860069015151,0
ontivst02,Steve Ontiveros,Pitcher,P,Free-agency,1985.0,2000.0,2005.0,1.0,Dominant Reliever / Closer,0,0.0,1.0,0.3205128205128205,34.0,19.0,3.6725440806045344,1.0,1.0,0.004277860069015151,0
corsiji01,Jim Corsi,Pitcher,P,Free-agency,1988.0,1999.0,2004.0,1.0,Dominant Reliever / Closer,0,0.0,0.0,0.0,22.0,7.0,3.2534626038781163,,,0.004277860069015151,0
benitar01,Armando Benitez,Pitcher,P,Steroid,1994.0,2008.0,2013.0,1.0,Dominant Reliever / Closer,0,0.0,0.0,0.0,40.0,289.0,3.1309370988446728,2.0,2.0,0.004277860069015151,0
zieglbr01,Brad Ziegler,Pitcher,P,Post-steroid,2008.0,2018.0,2023.0,1.0,Dominant Reliever / Closer,0,0.0,1.0,0.2857142857142857,37.0,105.0,2.7476765799256504,1.0,,0.004277860069015151,0
kingra01,Ray King,Pitcher,P,Steroid,1999.0,2008.0,2013.0,1.0,Dominant Reliever / Closer,0,0.0,0.0,0.0,20.0,2.0,3.45985401459854,,,0.004277860069015151,0
jordabu01,Buck Jordan,Hitter,1B,Live-ball/pre-integration,1927.0,1938.0,1943.0,3.0,Power Hitter 2,0,17.0,890.0,0.7306734932175984,,,,,,0.004271918171481901,0
worreto01,Todd Worrell,Pitcher,P,Free-agency,1985.0,1997.0,2002.0,1.0,Dominant Reliever / Closer,0,0.0,2.0,0.2552910052910053,50.0,256.0,3.0879384911100436,6.0,3.0,0.004256202358920058,0
buhneja01,Jay Buhner,Hitter,OF,Free-agency,1987.0,2001.0,2006.0,0.0,Power Hitter,0,310.0,1273.0,0.8520967378307525,,,,2.0,1.0,0.004245659055015329,0
cairomi01,Miguel Cairo,Hitter,2B,Steroid,1996.0,2012.0,2017.0,3.0,Power Hitter 2,0,41.0,1044.0,0.6747189356962819,,,,,,0.004245001403663694,0
barobe01,Bernardo Baró,Two-Way,RF,Dead-ball,1916.0,1929.0,1934.0,3.0,Power Hitter 2,0,16.0,571.0,0.7445483893417668,11.0,0.0,5.0880330123796425,,,0.0042335305999002,0
murphda08,Daniel Murphy,Hitter,2B,Post-steroid,2008.0,2020.0,2025.0,3.0,Power Hitter 2,0,138.0,1572.0,0.7963139206268942,,,,10.0,3.0,0.0042267537499954995,0
pedrodu01,Dustin Pedroia,Hitter,2B,Post-steroid,2006.0,2019.0,2024.0,0.0,Power Hitter,0,140.0,1805.0,0.8046038644334446,,,,12.0,4.0,0.0042267537499954995,0
mayle01,Lee May,Hitter,1B,Expansion,1965.0,1982.0,1987.0,0.0,Power Hitter,0,354.0,2031.0,0.7719919628480216,,,,4.0,3.0,0.004221651323219515,0
cabreas01,Asdrubal Cabrera,Hitter,SS,Post-steroid,2007.0,2021.0,2026.0,0.0,Power Hitter,0,195.0,1763.0,0.7522010372303325,0.0,0.0,0.0,5.0,2.0,0.004218573964002695,0
overbly01,Lyle Overbay,Hitter,1B,Steroid,2001.0,2014.0,2019.0,3.0,Power Hitter 2,0,151.0,1355.0,0.7759945345573467,0.0,0.0,0.0,3.0,,0.004218573964002695,0
hortowi01,Willie Horton,Hitter,OF,Expansion,1963.0,1980.0,1985.0,0.0,Power Hitter,0,325.0,1993.0,0.7889841016531027,,,,8.0,4.0,0.004199281715042377,0
greensh01,Shawn Green,Hitter,OF,Steroid,1993.0,2007.0,2012.0,0.0,Power Hitter,0,328.0,2003.0,0.8496884573541064,,,,5.0,2.0,0.00419719135079168,0
bicheda01,Dante Bichette,Hitter,OF,Free-agency,1988.0,2001.0,2006.0,0.0,Power Hitter,0,274.0,1906.0,0.8348830297976314,,,,14.0,4.0,0.004193107264855836,0
richepe01,Pete Richert,Pitcher,P,Expansion,1962.0,1974.0,1979.0,1.0,Dominant Reliever / Closer,0,1.0,43.0,0.3505291005291005,80.0,51.0,3.188733199885616,0.0,2.0,0.004192879351127861,0
tebbebi01,Birdie Tebbetts,Hitter,C,Live-ball/pre-integration,1936.0,1952.0,1957.0,3.0,Power Hitter 2,0,38.0,1000.0,0.6995524474972574,,,,3.0,4.0,0.004176635783597802,0
malonji01,Jim Maloney,Pitcher,P,Integration,1960.0,1971.0,1976.0,4.0,Workhorse Starting Pitcher,0,7.0,126.0,0.5208562808294621,134.0,4.0,3.188209843158464,0.0,1.0,0.004174354499516122,0
sanfoja02,Jack Sanford,Pitcher,P,Integration,1956.0,1967.0,1972.0,4.0,Workhorse Starting Pitcher,0,3.0,105.0,0.4180094587934271,137.0,11.0,3.68900455432661,2.0,1.0,0.004173835500180716,0
niemabo01,Bob Nieman,Hitter,OF,Integration,1951.0,1962.0,1967.0,3.0,Power Hitter 2,0,125.0,1018.0,0.847081910017161,,,,0.0,,0.004172031860568356,0
anderla02,Larry Andersen,Pitcher,P,Expansion,1975.0,1994.0,1999.0,1.0,Dominant Reliever / Closer,0,0.0,5.0,0.3267008985879333,40.0,49.0,3.146684527796383,,,0.004165736282043945,0
cuccito01,Tony Cuccinello,Hitter,2B,Live-ball/pre-integration,1930.0,1945.0,1950.0,3.0,Power Hitter 2,0,94.0,1729.0,0.7370987547391472,,,,1.0,2.0,0.0041628588298445925,0
sparktu01,Tully Sparks,Pitcher,P,19th century,1897.0,1910.0,1915.0,4.0,Workhorse Starting Pitcher,0,0.0,92.0,0.3165479482422673,121.0,8.0,2.81866021903001,,,0.004157444955184703,0
ringji01,Jimmy Ring,Pitcher,P,Dead-ball,1917.0,1928.0,1933.0,4.0,Workhorse Starting Pitcher,0,4.0,120.0,0.3594305009000788,118.0,11.0,4.124734532068526,,,0.004157444955184703,0
gantro01,Ron Gant,Hitter,OF,Free-agency,1987.0,2003.0,2008.0,0.0,Power Hitter,0,321.0,1651.0,0.803328957286267,,,,4.0,2.0,0.004157211420874566,0
huntro01,Ron Hunt,Hitter,2B,Expansion,1963.0,1974.0,1979.0,3.0,Power Hitter 2,0,39.0,1429.0,0.7145000816299489,,,,1.0,2.0,0.004146270361436937,0
wilsoja02,Jack Wilson,Hitter,SS,Steroid,2001.0,2012.0,2017.0,3.0,Power Hitter 2,0,61.0,1294.0,0.671279319821166,,,,2.0,1.0,0.004146270361436937,0
dentbu01,Bucky Dent,Hitter,SS,Expansion,1973.0,1984.0,1989.0,3.0,Power Hitter 2,0,40.0,1114.0,0.6182480215889764,,,,3.0,3.0,0.004146270361436937,0
remyje01,Jerry Remy,Hitter,2B,Expansion,1975.0,1984.0,1989.0,3.0,Power Hitter 2,0,7.0,1226.0,0.6556077706204932,,,,,1.0,0.004146270361436937,0
fletcsc01,Scott Fletcher,Hitter,SS,Free-agency,1981.0,1995.0,2000.0,3.0,Power Hitter 2,0,34.0,1376.0,0.673734239093954,,,,1.0,,0.004146270361436937,0
fuentti01,Tito Fuentes,Hitter,2B,Expansion,1965.0,1978.0,1983.0,3.0,Power Hitter 2,0,45.0,1491.0,0.6533024580455411,,,,0.0,,0.004146270361436937,0
martiru01,Russell Martin,Hitter,C,Post-steroid,2006.0,2019.0,2024.0,0.0,Power Hitter,0,191.0,1416.0,0.7456272278194482,0.0,0.0,0.0,4.0,4.0,0.004144535933471521,0
juncojo01,José Junco,Pitcher,P,Dead-ball,1912.0,1922.0,1927.0,3.0,Power Hitter 2,0,0.0,91.0,0.4475294543999456,43.0,2.0,3.0874715261959,,,0.004139752361199127,0
andreja01,Jabbo Andrews,Hitter,LF,Live-ball/pre-integration,1930.0,1942.0,1947.0,3.0,Power Hitter 2,0,25.0,320.0,0.8259373216545496,0.0,0.0,12.96,,,0.004133142457251997,0
spearhe01,Henry Spearman,Hitter,3B,Live-ball/pre-integration,1935.0,1945.0,1950.0,3.0,Power Hitter 2,0,27.0,440.0,0.8075287605883081,,,,,0.0,0.004133142457251997,0
shottbu01,Burt Shotton,Hitter,OF,Dead-ball,1909.0,1923.0,1928.0,3.0,Power Hitter 2,0,9.0,1338.0,0.6984329383785015,,,,0.0,,0.004122785036919524,0
smithel02,Elmer Smith,Hitter,OF,Dead-ball,1914.0,1925.0,1930.0,3.0,Power Hitter 2,0,70.0,881.0,0.7814086280351293,,,,,,0.004122785036919524,0
blasido01,Don Blasingame,Hitter,2B,Integration,1955.0,1966.0,1971.0,3.0,Power Hitter 2,0,21.0,1366.0,0.655815735677311,,,,0.0,1.0,0.004122785036919524,0
finnelo01,Lou Finney,Hitter,OF,Live-ball/pre-integration,1931.0,1947.0,1952.0,3.0,Power Hitter 2,0,31.0,1329.0,0.7232189509329785,,,,0.0,1.0,0.004122785036919524,0
matthga01,Gary Matthews,Hitter,OF,Expansion,1972.0,1987.0,1992.0,0.0,Power Hitter,0,234.0,2011.0,0.8022755565541875,,,,9.0,1.0,0.004101675230831697,0
pedroeu01,Eustaquio Pedroso,Two-Way,1B,Dead-ball,1910.0,1926.0,1931.0,3.0,Power Hitter 2,0,7.0,380.0,0.6545245111797174,49.0,1.0,4.288649706457925,,,0.004090032909772051,0
bailebi01,Bill Bailey,Pitcher,P,Dead-ball,1907.0,1922.0,1927.0,4.0,Workhorse Starting Pitcher,0,0.0,71.0,0.4461338089979897,38.0,0.0,3.569013218567477,,,0.004084527880848744,0
sullimi02,Mike Sullivan,Pitcher,P,19th century,1889.0,1899.0,1904.0,4.0,Workhorse Starting Pitcher,0,2.0,96.0,0.4591965035330224,54.0,4.0,5.037192561487703,,,0.004084527880848744,0
shautjo01,Joe Shaute,Pitcher,P,Live-ball/pre-integration,1922.0,1934.0,1939.0,3.0,Power Hitter 2,0,1.0,170.0,0.6186609686609686,99.0,18.0,4.14775435380385,,,0.004084527880848744,0
donneji01,Jim Donnelly,Hitter,3B,19th century,1884.0,1898.0,1903.0,3.0,Power Hitter 2,0,2.0,549.0,0.5645833455397209,,,,,,0.004083017350035695,0
marsaar01,Armando Marsans,Hitter,OF,Dead-ball,1911.0,1918.0,1923.0,3.0,Power Hitter 2,0,2.0,632.0,0.6422006773081785,,,,0.0,,0.0040672421782938185,0
holmeto01,Tommy Holmes,Hitter,OF,Live-ball/pre-integration,1942.0,1952.0,1957.0,3.0,Power Hitter 2,0,88.0,1507.0,0.7979938206807748,,,,4.0,1.0,0.004058466806435122,0
josepne01,Newt Joseph,Hitter,3B,Live-ball/pre-integration,1922.0,1935.0,1940.0,3.0,Power Hitter 2,0,31.0,666.0,0.7896271284236104,,,,,,0.0040538205443415585,0
morneju01,Justin Morneau,Hitter,1B,Steroid,2003.0,2016.0,2021.0,0.0,Power Hitter,0,247.0,1603.0,0.8282326609788819,,,,8.0,4.0,0.004052884633023996,0
rodriri02,Rich Rodriguez,Pitcher,P,Free-agency,1990.0,2003.0,2008.0,1.0,Dominant Reliever / Closer,0,0.0,3.0,0.3006912442396313,31.0,8.0,3.806971904266389,,,0.00404649335975382,0
lopesda01,Davey Lopes,Hitter,2B,Expansion,1972.0,1987.0,1992.0,0.0,Power Hitter,0,155.0,1671.0,0.7373019641846706,,,,4.0,4.0,0.0040423396498897035,0
jeffcha01,Hal Jeffcoat,Two-Way,OF,Integration,1948.0,1959.0,1964.0,3.0,Power Hitter 2,0,26.0,487.0,0.6453462961134149,39.0,25.0,4.222381635581062,,,0.004037494438172273,0
curryru01,Rube Curry,Pitcher,P,Live-ball/pre-integration,1920.0,1932.0,1937.0,4.0,Workhorse Starting Pitcher,0,4.0,127.0,0.5387740421949205,84.0,10.0,3.57462874402215,,,0.004022773809137615,0
varitja01,Jason Varitek,Hitter,C,Steroid,1997.0,2011.0,2016.0,0.0,Power Hitter,0,193.0,1307.0,0.7761049460327933,,,,4.0,3.0,0.0040199194080393135,0
hamilst01,Steve Hamilton,Pitcher,P,Expansion,1961.0,1972.0,1977.0,1.0,Dominant Reliever / Closer,0,0.0,14.0,0.3231074481074481,40.0,42.0,3.0542986425339365,,,0.003999373080063388,0
pinielo01,Lou Piniella,Hitter,OF,Expansion,1964.0,1984.0,1989.0,0.0,Power Hitter,0,102.0,1705.0,0.7412698462728515,,,,1.0,1.0,0.0039986292083777734,0
abernte02,Ted Abernathy,Pitcher,P,Integration,1955.0,1972.0,1977.0,1.0,Dominant Reliever / Closer,0,0.0,25.0,0.3292993071998596,63.0,148.0,3.4583212314841707,2.0,,0.003997382293080149,0
mcclubo01,Bob McClure,Pitcher,P,Expansion,1975.0,1993.0,1998.0,1.0,Dominant Reliever / Closer,0,0.0,2.0,0.4444444444444444,68.0,52.0,3.806098964326812,,,0.003997183031702007,0
quirkja01,Jamie Quirk,Hitter,C,Expansion,1975.0,1992.0,1997.0,3.0,Power Hitter 2,0,43.0,544.0,0.6450517868103123,,,,,,0.003997183031702007,0
penaca01,Carlos Peña,Hitter,1B,Steroid,2001.0,2014.0,2019.0,0.0,Power Hitter,0,286.0,1146.0,0.808358886191309,,,,9.0,1.0,0.00399595552254713,0
reichri01,Rick Reichardt,Hitter,OF,Expansion,1964.0,1974.0,1979.0,3.0,Power Hitter 2,0,116.0,864.0,0.7399266500435406,,,,0.0,,0.003984017640807667,0
smithbo02,Bob Smith,Two-Way,P,Live-ball/pre-integration,1923.0,1937.0,1942.0,4.0,Workhorse Starting Pitcher,0,5.0,409.0,0.574271014105589,106.0,40.0,3.9384181629321855,,,0.003977403368033397,0
lopezja01,Javy Lopez,Hitter,C,Free-agency,1992.0,2006.0,2011.0,0.0,Power Hitter,0,260.0,1527.0,0.8280319065108006,,,,5.0,3.0,0.003974777053477202,0
tettlmi01,Mickey Tettleton,Hitter,C,Free-agency,1984.0,1997.0,2002.0,0.0,Power Hitter,0,245.0,1132.0,0.8177124749993976,,,,9.0,2.0,0.003969186683960332,0
beckegl01,Glenn Beckert,Hitter,2B,Expansion,1965.0,1975.0,1980.0,3.0,Power Hitter 2,0,22.0,1473.0,0.6627827532431063,,,,4.0,4.0,0.003969186683960332,0
martira02,Ramon Martinez,Pitcher,P,Free-agency,1988.0,2001.0,2006.0,4.0,Workhorse Starting Pitcher,0,1.0,91.0,0.3445743903249385,135.0,0.0,3.665201336381221,2.0,2.0,0.003952648954209362,0
stairma01,Matt Stairs,Hitter,OF,Free-agency,1992.0,2011.0,2016.0,0.0,Power Hitter,0,265.0,1366.0,0.8323485219463311,,,,1.0,,0.003952294985884545,0
erskica01,Carl Erskine,Pitcher,P,Integration,1948.0,1959.0,1964.0,4.0,Workhorse Starting Pitcher,0,1.0,92.0,0.3554787204137853,122.0,13.0,3.995539177657099,0.0,1.0,0.003951044124409661,0
lemonch01,Chet Lemon,Hitter,OF,Expansion,1975.0,1990.0,1995.0,0.0,Power Hitter,0,215.0,1875.0,0.7971098943335457,,,,2.0,3.0,0.003948805527611085,0
carbobe01,Bernie Carbo,Hitter,OF,Expansion,1969.0,1980.0,1985.0,3.0,Power Hitter 2,0,96.0,722.0,0.8141245587672801,,,,2.0,,0.003947527585571848,0
vuckope01,Pete Vuckovich,Pitcher,P,Expansion,1975.0,1986.0,1991.0,4.0,Workhorse Starting Pitcher,0,0.0,33.0,0.3613217768147345,93.0,10.0,3.6610169491525424,1.0,,0.003936249276493875,0
trentte01,Ted Trent,Pitcher,P,Live-ball/pre-integration,1927.0,1939.0,1944.0,4.0,Workhorse Starting Pitcher,0,1.0,49.0,0.308139032192985,86.0,6.0,3.6342098411871913,,0.0,0.003935814902431709,0
joynewa01,Wally Joyner,Hitter,1B,Free-agency,1986.0,2001.0,2006.0,0.0,Power Hitter,0,204.0,2060.0,0.8019398267516478,,,,5.0,1.0,0.003935300593635262,0
hogansh01,Shanty Hogan,Hitter,C,Live-ball/pre-integration,1925.0,1937.0,1942.0,3.0,Power Hitter 2,0,61.0,939.0,0.7544568474431164,,,,0.0,,0.003935125026811517,0
raffeke01,Ken Raffensberger,Pitcher,P,Live-ball/pre-integration,1939.0,1954.0,1959.0,4.0,Workhorse Starting Pitcher,0,4.0,97.0,0.348117640305704,119.0,16.0,3.59721146398141,0.0,1.0,0.003930762773266386,0
hillca01,Carmen Hill,Pitcher,P,Dead-ball,1915.0,1930.0,1935.0,3.0,Power Hitter 2,0,0.0,53.0,0.4802937881239885,49.0,8.0,3.4421855146124525,0.0,,0.003923719433024845,0
chambch01,Chris Chambliss,Hitter,1B,Expansion,1971.0,1988.0,1993.0,0.0,Power Hitter,0,185.0,2109.0,0.7487979033019558,,,,6.0,1.0,0.003922089277427723,0
harrile01,Lenny Harris,Hitter,PH,Free-agency,1988.0,2005.0,2010.0,3.0,Power Hitter 2,0,37.0,1055.0,0.6671354678827042,0.0,0.0,0.0,,,0.0039203133782117015,0
guzmacr01,Cristian Guzman,Hitter,SS,Steroid,1999.0,2010.0,2015.0,3.0,Power Hitter 2,0,62.0,1459.0,0.6902448422893331,,,,1.0,2.0,0.003918000123676092,0
metzgro01,Roger Metzger,Hitter,SS,Expansion,1970.0,1980.0,1985.0,3.0,Power Hitter 2,0,5.0,972.0,0.5838907896101411,,,,1.0,,0.003918000123676092,0
ortajo01,Jorge Orta,Hitter,2B,Expansion,1972.0,1987.0,1992.0,3.0,Power Hitter 2,0,130.0,1619.0,0.7463966094657533,,,,3.0,2.0,0.003918000123676092,0
offerjo01,Jose Offerman,Hitter,SS,Free-agency,1990.0,2005.0,2010.0,3.0,Power Hitter 2,0,57.0,1551.0,0.7324775474382093,,,,,2.0,0.003918000123676092,0
perezne01,Neifi Perez,Hitter,SS,Steroid,1996.0,2007.0,2012.0,3.0,Power Hitter 2,0,64.0,1370.0,0.6720505228911755,,,,1.0,,0.003918000123676092,0
dejesda01,David DeJesus,Hitter,OF,Steroid,2003.0,2015.0,2020.0,3.0,Power Hitter 2,0,99.0,1434.0,0.7610813626616513,,,,1.0,,0.003918000123676092,0
glaustr01,Troy Glaus,Hitter,3B,Steroid,1998.0,2010.0,2015.0,0.0,Power Hitter,0,320.0,1375.0,0.8474497935606033,,,,10.0,4.0,0.003911808109832961,0
callijo01,Johnny Callison,Hitter,OF,Integration,1958.0,1973.0,1978.0,0.0,Power Hitter,0,226.0,1757.0,0.7725082101826293,,,,1.0,4.0,0.003910790029642596,0
rybami01,Mike Ryba,Pitcher,P,Live-ball/pre-integration,1935.0,1946.0,1951.0,3.0,Power Hitter 2,0,0.0,58.0,0.5565070812576194,52.0,16.0,3.6635474266269674,,,0.003906753835660025,0
dorgami01,Mike Dorgan,Hitter,OF,19th century,1877.0,1890.0,1895.0,3.0,Power Hitter 2,0,4.0,802.0,0.6432939344101793,8.0,0.0,3.2785714285714285,,,0.0038916946627200666,0
salmoha01,Harry Salmon,Pitcher,P,Live-ball/pre-integration,1923.0,1935.0,1940.0,4.0,Workhorse Starting Pitcher,0,0.0,113.0,0.4837488635864367,76.0,5.0,3.612447384245339,,,0.0038916946627200666,0
bordimi01,Mike Bordick,Hitter,SS,Free-agency,1990.0,2003.0,2008.0,3.0,Power Hitter 2,0,91.0,1500.0,0.6852182143158534,,,,0.0,1.0,0.0038866419863560716,0
peraljh01,Jhonny Peralta,Hitter,SS,Steroid,2003.0,2017.0,2022.0,0.0,Power Hitter,0,202.0,1761.0,0.7521243647937599,,,,0.0,3.0,0.0038866419863560716,0
klinest02,Steve Kline,Pitcher,P,Steroid,1997.0,2007.0,2012.0,1.0,Dominant Reliever / Closer,0,0.0,2.0,0.3571428571428571,34.0,39.0,3.5085490962383976,0.0,,0.0038792988571699715,0
urbinug01,Ugueth Urbina,Pitcher,P,Steroid,1995.0,2005.0,2010.0,1.0,Dominant Reliever / Closer,0,0.0,5.0,0.2371967654986523,44.0,237.0,3.445984703632887,2.0,2.0,0.0038792988571699715,0
smithbr01,Bryn Smith,Pitcher,P,Free-agency,1981.0,1993.0,1998.0,4.0,Workhorse Starting Pitcher,0,3.0,76.0,0.3944281524926686,108.0,6.0,3.5269817640491254,,,0.0038784917593753902,0
kahoemi01,Mike Kahoe,Hitter,C,19th century,1895.0,1909.0,1914.0,3.0,Power Hitter 2,0,4.0,278.0,0.5132090759918814,,,,,,0.0038765830073221766,0
haddiha01,Harvey Haddix,Pitcher,P,Integration,1952.0,1965.0,1970.0,4.0,Workhorse Starting Pitcher,0,4.0,169.0,0.5507334729302693,136.0,21.0,3.628187919463087,3.0,3.0,0.0038765830073221766,0
mcgeami01,Mike McGeary,Hitter,2B,19th century,1871.0,1882.0,1887.0,3.0,Power Hitter 2,0,0.0,684.0,0.5919534935393314,,,,,,0.0038765830073221766,0
jacklfr01,Fred Jacklitsch,Hitter,C,Dead-ball,1900.0,1917.0,1922.0,3.0,Power Hitter 2,0,5.0,327.0,0.6688521279190294,,,,,,0.0038765830073221766,0
battijo01,Joe Battin,Hitter,3B,19th century,1871.0,1890.0,1895.0,3.0,Power Hitter 2,0,3.0,439.0,0.5218281572829087,0.0,0.0,3.5217391304347827,,,0.0038765830073221766,0
ryanco01,Connie Ryan,Hitter,2B,Live-ball/pre-integration,1942.0,1954.0,1959.0,3.0,Power Hitter 2,0,56.0,988.0,0.693586024126736,,,,0.0,1.0,0.0038765830073221766,0
warnejo01,Jack Warner,Hitter,C,19th century,1895.0,1908.0,1913.0,3.0,Power Hitter 2,0,6.0,870.0,0.6001099528663958,,,,,,0.0038765830073221766,0
clingbi01,Billy Clingman,Hitter,3B,19th century,1890.0,1903.0,1908.0,3.0,Power Hitter 2,0,8.0,700.0,0.6290913088333036,,,,,,0.0038765830073221766,0
carpehi01,Hick Carpenter,Hitter,3B,19th century,1879.0,1892.0,1897.0,3.0,Power Hitter 2,0,18.0,1202.0,0.602689212096511,,,,,,0.0038765830073221766,0
nunamle01,Les Nunamaker,Hitter,C,Dead-ball,1911.0,1922.0,1927.0,3.0,Power Hitter 2,0,2.0,533.0,0.6703448434834725,,,,,,0.0038765830073221766,0
waltero01,Roxy Walters,Hitter,C,Dead-ball,1915.0,1925.0,1930.0,3.0,Power Hitter 2,0,0.0,317.0,0.5407372934275865,,,,,,0.0038765830073221766,0
schreos01,Ossee Schrecongost,Hitter,C,19th century,1897.0,1908.0,1913.0,3.0,Power Hitter 2,0,9.0,829.0,0.6421649956410045,,,,,,0.0038765830073221766,0
lawve01,Vern Law,Pitcher,P,Integration,1950.0,1967.0,1972.0,4.0,Workhorse Starting Pitcher,0,11.0,191.0,0.5631754074049006,162.0,13.0,3.7657185628742513,5.0,2.0,0.0038765830073221766,0
billijo01,Josh Billings,Hitter,C,Dead-ball,1913.0,1923.0,1928.0,3.0,Power Hitter 2,0,0.0,106.0,0.5304943156836882,,,,,,0.0038765830073221766,0
bowmajo01,Joe Bowman,Pitcher,P,Live-ball/pre-integration,1932.0,1945.0,1950.0,4.0,Workhorse Starting Pitcher,0,2.0,141.0,0.5677539277391667,77.0,11.0,4.402774619058449,,,0.0038765830073221766,0
farreja02,Jack Farrell,Hitter,2B,19th century,1879.0,1889.0,1894.0,3.0,Power Hitter 2,0,23.0,877.0,0.6160720044371588,,,,,,0.0038765830073221766,0
needhto01,Tom Needham,Hitter,C,Dead-ball,1904.0,1914.0,1919.0,3.0,Power Hitter 2,0,8.0,311.0,0.5459225215994614,,,,,,0.0038765830073221766,0
moranpa01,Pat Moran,Hitter,C,Dead-ball,1901.0,1914.0,1919.0,3.0,Power Hitter 2,0,18.0,618.0,0.5954003013992146,,,,,,0.0038765830073221766,0
mccorba01,Barry McCormick,Hitter,3B,19th century,1895.0,1904.0,1909.0,3.0,Power Hitter 2,0,15.0,867.0,0.6001382160407007,,,,,,0.0038765830073221766,0
floweja01,Jake Flowers,Hitter,2B,Live-ball/pre-integration,1923.0,1934.0,1939.0,3.0,Power Hitter 2,0,16.0,433.0,0.6826555458170644,,,,0.0,,0.0038765830073221766,0
kinslto01,Tom Kinslow,Hitter,C,19th century,1886.0,1898.0,1903.0,3.0,Power Hitter 2,0,12.0,376.0,0.662159409557568,,,,,,0.0038765830073221766,0
robinya01,William Robinson,Hitter,2B,19th century,1882.0,1892.0,1897.0,3.0,Power Hitter 2,0,16.0,827.0,0.6990290579233548,3.0,1.0,3.337078651685393,,,0.0038759599985254173,0
horlejo01,Joe Horlen,Pitcher,P,Expansion,1961.0,1972.0,1977.0,4.0,Workhorse Starting Pitcher,0,0.0,83.0,0.3033879449838187,116.0,4.0,3.106393606393606,0.0,1.0,0.003868094519511314,0
markani01,Nick Markakis,Hitter,OF,Post-steroid,2006.0,2020.0,2025.0,0.0,Power Hitter,0,189.0,2388.0,0.7805622317977202,,,,6.0,1.0,0.003864832553083657,0
stewash01,Shannon Stewart,Hitter,OF,Steroid,1995.0,2008.0,2013.0,3.0,Power Hitter 2,0,115.0,1653.0,0.7900935163431881,,,,1.0,,0.003856864303264344,0
fieldce01,Cecil Fielder,Hitter,1B,Free-agency,1985.0,1998.0,2003.0,0.0,Power Hitter,0,319.0,1313.0,0.8266829697033277,,,,10.0,3.0,0.0038548382292869572,0
kendrho01,Howie Kendrick,Hitter,2B,Post-steroid,2006.0,2020.0,2025.0,3.0,Power Hitter 2,0,127.0,1747.0,0.7671052738744395,,,,1.0,1.0,0.0038524479493670066,0
polanpl01,Placido Polanco,Hitter,2B,Steroid,1998.0,2013.0,2018.0,3.0,Power Hitter 2,0,104.0,2142.0,0.7398471632793784,,,,7.0,2.0,0.0038524479493670066,0
righeda01,Dave Righetti,Pitcher,P,Free-agency,1979.0,1995.0,2000.0,1.0,Dominant Reliever / Closer,0,0.0,2.0,0.3636363636363636,82.0,252.0,3.4623604844454996,9.0,2.0,0.0038450591954871383,0
garbege01,Gene Garber,Pitcher,P,Expansion,1969.0,1988.0,1993.0,1.0,Dominant Reliever / Closer,0,0.0,17.0,0.3761725436494351,96.0,218.0,3.337748344370861,0.0,,0.003843045866880471,0
kenyoha01,Harry Kenyon,Two-Way,LF,Dead-ball,1919.0,1929.0,1934.0,3.0,Power Hitter 2,0,9.0,343.0,0.7053261708635027,31.0,2.0,5.088285229202038,,,0.0038417342218742935,0
purcebl01,Blondie Purcell,Two-Way,OF,19th century,1879.0,1890.0,1895.0,3.0,Power Hitter 2,0,13.0,1217.0,0.6539872890642122,15.0,0.0,3.7310779816513766,,,0.0038417342218742935,0
fabreis01,Isidro Fabré,Two-Way,LF,Dead-ball,1918.0,1939.0,1944.0,3.0,Power Hitter 2,0,11.0,246.0,0.659973976578921,26.0,1.0,4.422275163787969,,,0.0038417342218742935,0
daultda01,Darren Daulton,Hitter,C,Free-agency,1983.0,1997.0,2002.0,3.0,Power Hitter 2,0,137.0,891.0,0.7837985438439563,,,,4.0,3.0,0.003835582126618066,0
ellsbja01,Jacoby Ellsbury,Hitter,OF,Post-steroid,2007.0,2017.0,2022.0,3.0,Power Hitter 2,0,104.0,1376.0,0.7595580164385252,,,,9.0,1.0,0.003835582126618066,0
weisswa01,Walt Weiss,Hitter,SS,Free-agency,1987.0,2000.0,2005.0,3.0,Power Hitter 2,0,25.0,1207.0,0.676738232115835,,,,2.0,1.0,0.003835582126618066,0
dykstle01,Lenny Dykstra,Hitter,OF,Free-agency,1985.0,1996.0,2001.0,3.0,Power Hitter 2,0,81.0,1298.0,0.7930610531804114,,,,6.0,3.0,0.003835582126618066,0
grantmu01,Mudcat Grant,Pitcher,P,Integration,1958.0,1971.0,1976.0,4.0,Workhorse Starting Pitcher,0,6.0,135.0,0.4559382646339168,145.0,53.0,3.630716723549488,2.0,2.0,0.0038348718251906668,0
gordosi01,Sid Gordon,Hitter,OF,Live-ball/pre-integration,1941.0,1955.0,1960.0,3.0,Power Hitter 2,0,202.0,1415.0,0.8427308602570783,,,,1.0,2.0,0.0038312946251844093,0
vaughgr01,Greg Vaughn,Hitter,OF,Free-agency,1989.0,2003.0,2008.0,0.0,Power Hitter,0,355.0,1475.0,0.8069937759448307,,,,8.0,4.0,0.003814475473303053,0
karroer01,Eric Karros,Hitter,1B,Free-agency,1991.0,2004.0,2009.0,0.0,Power Hitter,0,284.0,1724.0,0.778585842019982,,,,8.0,,0.003814475473303053,0
brinked01,Ed Brinkman,Hitter,SS,Expansion,1961.0,1975.0,1980.0,3.0,Power Hitter 2,0,60.0,1355.0,0.5797031473871372,,,,1.0,1.0,0.0038109142026048546,0
collijo01,Joe Collins,Hitter,1B,Integration,1948.0,1957.0,1962.0,3.0,Power Hitter 2,0,86.0,596.0,0.7714722091908017,,,,0.0,,0.003808524128859847,0
martibi02,Billy Martin,Hitter,2B,Integration,1950.0,1961.0,1966.0,3.0,Power Hitter 2,0,64.0,877.0,0.6686768562418802,,,,1.0,1.0,0.003808524128859847,0
munozmi01,Mike Munoz,Pitcher,P,Free-agency,1989.0,2000.0,2005.0,3.0,Power Hitter 2,0,0.0,1.0,0.6857142857142857,18.0,11.0,5.187557182067704,,,0.0038081032981583042,0
schoesc01,Scott Schoeneweis,Pitcher,P,Steroid,1999.0,2010.0,2015.0,3.0,Power Hitter 2,0,0.0,2.0,0.775,47.0,9.0,5.0092592592592595,,,0.0038081032981583042,0
cuddymi01,Michael Cuddyer,Hitter,OF,Steroid,2001.0,2015.0,2020.0,0.0,Power Hitter,0,197.0,1522.0,0.805053059503331,0.0,0.0,0.0,2.0,2.0,0.0038078011302576974,0
smithed04,Eddie Smith,Pitcher,P,Live-ball/pre-integration,1936.0,1947.0,1952.0,4.0,Workhorse Starting Pitcher,0,1.0,100.0,0.4766020795204371,73.0,12.0,3.824106956340088,,2.0,0.0038017033303405635,0
isrinja01,Jason Isringhausen,Pitcher,P,Steroid,1995.0,2012.0,2017.0,1.0,Dominant Reliever / Closer,0,2.0,21.0,0.5583791208791209,51.0,300.0,3.644062189877605,2.0,2.0,0.0037988025616330105,0
penaal01,Alejandro Peña,Pitcher,P,Free-agency,1981.0,1996.0,2001.0,1.0,Dominant Reliever / Closer,0,1.0,20.0,0.2686464088397789,56.0,74.0,3.1058934762054835,2.0,,0.0037988025616330105,0
dukeza01,Zach Duke,Pitcher,P,Post-steroid,2005.0,2019.0,2024.0,4.0,Workhorse Starting Pitcher,0,2.0,57.0,0.4279571114647268,69.0,4.0,4.308088235294117,2.0,1.0,0.0037988025616330105,0
buchhcl01,Clay Buchholz,Pitcher,P,Post-steroid,2007.0,2019.0,2024.0,4.0,Workhorse Starting Pitcher,0,0.0,4.0,0.233695652173913,90.0,0.0,3.978734050537904,4.0,2.0,0.0037988025616330105,0
bayja01,Jason Bay,Hitter,OF,Steroid,2003.0,2013.0,2018.0,0.0,Power Hitter,0,222.0,1200.0,0.8411114335602479,,,,13.0,3.0,0.0037873706427115003,0
hemusso01,Solly Hemus,Hitter,SS,Integration,1949.0,1959.0,1964.0,3.0,Power Hitter 2,0,51.0,736.0,0.8008463113293771,,,,0.0,,0.0037859751906728495,0
dobsojo01,Joe Dobson,Pitcher,P,Live-ball/pre-integration,1939.0,1954.0,1959.0,4.0,Workhorse Starting Pitcher,0,2.0,106.0,0.3939177704674765,137.0,18.0,3.624884792626728,0.0,1.0,0.0037751566965204615,0
hutchfr01,Fred Hutchinson,Pitcher,P,Live-ball/pre-integration,1939.0,1953.0,1958.0,3.0,Power Hitter 2,0,4.0,171.0,0.659950786348561,95.0,7.0,3.7254098360655736,0.0,1.0,0.0037751566965204615,0
portean01,Andy Porter,Pitcher,P,Live-ball/pre-integration,1932.0,1948.0,1953.0,4.0,Workhorse Starting Pitcher,0,2.0,37.0,0.415650406504065,45.0,3.0,4.237083534524384,,,0.0037751566965204615,0
livinmi01,Mickey Livingston,Hitter,C,Live-ball/pre-integration,1938.0,1951.0,1956.0,3.0,Power Hitter 2,0,19.0,354.0,0.6357644364575821,,,,,,0.0037655846484800403,0
mitchke01,Kevin Mitchell,Hitter,OF,Free-agency,1984.0,1998.0,2003.0,0.0,Power Hitter,0,234.0,1173.0,0.880082634389618,,,,9.0,2.0,0.0037652527367447574,0
kaufmto01,Tony Kaufmann,Pitcher,P,Live-ball/pre-integration,1921.0,1935.0,1940.0,3.0,Power Hitter 2,0,9.0,91.0,0.6049795615013006,64.0,12.0,4.183798711261123,,,0.003762452548874371,0
watsobo01,Bob Watson,Hitter,1B,Expansion,1966.0,1984.0,1989.0,0.0,Power Hitter,0,184.0,1826.0,0.8109174895244887,,,,3.0,2.0,0.0037604157471295666,0
aguilri01,Rick Aguilera,Pitcher,P,Free-agency,1985.0,2000.0,2005.0,1.0,Dominant Reliever / Closer,0,3.0,28.0,0.5222525427933515,86.0,318.0,3.5684047496128035,1.0,3.0,0.0037561339111457947,0
willicl01,Clarence Williams,Hitter,C,19th century,1891.0,1908.0,1913.0,3.0,Power Hitter 2,0,4.0,78.0,0.7155895952490522,,,,,,0.003750601608389983,0
cardejo02,Jose Cardenal,Hitter,OF,Expansion,1963.0,1980.0,1985.0,0.0,Power Hitter,0,138.0,1913.0,0.7277251279199185,,,,0.0,,0.0037490336324023567,0
ruizca01,Carlos Ruiz,Hitter,C,Post-steroid,2006.0,2017.0,2022.0,3.0,Power Hitter 2,0,71.0,935.0,0.7416751126452833,0.0,0.0,9.0,2.0,1.0,0.003740945279583744,0
hollaal01,Al Holland,Pitcher,P,Free-agency,1977.0,1987.0,1992.0,1.0,Dominant Reliever / Closer,0,0.0,6.0,0.2704678362573099,34.0,78.0,2.981424148606811,3.0,1.0,0.003733811320754605,0
kindeel01,Ellis Kinder,Pitcher,P,Live-ball/pre-integration,1946.0,1957.0,1962.0,1.0,Dominant Reliever / Closer,0,1.0,63.0,0.353073094507784,102.0,102.0,3.430502365397612,2.0,,0.00372393076677428,0
brownma01,Mace Brown,Pitcher,P,Live-ball/pre-integration,1935.0,1946.0,1951.0,1.0,Dominant Reliever / Closer,0,0.0,43.0,0.3315235500499813,76.0,48.0,3.4649721016739,0.0,1.0,0.00372393076677428,0
seaneru01,Rudy Seanez,Pitcher,P,Free-agency,1989.0,2008.0,2013.0,1.0,Dominant Reliever / Closer,0,0.0,0.0,0.1666666666666666,41.0,12.0,4.102473498233215,,,0.003723745085436534,0
surhobj01,B. J. Surhoff,Hitter,OF,Free-agency,1987.0,2005.0,2010.0,0.0,Power Hitter,0,188.0,2326.0,0.7453486702971397,,,,2.0,1.0,0.0037192461640688924,0
mitchwi01,Willie Mitchell,Pitcher,P,Dead-ball,1909.0,1919.0,1924.0,4.0,Workhorse Starting Pitcher,0,0.0,69.0,0.3193379440005371,84.0,4.0,2.8786764705882355,,,0.0037169737174229146,0
hallto01,Tom Hall,Pitcher,P,Expansion,1968.0,1977.0,1982.0,1.0,Dominant Reliever / Closer,0,0.0,31.0,0.3628297738693467,52.0,32.0,3.2720875684128226,,,0.003712659512066909,0
dyeje01,Jermaine Dye,Hitter,OF,Steroid,1996.0,2009.0,2014.0,0.0,Power Hitter,0,325.0,1779.0,0.8263935396711765,,,,14.0,2.0,0.0037106211864823117,0
graveda01,Danny Graves,Pitcher,P,Steroid,1996.0,2006.0,2011.0,1.0,Dominant Reliever / Closer,0,2.0,8.0,0.3010936431989063,43.0,182.0,4.05278350515464,1.0,2.0,0.003702531255477732,0
chancde01,Dean Chance,Pitcher,P,Expansion,1961.0,1971.0,1976.0,4.0,Workhorse Starting Pitcher,0,0.0,44.0,0.1826669205931491,128.0,23.0,2.9212977336230983,4.0,2.0,0.0037011896591564023,0
burnije01,Jeromy Burnitz,Hitter,OF,Steroid,1993.0,2006.0,2011.0,0.0,Power Hitter,0,315.0,1447.0,0.8258575971552484,,,,2.0,1.0,0.003693918925853921,0
hafnetr01,Travis Hafner,Hitter,DH,Steroid,2002.0,2013.0,2018.0,0.0,Power Hitter,0,213.0,1107.0,0.8741912426878327,,,,5.0,,0.003693918925853921,0
burrepa01,Pat Burrell,Hitter,OF,Steroid,2000.0,2011.0,2016.0,0.0,Power Hitter,0,292.0,1393.0,0.8338192553085936,,,,2.0,,0.003693918925853921,0
otoolji01,Jim O'Toole,Pitcher,P,Integration,1958.0,1967.0,1972.0,4.0,Workhorse Starting Pitcher,0,0.0,67.0,0.2908988316516198,98.0,4.0,3.565827486586876,0.0,1.0,0.003693530593046427,0
javiest01,Stan Javier,Hitter,OF,Free-agency,1984.0,2001.0,2006.0,3.0,Power Hitter 2,0,57.0,1358.0,0.708145088767554,,,,,,0.0036933464218922353,0
wellsve01,Vernon Wells,Hitter,OF,Steroid,1999.0,2013.0,2018.0,0.0,Power Hitter,0,270.0,1794.0,0.7779348916928837,,,,9.0,3.0,0.003689664848484657,0
greenmi01,Mike Greenwell,Hitter,OF,Free-agency,1985.0,1996.0,2001.0,3.0,Power Hitter 2,0,130.0,1400.0,0.8309285998072191,,,,5.0,2.0,0.003683611633217131,0
reidam01,Ambrose Reid,Hitter,LF,Live-ball/pre-integration,1921.0,1932.0,1937.0,3.0,Power Hitter 2,0,8.0,447.0,0.6265620306034441,0.0,0.0,11.25,,,0.0036785941749954915,0
jackssa02,Sanford Jackson,Hitter,CF,Live-ball/pre-integration,1923.0,1936.0,1941.0,3.0,Power Hitter 2,0,2.0,522.0,0.6398471361869151,,,,,,0.0036785941749954915,0
spearcl01,Clyde Spearman,Hitter,RF,Live-ball/pre-integration,1932.0,1946.0,1951.0,3.0,Power Hitter 2,0,5.0,269.0,0.7543803584077642,,,,,,0.0036785941749954915,0
gardnje02,Jelly Gardner,Hitter,CF,Dead-ball,1919.0,1931.0,1936.0,3.0,Power Hitter 2,0,3.0,703.0,0.7077646825358344,,,,,,0.0036785941749954915,0
oneilbu01,Buck O'Neil,Hitter,1B,Live-ball/pre-integration,1937.0,1949.0,1954.0,3.0,Power Hitter 2,0,12.0,368.0,0.6724340363760567,0.0,0.0,4.909090909090909,,0.0,0.0036785941749954915,0
scottmi03,Mike Scott,Pitcher,P,Free-agency,1979.0,1991.0,1996.0,4.0,Workhorse Starting Pitcher,0,2.0,81.0,0.3125654872249536,124.0,3.0,3.5370609087979377,9.0,3.0,0.003678562864736984,0
mcbriba01,Bake McBride,Hitter,OF,Expansion,1973.0,1983.0,1988.0,3.0,Power Hitter 2,0,63.0,1153.0,0.7649289002417802,,,,2.0,1.0,0.003677461366360698,0
terryra01,Ralph Terry,Pitcher,P,Integration,1956.0,1967.0,1972.0,4.0,Workhorse Starting Pitcher,0,1.0,95.0,0.3683793364509226,107.0,11.0,3.6207642393655375,3.0,1.0,0.003674420884084828,0
brookam01,Ameal Brooks,Hitter,C,Live-ball/pre-integration,1929.0,1947.0,1952.0,3.0,Power Hitter 2,0,14.0,172.0,0.7366178701767335,,,,,0.0,0.0036595296411224077,0
browncl01,Clint Brown,Pitcher,P,Live-ball/pre-integration,1928.0,1942.0,1947.0,1.0,Dominant Reliever / Closer,0,2.0,91.0,0.5363915807023028,89.0,64.0,4.264752075387031,0.0,,0.0036595296411224077,0
mchenhe01,Henry McHenry,Pitcher,P,Live-ball/pre-integration,1930.0,1948.0,1953.0,3.0,Power Hitter 2,0,18.0,116.0,0.6760391106589263,71.0,10.0,4.117682377664365,,0.0,0.003649606882508423,0
felizne01,Neftali Feliz,Pitcher,P,Post-steroid,2009.0,2021.0,2026.0,1.0,Dominant Reliever / Closer,0,0.0,0.0,0.0,21.0,107.0,3.5466101694915255,2.0,1.0,0.0036469515650651607,0
timlimi01,Mike Timlin,Pitcher,P,Free-agency,1991.0,2008.0,2013.0,1.0,Dominant Reliever / Closer,0,0.0,0.0,0.0,75.0,141.0,3.6318848602269584,1.0,,0.0036432265340399107,0
plesada01,Dan Plesac,Pitcher,P,Free-agency,1986.0,2003.0,2008.0,1.0,Dominant Reliever / Closer,0,0.0,1.0,0.1333333333333333,65.0,158.0,3.6352611940298503,0.0,3.0,0.0036432265340399107,0
mcgratu01,Tug McGraw,Pitcher,P,Expansion,1965.0,1984.0,1989.0,1.0,Dominant Reliever / Closer,0,1.0,39.0,0.4502109006699197,96.0,180.0,3.1373239436619715,3.0,2.0,0.0036432265340399107,0
desmoia01,Ian Desmond,Hitter,SS,Post-steroid,2009.0,2019.0,2024.0,3.0,Power Hitter 2,0,181.0,1432.0,0.7424223121966402,0.0,0.0,0.0,3.0,2.0,0.0036422819437772233,0
justida01,David Justice,Hitter,OF,Free-agency,1989.0,2002.0,2007.0,0.0,Power Hitter,0,305.0,1571.0,0.8778424242424242,,,,15.0,3.0,0.0036382137413163156,0
jenseja01,Jackie Jensen,Hitter,OF,Integration,1950.0,1961.0,1966.0,0.0,Power Hitter,0,199.0,1463.0,0.8290000540721155,,,,3.0,3.0,0.0036323487614599317,0
hendera01,Rats Henderson,Pitcher,P,Live-ball/pre-integration,1921.0,1931.0,1936.0,4.0,Workhorse Starting Pitcher,0,1.0,77.0,0.4455611980411795,70.0,2.0,3.80105198019802,,,0.003630869948543273,0
cornewi01,Willie Cornelius,Pitcher,P,Live-ball/pre-integration,1929.0,1946.0,1951.0,3.0,Power Hitter 2,0,3.0,89.0,0.6102650110421267,54.0,4.0,4.538870431893687,,0.0,0.003630869948543273,0
hebneri01,Richie Hebner,Hitter,3B,Expansion,1968.0,1985.0,1990.0,0.0,Power Hitter,0,203.0,1694.0,0.7899482976549053,,,,0.0,,0.00362849280174338,0
porteda02,Darrell Porter,Hitter,C,Expansion,1971.0,1987.0,1992.0,0.0,Power Hitter,0,188.0,1369.0,0.763036844301513,,,,3.0,4.0,0.00362849280174338,0
coninje01,Jeff Conine,Hitter,1B,Free-agency,1990.0,2007.0,2012.0,0.0,Power Hitter,0,214.0,1982.0,0.7894922274917069,,,,3.0,2.0,0.00362849280174338,0
chenbr01,Bruce Chen,Pitcher,P,Steroid,1998.0,2015.0,2020.0,4.0,Workhorse Starting Pitcher,0,0.0,19.0,0.331875,82.0,1.0,4.617493472584856,,,0.003609686980499635,0
kressre01,Red Kress,Hitter,SS,Live-ball/pre-integration,1927.0,1946.0,1951.0,3.0,Power Hitter 2,0,89.0,1454.0,0.767101614589809,0.0,0.0,12.535714285714285,1.0,,0.003608666781303447,0
larocad01,Adam LaRoche,Hitter,1B,Steroid,2004.0,2015.0,2020.0,0.0,Power Hitter,0,255.0,1452.0,0.7978487894814754,0.0,0.0,0.0,3.0,,0.003605889564253972,0
rossda01,David Ross,Hitter,C,Steroid,2002.0,2016.0,2021.0,3.0,Power Hitter 2,0,106.0,521.0,0.7392165064134868,0.0,0.0,0.0,,,0.003605889564253972,0
magadda01,Dave Magadan,Hitter,3B,Free-agency,1986.0,2001.0,2006.0,3.0,Power Hitter 2,0,42.0,1197.0,0.7669332142107259,,,,0.0,,0.0035978596865661613,0
allisdo01,Doug Allison,Hitter,C,19th century,1871.0,1883.0,1888.0,3.0,Power Hitter 2,0,2.0,382.0,0.6049685683591626,0.0,0.0,1.8,,,0.003591780380446554,0
mcdufte01,Terris McDuffie,Pitcher,P,Live-ball/pre-integration,1930.0,1945.0,1950.0,3.0,Power Hitter 2,0,6.0,131.0,0.654697922622451,44.0,4.0,3.8590772316950854,,0.0,0.003590155801623265,0
yokella01,Laymon Yokely,Pitcher,P,Live-ball/pre-integration,1926.0,1944.0,1949.0,4.0,Workhorse Starting Pitcher,0,2.0,57.0,0.3688940787488355,56.0,5.0,4.562421185372005,,,0.003590155801623265,0
jeffrji01,Jim Jeffries,Pitcher,P,Dead-ball,1914.0,1928.0,1933.0,3.0,Power Hitter 2,0,1.0,157.0,0.5357674472843013,50.0,8.0,3.8556895252449137,,,0.003590155801623265,0
frommar01,Art Fromme,Pitcher,P,Dead-ball,1906.0,1915.0,1920.0,4.0,Workhorse Starting Pitcher,0,0.0,77.0,0.3899314326957777,80.0,4.0,2.904033379694019,,,0.003590155801623265,0
gardnpi01,Ping Gardner,Pitcher,P,Live-ball/pre-integration,1920.0,1932.0,1937.0,3.0,Power Hitter 2,0,0.0,58.0,0.4861032863849765,41.0,5.0,4.9609554432705565,,,0.003590155801623265,0
stronjo02,Joe Strong,Pitcher,P,Live-ball/pre-integration,1922.0,1937.0,1942.0,3.0,Power Hitter 2,0,11.0,185.0,0.7181730987217272,77.0,9.0,4.130775056803838,,,0.003590155801623265,0
williji06,Jim Willis,Pitcher,P,Live-ball/pre-integration,1928.0,1939.0,1944.0,3.0,Power Hitter 2,0,0.0,64.0,0.5851276359600444,33.0,2.0,3.9056603773584904,,0.0,0.003590155801623265,0
butlebi03,Billy Butler,Hitter,DH,Post-steroid,2007.0,2016.0,2021.0,3.0,Power Hitter 2,0,147.0,1479.0,0.7951635768454437,,,,10.0,1.0,0.003586711848894109,0
brownto05,Tom Browning,Pitcher,P,Free-agency,1984.0,1995.0,2000.0,4.0,Workhorse Starting Pitcher,0,2.0,95.0,0.3735909822866344,123.0,0.0,3.940135346173868,5.0,1.0,0.0035819902598615712,0
mcdowja01,Jack McDowell,Pitcher,P,Free-agency,1987.0,1999.0,2004.0,4.0,Workhorse Starting Pitcher,0,0.0,0.0,,127.0,0.0,3.854420328215987,6.0,3.0,0.0035819902598615712,0
dernibo01,Bob Dernier,Hitter,OF,Free-agency,1980.0,1989.0,1994.0,3.0,Power Hitter 2,0,23.0,634.0,0.6505951606536355,,,,1.0,,0.0035784786593648196,0
rosenal01,Al Rosen,Hitter,3B,Integration,1947.0,1956.0,1961.0,3.0,Power Hitter 2,0,192.0,1063.0,0.8792259969095229,,,,5.0,4.0,0.0035771063596393635,0
mondera01,Raul Mondesi,Hitter,OF,Steroid,1993.0,2005.0,2010.0,0.0,Power Hitter,0,271.0,1589.0,0.8154750838638493,,,,9.0,1.0,0.003571005234885461,0
gomesjo01,Jonny Gomes,Hitter,OF,Steroid,2003.0,2015.0,2020.0,3.0,Power Hitter 2,0,162.0,835.0,0.7689308467126972,0.0,0.0,18.0,0.0,,0.003571005234885461,0
dimagvi01,Vince DiMaggio,Hitter,OF,Live-ball/pre-integration,1937.0,1946.0,1951.0,3.0,Power Hitter 2,0,125.0,959.0,0.7370143098553594,,,,1.0,2.0,0.0035708458622228513,0
longda02,Dale Long,Hitter,1B,Integration,1951.0,1963.0,1968.0,3.0,Power Hitter 2,0,132.0,805.0,0.8049813178788577,,,,0.0,1.0,0.0035708458622228513,0
wagnehe01,Heinie Wagner,Hitter,SS,Dead-ball,1902.0,1918.0,1923.0,3.0,Power Hitter 2,0,10.0,834.0,0.6450916407358525,,,,1.0,,0.0035708458622228513,0
flintsi01,Silver Flint,Hitter,C,19th century,1875.0,1889.0,1894.0,3.0,Power Hitter 2,0,21.0,687.0,0.5750944043940954,,,,,,0.0035708458622228513,0
holbebi01,Bill Holbert,Hitter,C,19th century,1876.0,1888.0,1893.0,3.0,Power Hitter 2,0,0.0,486.0,0.4599888107588307,,,,,,0.0035708458622228513,0
schripo01,Pop Schriver,Hitter,C,19th century,1886.0,1901.0,1906.0,3.0,Power Hitter 2,0,16.0,721.0,0.6830145531438295,,,,,,0.0035708458622228513,0
brubabi01,Bill Brubaker,Hitter,3B,Live-ball/pre-integration,1932.0,1943.0,1948.0,3.0,Power Hitter 2,0,22.0,413.0,0.70615515771526,,,,,,0.0035708458622228513,0
smithha03,Harry Smith,Hitter,C,Dead-ball,1901.0,1910.0,1915.0,3.0,Power Hitter 2,0,2.0,214.0,0.5173516949940666,,,,,,0.0035708458622228513,0
dooinre01,Red Dooin,Hitter,C,Dead-ball,1902.0,1916.0,1921.0,3.0,Power Hitter 2,0,10.0,961.0,0.569537665015052,,,,2.0,,0.0035708458622228513,0
irwinch01,Charlie Irwin,Hitter,3B,19th century,1893.0,1902.0,1907.0,3.0,Power Hitter 2,0,16.0,986.0,0.6756829427238848,,,,,,0.0035708458622228513,0
youngpe01,Pep Young,Hitter,2B,Live-ball/pre-integration,1933.0,1945.0,1950.0,3.0,Power Hitter 2,0,32.0,645.0,0.6875721215373182,,,,0.0,,0.0035708458622228513,0
tebeapa01,Patsy Tebeau,Hitter,1B,19th century,1887.0,1900.0,1905.0,3.0,Power Hitter 2,0,27.0,1290.0,0.6956030834050435,0.0,0.0,,,,0.0035708458622228513,0
murphmo01,Morgan Murphy,Hitter,C,19th century,1890.0,1901.0,1906.0,3.0,Power Hitter 2,0,10.0,444.0,0.5665354085954962,,,,,,0.0035708458622228513,0
scheica01,Carl Scheib,Pitcher,P,Live-ball/pre-integration,1943.0,1954.0,1959.0,3.0,Power Hitter 2,0,5.0,117.0,0.6212803069945927,45.0,17.0,4.883872976338729,,,0.0035708458622228513,0
crigelo01,Lou Criger,Hitter,C,19th century,1896.0,1912.0,1917.0,3.0,Power Hitter 2,0,11.0,709.0,0.5843859260288295,,,,1.0,,0.0035708458622228513,0
hargrpi01,Pinky Hargrave,Hitter,C,Live-ball/pre-integration,1923.0,1933.0,1938.0,3.0,Power Hitter 2,0,39.0,445.0,0.7672861604354422,,,,,,0.0035708458622228513,0
powerdo01,Doc Powers,Hitter,C,19th century,1898.0,1909.0,1914.0,3.0,Power Hitter 2,0,4.0,450.0,0.5161331180139958,,,,,,0.0035708458622228513,0
mcgarch01,Chippy McGarr,Hitter,3B,19th century,1884.0,1896.0,1901.0,3.0,Power Hitter 2,0,9.0,875.0,0.6405068936916071,,,,,,0.0035708458622228513,0
toddal01,Al Todd,Hitter,C,Live-ball/pre-integration,1932.0,1943.0,1948.0,3.0,Power Hitter 2,0,35.0,768.0,0.683892600887178,,,,,,0.0035708458622228513,0
laryly01,Lyn Lary,Hitter,SS,Live-ball/pre-integration,1929.0,1940.0,1945.0,3.0,Power Hitter 2,0,38.0,1239.0,0.7411419247811178,,,,0.0,,0.0035708458622228513,0
bagbyji02,Jim Bagby,Pitcher,P,Live-ball/pre-integration,1938.0,1947.0,1952.0,4.0,Workhorse Starting Pitcher,0,3.0,140.0,0.5118833392975819,97.0,9.0,3.958991798359672,1.0,2.0,0.0035708458622228513,0
gerhajo01,Joe Gerhardt,Hitter,2B,19th century,1873.0,1891.0,1896.0,3.0,Power Hitter 2,0,7.0,939.0,0.546091882602538,,,,,,0.0035708458622228513,0
mccarjo03,Johnny McCarthy,Hitter,1B,Live-ball/pre-integration,1934.0,1948.0,1953.0,3.0,Power Hitter 2,0,25.0,432.0,0.7118405608067075,0.0,0.0,7.2,,,0.0035708458622228513,0
dailyco01,Con Daily,Hitter,C,19th century,1885.0,1896.0,1901.0,3.0,Power Hitter 2,0,2.0,541.0,0.6152830167767009,,,,,,0.0035708458622228513,0
torgeea01,Earl Torgeson,Hitter,1B,Integration,1947.0,1961.0,1966.0,3.0,Power Hitter 2,0,149.0,1318.0,0.8024751116568327,,,,0.0,,0.0035708458622228513,0
mcfared01,Ed McFarland,Hitter,C,19th century,1893.0,1908.0,1913.0,3.0,Power Hitter 2,0,13.0,826.0,0.7036643075276322,,,,,,0.0035708458622228513,0
masiph01,Phil Masi,Hitter,C,Live-ball/pre-integration,1939.0,1952.0,1957.0,3.0,Power Hitter 2,0,47.0,917.0,0.7141208153559173,,,,1.0,3.0,0.0035708458622228513,0
seminan01,Andy Seminick,Hitter,C,Live-ball/pre-integration,1943.0,1957.0,1962.0,3.0,Power Hitter 2,0,164.0,953.0,0.7638514153654392,,,,0.0,1.0,0.0035708458622228513,0
nelsoca01,Candy Nelson,Hitter,SS,19th century,1872.0,1890.0,1895.0,3.0,Power Hitter 2,0,3.0,833.0,0.6302183626856807,,,,,,0.0035708458622228513,0
grimjo01,John Grim,Hitter,C,19th century,1888.0,1899.0,1904.0,3.0,Power Hitter 2,0,16.0,707.0,0.6612834362055877,0.0,0.0,0.0,,,0.0035708458622228513,0
stransa01,Sammy Strang,Hitter,3B,19th century,1896.0,1908.0,1913.0,3.0,Power Hitter 2,0,16.0,790.0,0.7200284057120656,,,,,,0.0035708458622228513,0
questjo01,Joe Quest,Hitter,2B,19th century,1871.0,1886.0,1891.0,3.0,Power Hitter 2,0,1.0,499.0,0.5198278848962103,,,,,,0.0035708458622228513,0
hattogr01,Grady Hatton,Hitter,3B,Live-ball/pre-integration,1946.0,1960.0,1965.0,3.0,Power Hitter 2,0,91.0,1068.0,0.7283913446232353,,,,0.0,1.0,0.0035708458622228513,0
mackco01,Connie Mack,Hitter,C,19th century,1886.0,1896.0,1901.0,3.0,Power Hitter 2,0,5.0,659.0,0.6044220012398654,,,,,,0.0035708458622228513,0
wynnji01,Jim Wynn,Hitter,OF,Expansion,1963.0,1977.0,1982.0,0.0,Power Hitter,0,291.0,1665.0,0.8015490291070623,,,,5.0,3.0,0.0035685793098213566,0
johnsho01,Howard Johnson,Hitter,3B,Free-agency,1982.0,1995.0,2000.0,0.0,Power Hitter,0,228.0,1229.0,0.7857963277521638,,,,6.0,2.0,0.003564524326987436,0
smithse01,Seth Smith,Hitter,OF,Post-steroid,2007.0,2017.0,2022.0,3.0,Power Hitter 2,0,126.0,934.0,0.789907773505005,,,,2.0,,0.003564237439466443,0
swiftbi02,Bill Swift,Pitcher,P,Free-agency,1985.0,1998.0,2003.0,4.0,Workhorse Starting Pitcher,0,1.0,48.0,0.5221713352504704,94.0,27.0,3.949572827672432,2.0,,0.003552744680267244,0
hernawi01,Willie Hernandez,Pitcher,P,Free-agency,1977.0,1989.0,1994.0,1.0,Dominant Reliever / Closer,0,0.0,13.0,0.4568452380952381,70.0,147.0,3.3771537970644543,5.0,3.0,0.003552744680267244,0
demetdo01,Don Demeter,Hitter,OF,Integration,1956.0,1967.0,1972.0,3.0,Power Hitter 2,0,163.0,912.0,0.766218199698934,,,,0.0,,0.003549943530111942,0
smithbo07,Bob Smith,Hitter,C,Live-ball/pre-integration,1930.0,1944.0,1949.0,3.0,Power Hitter 2,0,1.0,82.0,0.5455082742316785,0.0,0.0,4.5,,0.0,0.0035457814495280537,0
hayesjo01,Johnny Hayes,Hitter,C,Live-ball/pre-integration,1934.0,1948.0,1953.0,3.0,Power Hitter 2,0,12.0,236.0,0.6911552787445807,0.0,0.0,0.0,,0.0,0.0035457814495280537,0
shochge01,George Shoch,Hitter,OF,19th century,1886.0,1897.0,1902.0,3.0,Power Hitter 2,0,10.0,671.0,0.6874750112194525,0.0,0.0,0.0,,,0.0035457814495280537,0
byrneto01,Tommy Byrne,Pitcher,P,Live-ball/pre-integration,1943.0,1957.0,1962.0,3.0,Power Hitter 2,0,14.0,143.0,0.6634181126693606,85.0,12.0,4.110132158590308,0.0,1.0,0.003544015645606889,0
lauch01,Charlie Lau,Hitter,C,Integration,1956.0,1967.0,1972.0,3.0,Power Hitter 2,0,16.0,298.0,0.6828584995251662,,,,,,0.003544015645606889,0
sullisc01,Scott Sullivan,Pitcher,P,Steroid,1995.0,2004.0,2009.0,1.0,Dominant Reliever / Closer,0,0.0,4.0,0.1666666666666666,40.0,9.0,3.9792043399638337,,,0.003538887141466793,0
linebsc01,Scott Linebrink,Pitcher,P,Steroid,2000.0,2011.0,2016.0,1.0,Dominant Reliever / Closer,0,0.0,4.0,0.5,42.0,8.0,3.5086294416243655,,,0.003538887141466793,0
jonesna01,Nate Jones,Pitcher,P,Post-steroid,2012.0,2021.0,2026.0,1.0,Dominant Reliever / Closer,0,0.0,0.0,0.0,22.0,9.0,3.4468085106382977,,,0.003538887141466793,0
assenpa01,Paul Assenmacher,Pitcher,P,Free-agency,1986.0,1999.0,2004.0,1.0,Dominant Reliever / Closer,0,0.0,3.0,0.3062330623306233,61.0,56.0,3.5340864822750295,,,0.003538887141466793,0
perkigl01,Glen Perkins,Pitcher,P,Post-steroid,2006.0,2017.0,2022.0,1.0,Dominant Reliever / Closer,0,0.0,0.0,0.0,35.0,120.0,3.8777362520021352,,3.0,0.003538887141466793,0
hennemi01,Mike Henneman,Pitcher,P,Free-agency,1987.0,1996.0,2001.0,1.0,Dominant Reliever / Closer,0,0.0,0.0,0.0,57.0,193.0,3.2060964513193815,1.0,1.0,0.003538887141466793,0
rodrife01,Felix Rodriguez,Pitcher,P,Steroid,1995.0,2006.0,2011.0,3.0,Power Hitter 2,0,1.0,4.0,0.7483660130718954,38.0,11.0,3.714610574189881,0.0,,0.003538887141466793,0
leachte01,Terry Leach,Pitcher,P,Free-agency,1981.0,1993.0,1998.0,1.0,Dominant Reliever / Closer,0,0.0,7.0,0.2808441558441558,38.0,10.0,3.15,,,0.003538887141466793,0
applepe01,Pete Appleton,Pitcher,P,Live-ball/pre-integration,1927.0,1945.0,1950.0,3.0,Power Hitter 2,0,0.0,87.0,0.5401349497438195,57.0,26.0,4.2988606485539,,,0.0035276748849355495,0
barreji01,Jimmy Barrett,Hitter,OF,19th century,1899.0,1908.0,1913.0,3.0,Power Hitter 2,0,16.0,962.0,0.7381170098115808,,,,,,0.0035269222841320673,0
kindlbi01,Bill Kindle,Hitter,2B,Dead-ball,1911.0,1925.0,1930.0,3.0,Power Hitter 2,0,2.0,133.0,0.7432773466667927,,,,,,0.0035269222841320673,0
bensoge01,Gene Benson,Hitter,CF,Live-ball/pre-integration,1934.0,1948.0,1953.0,3.0,Power Hitter 2,0,17.0,636.0,0.7323536526366714,,,,,0.0,0.0035269222841320673,0
barbeje01,Jesse Barber,Hitter,RF,Dead-ball,1910.0,1924.0,1929.0,3.0,Power Hitter 2,0,10.0,615.0,0.7287088209397655,,,,,,0.0035269222841320673,0
dukesto02,Tommie Dukes,Hitter,C,Live-ball/pre-integration,1928.0,1945.0,1950.0,3.0,Power Hitter 2,0,13.0,253.0,0.78605816714242,,,,,,0.0035269222841320673,0
johnsge01,George Johnson,Hitter,CF,Dead-ball,1918.0,1928.0,1933.0,3.0,Power Hitter 2,0,36.0,432.0,0.8118066852075353,,,,,,0.0035269222841320673,0
whiteso99,Sol White,Hitter,SS,Dead-ball,1903.0,1907.0,1912.0,3.0,Power Hitter 2,0,5.0,74.0,0.7714131401702884,,,,,,0.0035269222841320673,0
lyonsji01,Jimmie Lyons,Hitter,LF,Dead-ball,1909.0,1932.0,1937.0,3.0,Power Hitter 2,0,22.0,474.0,0.7682146890008865,2.0,0.0,5.8441558441558445,,,0.0035269222841320673,0
walkeha01,Harry Walker,Hitter,OF,Live-ball/pre-integration,1940.0,1955.0,1960.0,3.0,Power Hitter 2,0,10.0,786.0,0.7408127468131214,,,,0.0,2.0,0.0035269222841320673,0
youngto01,Tom Young,Hitter,C,Live-ball/pre-integration,1926.0,1941.0,1946.0,3.0,Power Hitter 2,0,13.0,358.0,0.7821882432261078,,,,,,0.0035269222841320673,0
willipo02,Poindexter Williams,Hitter,C,Live-ball/pre-integration,1921.0,1933.0,1938.0,3.0,Power Hitter 2,0,21.0,400.0,0.7816513860629004,,,,,,0.0035269222841320673,0
benjaje01,Jerry Benjamin,Hitter,CF,Live-ball/pre-integration,1932.0,1948.0,1953.0,3.0,Power Hitter 2,0,28.0,891.0,0.7561891855630225,,,,,0.0,0.0035269222841320673,0
demarfr02,Frank Demaree,Hitter,OF,Live-ball/pre-integration,1932.0,1944.0,1949.0,3.0,Power Hitter 2,0,72.0,1241.0,0.772133405504559,,,,1.0,2.0,0.0035269222841320673,0
jonesjo03,Johnny Jones,Hitter,LF,Live-ball/pre-integration,1922.0,1934.0,1939.0,3.0,Power Hitter 2,0,24.0,541.0,0.7722635739175451,,,,,,0.0035269222841320673,0
younger01,Eric Young,Hitter,2B,Free-agency,1992.0,2006.0,2011.0,3.0,Power Hitter 2,0,79.0,1731.0,0.7488927172801172,,,,2.0,1.0,0.0035169283577946965,0
johnsja01,Jay Johnstone,Hitter,OF,Expansion,1966.0,1985.0,1990.0,3.0,Power Hitter 2,0,102.0,1254.0,0.722158254673327,,,,1.0,,0.0035125007518075476,0
mulhote01,Terry Mulholland,Pitcher,P,Free-agency,1986.0,2006.0,2011.0,4.0,Workhorse Starting Pitcher,0,2.0,69.0,0.2763106261753209,124.0,5.0,4.409732108192054,2.0,1.0,0.0035125007518075476,0
edwarbr01,Bruce Edwards,Hitter,C,Live-ball/pre-integration,1946.0,1956.0,1961.0,3.0,Power Hitter 2,0,39.0,429.0,0.7246078204811501,,,,2.0,2.0,0.003511476572639867,0
theveto01,Tommy Thevenow,Hitter,SS,Live-ball/pre-integration,1924.0,1938.0,1943.0,3.0,Power Hitter 2,0,2.0,1030.0,0.5792388907692256,,,,0.0,,0.003511476572639867,0
bentola01,Larry Benton,Pitcher,P,Live-ball/pre-integration,1923.0,1935.0,1940.0,4.0,Workhorse Starting Pitcher,0,2.0,122.0,0.3971944900796158,127.0,22.0,4.0317805833696125,2.0,,0.003511476572639867,0
owenmi01,Mickey Owen,Hitter,C,Live-ball/pre-integration,1937.0,1954.0,1959.0,3.0,Power Hitter 2,0,14.0,929.0,0.6399153472744338,,,,1.0,4.0,0.003511476572639867,0
kenneve01,Vern Kennedy,Pitcher,P,Live-ball/pre-integration,1934.0,1945.0,1950.0,4.0,Workhorse Starting Pitcher,0,4.0,181.0,0.5691078968040757,104.0,5.0,4.674016784597663,2.0,2.0,0.003511476572639867,0
reyesde01,Dennys Reyes,Pitcher,P,Steroid,1997.0,2011.0,2016.0,1.0,Dominant Reliever / Closer,0,0.0,4.0,0.1927339901477832,35.0,4.0,4.2110091743119265,,,0.0035099922426593765,0
oliveda02,Darren Oliver,Pitcher,P,Steroid,1993.0,2013.0,2018.0,4.0,Workhorse Starting Pitcher,0,1.0,48.0,0.5444862155388471,118.0,7.0,4.510179223942926,,,0.0035064305500399793,0
rhodear01,Arthur Rhodes,Pitcher,P,Free-agency,1991.0,2011.0,2016.0,1.0,Dominant Reliever / Closer,0,0.0,1.0,0.3333333333333333,87.0,33.0,4.076901487510525,1.0,1.0,0.0035064305500399793,0
charlno01,Norm Charlton,Pitcher,P,Free-agency,1988.0,2001.0,2006.0,1.0,Dominant Reliever / Closer,0,0.0,8.0,0.2654801631442343,51.0,97.0,3.7127501853224607,1.0,1.0,0.0035044359059641633,0
ceronri01,Rick Cerone,Hitter,C,Expansion,1975.0,1992.0,1997.0,3.0,Power Hitter 2,0,59.0,998.0,0.6440030435490482,0.0,0.0,0.0,1.0,,0.0034974825967744264,0
odellbi01,Billy O'Dell,Pitcher,P,Integration,1954.0,1967.0,1972.0,4.0,Workhorse Starting Pitcher,0,2.0,66.0,0.3311487894821228,105.0,48.0,3.29389102916896,,2.0,0.0034959151133580647,0
latmaba01,Barry Latman,Pitcher,P,Integration,1957.0,1967.0,1972.0,1.0,Dominant Reliever / Closer,0,2.0,48.0,0.3825727840540632,59.0,16.0,3.9056603773584904,,1.0,0.0034959151133580647,0
vealebo01,Bob Veale,Pitcher,P,Expansion,1962.0,1974.0,1979.0,4.0,Workhorse Starting Pitcher,0,0.0,72.0,0.2674603174603174,120.0,21.0,3.074766355140187,,2.0,0.0034959151133580647,0
wightbi01,Bill Wight,Pitcher,P,Live-ball/pre-integration,1946.0,1958.0,1963.0,4.0,Workhorse Starting Pitcher,0,0.0,55.0,0.2871623847167325,77.0,8.0,3.950095969289827,,,0.0034959151133580647,0
schmijo01,Johnny Schmitz,Pitcher,P,Live-ball/pre-integration,1941.0,1956.0,1961.0,4.0,Workhorse Starting Pitcher,0,2.0,83.0,0.3468590465017723,93.0,20.0,3.5450533284295696,1.0,2.0,0.0034959151133580647,0
wickeda01,Dave Wickersham,Pitcher,P,Integration,1960.0,1969.0,1974.0,1.0,Dominant Reliever / Closer,0,0.0,28.0,0.2064574554594514,68.0,18.0,3.662511130899377,0.0,,0.0034959151133580647,0
womacto01,Tony Womack,Hitter,2B,Steroid,1993.0,2006.0,2011.0,3.0,Power Hitter 2,0,36.0,1353.0,0.6732043301980039,,,,0.0,1.0,0.003495795438519905,0
paganan01,Angel Pagan,Hitter,OF,Post-steroid,2006.0,2016.0,2021.0,3.0,Power Hitter 2,0,64.0,1143.0,0.7377943726662404,,,,0.0,,0.003495795438519905,0
duncama01,Mariano Duncan,Hitter,2B,Free-agency,1985.0,1997.0,2002.0,3.0,Power Hitter 2,0,87.0,1247.0,0.6881905362919973,,,,1.0,1.0,0.003495795438519905,0
eatonad02,Adam Eaton,Hitter,OF,Post-steroid,2012.0,2021.0,2026.0,3.0,Power Hitter 2,0,66.0,950.0,0.763119716902915,0.0,0.0,0.0,2.0,,0.003495795438519905,0
erstada01,Darin Erstad,Hitter,OF,Steroid,1996.0,2009.0,2014.0,3.0,Power Hitter 2,0,124.0,1697.0,0.7426378238376483,,,,8.0,2.0,0.003495795438519905,0
uptonbj01,B. J. Upton,Hitter,OF,Steroid,2004.0,2016.0,2021.0,3.0,Power Hitter 2,0,164.0,1260.0,0.7227050158048547,,,,4.0,,0.003495795438519905,0
youngch04,Chris Young,Hitter,OF,Post-steroid,2006.0,2018.0,2023.0,3.0,Power Hitter 2,0,191.0,1109.0,0.7428490493539421,,,,3.0,1.0,0.003495795438519905,0
figgich01,Chone Figgins,Hitter,3B,Steroid,2002.0,2014.0,2019.0,3.0,Power Hitter 2,0,35.0,1298.0,0.7123865802870271,,,,0.0,,0.003495795438519905,0
blancgr01,Gregor Blanco,Hitter,OF,Post-steroid,2008.0,2018.0,2023.0,3.0,Power Hitter 2,0,26.0,746.0,0.6865921120543204,,,,,,0.003495795438519905,0
crispco01,Coco Crisp,Hitter,OF,Steroid,2002.0,2016.0,2021.0,3.0,Power Hitter 2,0,130.0,1572.0,0.728585392792188,,,,1.0,,0.003495795438519905,0
alfoned01,Edgardo Alfonzo,Hitter,3B,Steroid,1995.0,2006.0,2011.0,3.0,Power Hitter 2,0,146.0,1532.0,0.7818034695257963,,,,2.0,1.0,0.003495795438519905,0
kennead01,Adam Kennedy,Hitter,2B,Steroid,1999.0,2012.0,2017.0,3.0,Power Hitter 2,0,80.0,1488.0,0.7105896235157287,,,,2.0,,0.003495795438519905,0
scottja01,Jack Scott,Pitcher,P,Dead-ball,1916.0,1929.0,1934.0,3.0,Power Hitter 2,0,5.0,187.0,0.6734725381865454,103.0,19.0,3.848640705363703,,,0.003491243401865017,0
johnske02,Ken Johnson,Pitcher,P,Integration,1958.0,1970.0,1975.0,4.0,Workhorse Starting Pitcher,0,2.0,61.0,0.2826794375882606,91.0,9.0,3.4604758250191865,,,0.0034884144172634877,0
youklke01,Kevin Youkilis,Hitter,1B,Steroid,2004.0,2013.0,2018.0,3.0,Power Hitter 2,0,150.0,1053.0,0.8605872897635943,,,,5.0,3.0,0.0034833555427229127,0
sukefcl01,Clyde Sukeforth,Hitter,C,Live-ball/pre-integration,1926.0,1945.0,1950.0,3.0,Power Hitter 2,0,2.0,326.0,0.6500708339052247,,,,,,0.003480012458615287,0
kratzer01,Erik Kratz,Hitter,C,Post-steroid,2010.0,2020.0,2025.0,3.0,Power Hitter 2,0,31.0,184.0,0.611337102559717,0.0,0.0,5.142857142857143,,,0.003477674963216009,0
sexsori01,Richie Sexson,Hitter,1B,Steroid,1997.0,2008.0,2013.0,0.0,Power Hitter,0,306.0,1286.0,0.8505824341611279,,,,1.0,2.0,0.00347655205669633,0
goodmbi01,Billy Goodman,Hitter,2B,Integration,1947.0,1962.0,1967.0,3.0,Power Hitter 2,0,19.0,1691.0,0.7540840150430442,,,,0.0,2.0,0.0034734604259856173,0
dorisha01,Fritz Dorish,Pitcher,P,Integration,1947.0,1956.0,1961.0,1.0,Dominant Reliever / Closer,0,0.0,32.0,0.3798557158712541,45.0,44.0,3.829404714342788,,,0.0034692190114574742,0
peterga01,Gary Peters,Pitcher,P,Integration,1959.0,1972.0,1977.0,4.0,Workhorse Starting Pitcher,0,19.0,179.0,0.601144398279758,124.0,5.0,3.2479577126381547,4.0,2.0,0.00346381613609667,0
barrere01,Red Barrett,Pitcher,P,Live-ball/pre-integration,1937.0,1949.0,1954.0,4.0,Workhorse Starting Pitcher,0,0.0,54.0,0.3118314343997214,69.0,7.0,3.533509234828496,1.0,0.0,0.00346381613609667,0
shantbo01,Bobby Shantz,Pitcher,P,Integration,1949.0,1964.0,1969.0,4.0,Workhorse Starting Pitcher,0,1.0,107.0,0.5090846156648894,119.0,48.0,3.375581195109351,11.0,3.0,0.00346381613609667,0
brownha01,Hal Brown,Pitcher,P,Integration,1951.0,1964.0,1969.0,4.0,Workhorse Starting Pitcher,0,2.0,82.0,0.4521481294555548,85.0,11.0,3.8142857142857145,,,0.003463726994656559,0
reganph01,Phil Regan,Pitcher,P,Integration,1960.0,1972.0,1977.0,1.0,Dominant Reliever / Closer,0,1.0,49.0,0.394783282012497,96.0,92.0,3.8355998057309377,3.0,1.0,0.003463726994656559,0
ginsbjo01,Joe Ginsberg,Hitter,C,Integration,1948.0,1962.0,1967.0,3.0,Power Hitter 2,0,20.0,414.0,0.6520783685588155,,,,,,0.003463726994656559,0
gumbeha01,Harry Gumbert,Pitcher,P,Live-ball/pre-integration,1935.0,1950.0,1955.0,4.0,Workhorse Starting Pitcher,0,5.0,130.0,0.4354951673903908,143.0,48.0,3.6818181818181817,,,0.003463726994656559,0
hoeftbi01,Billy Hoeft,Pitcher,P,Integration,1952.0,1966.0,1971.0,4.0,Workhorse Starting Pitcher,0,3.0,107.0,0.5526900288429654,97.0,33.0,3.941356910862505,0.0,1.0,0.003463726994656559,0
flanami01,Mike Flanagan,Pitcher,P,Expansion,1975.0,1992.0,1997.0,4.0,Workhorse Starting Pitcher,0,0.0,0.0,,167.0,4.0,3.895667870036101,3.0,1.0,0.003463643379413479,0
ankieri01,Rick Ankiel,Two-Way,OF,Steroid,1999.0,2013.0,2018.0,3.0,Power Hitter 2,0,76.0,462.0,0.7240269229733465,13.0,1.0,3.9049586776859506,1.0,,0.003459518745502314,0
lankfra01,Ray Lankford,Hitter,OF,Free-agency,1990.0,2004.0,2009.0,0.0,Power Hitter,0,238.0,1561.0,0.8404920433459621,,,,2.0,1.0,0.0034581168558346894,0
peterfr01,Fritz Peterson,Pitcher,P,Expansion,1966.0,1976.0,1981.0,4.0,Workhorse Starting Pitcher,0,2.0,82.0,0.4024129069103369,133.0,1.0,3.2984222389181066,,1.0,0.003452668367043519,0
sotoma01,Mario Soto,Pitcher,P,Free-agency,1977.0,1988.0,1993.0,4.0,Workhorse Starting Pitcher,0,1.0,70.0,0.318331313830708,100.0,4.0,3.4692737430167595,0.0,3.0,0.003452668367043519,0
harenda01,Dan Haren,Pitcher,P,Steroid,2003.0,2015.0,2020.0,4.0,Workhorse Starting Pitcher,0,2.0,83.0,0.5111873887617595,153.0,1.0,3.752996280479405,3.0,3.0,0.003452668367043519,0
pipgrge01,George Pipgras,Pitcher,P,Live-ball/pre-integration,1923.0,1935.0,1940.0,4.0,Workhorse Starting Pitcher,0,2.0,88.0,0.4054065570976222,102.0,12.0,4.087793952967525,,,0.0034384282431563916,0
mcbeaal01,Al McBean,Pitcher,P,Expansion,1961.0,1970.0,1975.0,1.0,Dominant Reliever / Closer,0,3.0,52.0,0.4790758134854075,67.0,63.0,3.130556419023935,1.0,,0.0034353458690626003,0
gladdfr01,Fred Gladding,Pitcher,P,Expansion,1961.0,1973.0,1978.0,1.0,Dominant Reliever / Closer,0,0.0,1.0,0.0314980158730158,48.0,109.0,3.129783693843594,,,0.0034353458690626003,0
mungere01,Red Munger,Pitcher,P,Live-ball/pre-integration,1943.0,1956.0,1961.0,4.0,Workhorse Starting Pitcher,0,1.0,70.0,0.4333990425232329,77.0,12.0,3.8309820944112856,,3.0,0.0034353458690626003,0
labincl01,Clem Labine,Pitcher,P,Integration,1950.0,1962.0,1967.0,1.0,Dominant Reliever / Closer,0,3.0,17.0,0.2635557731005601,77.0,96.0,3.62611917258413,0.0,2.0,0.0034353458690626003,0
garcimi01,Mike Garcia,Pitcher,P,Integration,1948.0,1961.0,1966.0,4.0,Workhorse Starting Pitcher,0,2.0,127.0,0.4449951454790316,142.0,23.0,3.2653280196198655,0.0,3.0,0.0034353458690626003,0
napolmi01,Mike Napoli,Hitter,1B,Post-steroid,2006.0,2017.0,2022.0,3.0,Power Hitter 2,0,267.0,1125.0,0.8212266830640913,,,,3.0,1.0,0.0034316749283465446,0
sosael01,Elias Sosa,Pitcher,P,Expansion,1972.0,1983.0,1988.0,1.0,Dominant Reliever / Closer,0,0.0,12.0,0.2991990846681922,59.0,83.0,3.323529411764706,0.0,,0.0034304717284980766,0
mintogr01,Greg Minton,Pitcher,P,Expansion,1975.0,1990.0,1995.0,1.0,Dominant Reliever / Closer,0,1.0,15.0,0.4162728756766045,59.0,150.0,3.096403301886792,1.0,1.0,0.0034304717284980766,0
howrybo01,Bob Howry,Pitcher,P,Steroid,1998.0,2010.0,2015.0,1.0,Dominant Reliever / Closer,0,0.0,1.0,0.4,45.0,66.0,3.839187473550571,,,0.0034304717284980766,0
mcelrch01,Chuck McElroy,Pitcher,P,Free-agency,1989.0,2001.0,2006.0,3.0,Power Hitter 2,0,0.0,9.0,0.5476190476190476,38.0,17.0,3.895401262398557,0.0,,0.0034304717284980766,0
donohpe01,Pete Donohue,Pitcher,P,Live-ball/pre-integration,1921.0,1932.0,1937.0,4.0,Workhorse Starting Pitcher,0,6.0,180.0,0.5744860785844392,134.0,12.0,3.872968281521224,1.0,,0.0034209312342543398,0
mogrige01,George Mogridge,Pitcher,P,Dead-ball,1911.0,1927.0,1932.0,4.0,Workhorse Starting Pitcher,0,1.0,137.0,0.4602387932696462,132.0,20.0,3.2096513167573932,,,0.0034209312342543398,0
kneppbo01,Bob Knepper,Pitcher,P,Free-agency,1976.0,1990.0,1995.0,4.0,Workhorse Starting Pitcher,0,6.0,115.0,0.3735586162716208,146.0,1.0,3.675775480059084,3.0,2.0,0.0034196870368823204,0
drakebi01,Bill Drake,Pitcher,P,Dead-ball,1916.0,1930.0,1935.0,4.0,Workhorse Starting Pitcher,0,6.0,93.0,0.5323421008544145,79.0,6.0,3.6884449244060473,,,0.0034103507807444794,0
frankfr02,Fred Frankhouse,Pitcher,P,Live-ball/pre-integration,1927.0,1939.0,1944.0,4.0,Workhorse Starting Pitcher,0,1.0,132.0,0.5044378698224852,106.0,12.0,3.9184322033898304,0.0,1.0,0.003407293490594332,0
booneal01,Alonzo Boone,Pitcher,P,Live-ball/pre-integration,1929.0,1947.0,1952.0,1.0,Dominant Reliever / Closer,0,0.0,14.0,0.3766788766788767,16.0,1.0,3.8955223880597014,,,0.003407293490594332,0
fornimi01,Mike Fornieles,Pitcher,P,Integration,1952.0,1963.0,1968.0,1.0,Dominant Reliever / Closer,0,1.0,52.0,0.3846410823902785,63.0,55.0,3.960518731988473,1.0,1.0,0.003407293490594332,0
bruceja01,Jay Bruce,Hitter,OF,Post-steroid,2008.0,2021.0,2026.0,0.0,Power Hitter,0,319.0,1455.0,0.7812708327902536,,,,9.0,3.0,0.0034033049441450957,0
clarkto02,Tony Clark,Hitter,1B,Steroid,1995.0,2009.0,2014.0,0.0,Power Hitter,0,251.0,1188.0,0.8236167806707855,,,,3.0,1.0,0.0034033049441450957,0
litwhda01,Danny Litwhiler,Hitter,OF,Live-ball/pre-integration,1940.0,1951.0,1956.0,3.0,Power Hitter 2,0,107.0,982.0,0.7800157038093726,,,,0.0,1.0,0.0034004636209314237,0
millehe01,Henry Miller,Pitcher,P,Live-ball/pre-integration,1938.0,1948.0,1953.0,3.0,Power Hitter 2,0,0.0,30.0,0.4331238077368108,35.0,2.0,4.481012658227848,,0.0,0.0033998646454506776,0
streesa01,Sam Streeter,Pitcher,P,Live-ball/pre-integration,1921.0,1936.0,1941.0,3.0,Power Hitter 2,0,1.0,154.0,0.638824786459881,86.0,2.0,3.9729330708661417,,0.0,0.0033998646454506776,0
carrema01,Mark Carreon,Hitter,OF,Free-agency,1987.0,1996.0,2001.0,3.0,Power Hitter 2,0,69.0,557.0,0.765609269429129,,,,,,0.0033735161261958615,0
leibeha01,Hank Leiber,Hitter,OF,Live-ball/pre-integration,1933.0,1942.0,1947.0,3.0,Power Hitter 2,0,101.0,808.0,0.8178385371744006,0.0,0.0,6.0,2.0,3.0,0.003372101019503587,0
barkema01,Marvin Barker,Hitter,CF,Live-ball/pre-integration,1935.0,1948.0,1953.0,3.0,Power Hitter 2,0,13.0,386.0,0.6456725117949214,1.0,0.0,4.374301675977653,,0.0,0.003372101019503587,0
hessot01,Otto Hess,Pitcher,P,Dead-ball,1902.0,1915.0,1920.0,4.0,Workhorse Starting Pitcher,0,5.0,154.0,0.539638674261651,70.0,5.0,2.9767277856135403,,,0.003372101019503587,0
tayloci99,C. I. Taylor,Hitter,2B,Dead-ball,1910.0,1921.0,1926.0,3.0,Power Hitter 2,0,1.0,19.0,0.5999760249340687,1.0,0.0,5.917808219178082,,,0.003372101019503587,0
griffbo01,Bob Griffith,Pitcher,P,Live-ball/pre-integration,1934.0,1948.0,1953.0,3.0,Power Hitter 2,0,2.0,73.0,0.6420359415113295,25.0,5.0,4.764705882352941,,0.0,0.003372101019503587,0
mitchge01,George Mitchell,Pitcher,P,Live-ball/pre-integration,1924.0,1941.0,1946.0,3.0,Power Hitter 2,0,8.0,137.0,0.6729491665216859,48.0,2.0,4.501923899102181,,0.0,0.003372101019503587,0
flourwi01,Willis Flournoy,Pitcher,P,Dead-ball,1919.0,1932.0,1937.0,3.0,Power Hitter 2,0,2.0,83.0,0.5954343595254018,46.0,2.0,4.0730170496664195,,,0.003372101019503587,0
morgacy01,Cy Morgan,Pitcher,P,Dead-ball,1903.0,1913.0,1918.0,4.0,Workhorse Starting Pitcher,0,0.0,61.0,0.28885786708791,78.0,3.0,2.5094557195571956,,,0.003372101019503587,0
fishera01,Ray Fisher,Pitcher,P,Dead-ball,1910.0,1920.0,1925.0,4.0,Workhorse Starting Pitcher,0,2.0,105.0,0.4248929319715903,100.0,7.0,2.8194418074805396,,,0.003372101019503587,0
gisenwi01,Willie Gisentaner,Pitcher,P,Live-ball/pre-integration,1921.0,1936.0,1941.0,3.0,Power Hitter 2,0,11.0,155.0,0.6689349809397354,40.0,4.0,5.139141205615194,,,0.003372101019503587,0
leesc01,Script Lee,Pitcher,P,Live-ball/pre-integration,1921.0,1934.0,1939.0,3.0,Power Hitter 2,0,2.0,81.0,0.5444715952428034,40.0,0.0,4.835820895522388,,,0.003372101019503587,0
gatewbi01,Bill Gatewood,Pitcher,P,Dead-ball,1906.0,1927.0,1932.0,3.0,Power Hitter 2,0,6.0,144.0,0.7392390236021165,53.0,6.0,3.667890520694259,,,0.003372101019503587,0
bellcl01,Cliff Bell,Pitcher,P,Live-ball/pre-integration,1921.0,1931.0,1936.0,4.0,Workhorse Starting Pitcher,0,0.0,63.0,0.4322505121451565,46.0,4.0,4.132094594594594,,,0.003372101019503587,0
egglema01,Mack Eggleston,Hitter,C,Live-ball/pre-integration,1920.0,1934.0,1939.0,3.0,Power Hitter 2,0,25.0,477.0,0.7354948083341708,0.0,0.0,3.6,,,0.003372101019503587,0
coopeda02,Darltie Cooper,Pitcher,P,Live-ball/pre-integration,1923.0,1940.0,1945.0,3.0,Power Hitter 2,0,8.0,163.0,0.6329969467816949,70.0,3.0,4.248395967002749,,,0.003372101019503587,0
harvebi01,Bill Harvey,Pitcher,P,Live-ball/pre-integration,1932.0,1946.0,1951.0,3.0,Power Hitter 2,0,7.0,97.0,0.7222143765004942,24.0,3.0,5.212696335078534,,0.0,0.003372101019503587,0
evansfe01,Felix Evans,Pitcher,P,Live-ball/pre-integration,1938.0,1948.0,1953.0,3.0,Power Hitter 2,0,3.0,24.0,0.5589430894308943,13.0,0.0,4.332378223495702,,0.0,0.003372101019503587,0
connasa01,Sarge Connally,Pitcher,P,Live-ball/pre-integration,1921.0,1934.0,1939.0,3.0,Power Hitter 2,0,1.0,70.0,0.5604865502089809,49.0,31.0,4.2993630573248405,,,0.003372101019503587,0
brownba02,Barney Brown,Pitcher,P,Live-ball/pre-integration,1932.0,1948.0,1953.0,3.0,Power Hitter 2,0,1.0,190.0,0.6562585355681715,52.0,5.0,3.823614632379572,,0.0,0.003372101019503587,0
roberro02,Roy Roberts,Pitcher,P,Dead-ball,1918.0,1934.0,1939.0,3.0,Power Hitter 2,0,0.0,53.0,0.4381207255426702,34.0,1.0,4.662849289967935,,,0.003372101019503587,0
clarkmo01,Morten Clark,Hitter,SS,Dead-ball,1910.0,1923.0,1928.0,3.0,Power Hitter 2,0,3.0,427.0,0.6130322792338296,2.0,0.0,4.21875,,,0.003372101019503587,0
willist03,String Bean Williams,Pitcher,P,Dead-ball,1910.0,1925.0,1930.0,3.0,Power Hitter 2,0,3.0,113.0,0.6542779428907489,60.0,2.0,3.680560300649129,,,0.003372101019503587,0
johnsdi02,Dicta Johnson,Pitcher,P,Dead-ball,1909.0,1923.0,1928.0,4.0,Workhorse Starting Pitcher,0,1.0,75.0,0.4607452791044644,76.0,3.0,3.5741514360313316,,,0.003372101019503587,0
relafde01,Desi Relaford,Hitter,SS,Steroid,1996.0,2007.0,2012.0,3.0,Power Hitter 2,0,40.0,714.0,0.6660519176940181,0.0,0.0,0.0,,,0.003369560195925658,0
benjami01,Mike Benjamin,Hitter,SS,Free-agency,1989.0,2002.0,2007.0,3.0,Power Hitter 2,0,24.0,442.0,0.6162580048138151,0.0,0.0,0.0,1.0,,0.003369560195925658,0
ryanbr01,Brendan Ryan,Hitter,SS,Post-steroid,2007.0,2016.0,2021.0,3.0,Power Hitter 2,0,19.0,604.0,0.6073370700381509,0.0,0.0,0.0,,,0.003369560195925658,0
pughjo01,Johnny Pugh,Hitter,RF,Dead-ball,1911.0,1921.0,1926.0,3.0,Power Hitter 2,0,7.0,135.0,0.6673539084239818,0.0,0.0,5.684210526315789,,,0.003369560195925658,0
nunezed02,Eduardo Nunez,Hitter,3B,Post-steroid,2010.0,2020.0,2025.0,3.0,Power Hitter 2,0,58.0,776.0,0.7140802813100964,0.0,0.0,9.0,,1.0,0.003369560195925658,0
denorch01,Chris Denorfia,Hitter,OF,Post-steroid,2005.0,2015.0,2020.0,3.0,Power Hitter 2,0,41.0,587.0,0.7218680629546372,0.0,0.0,0.0,,,0.003369560195925658,0
walkech01,Chico Walker,Hitter,PH,Free-agency,1980.0,1993.0,1998.0,3.0,Power Hitter 2,0,17.0,299.0,0.6342677689512826,,,,,,0.003367881853813605,0
belisma01,Matt Belisle,Pitcher,P,Steroid,2003.0,2018.0,2023.0,1.0,Dominant Reliever / Closer,0,0.0,7.0,0.2306391204542708,52.0,14.0,4.322325915290739,,,0.003367881853813605,0
garcifr02,Freddy Garcia,Pitcher,P,Steroid,1999.0,2013.0,2018.0,4.0,Workhorse Starting Pitcher,0,0.0,12.0,0.3568181818181818,156.0,0.0,4.154151943462898,1.0,2.0,0.003364429752491275,0
happja01,J. A. Happ,Pitcher,P,Post-steroid,2007.0,2021.0,2026.0,4.0,Workhorse Starting Pitcher,0,1.0,20.0,0.2581230519619145,133.0,0.0,4.125330047526844,3.0,1.0,0.003364429752491275,0
gainejo02,Jonas Gaines,Pitcher,P,Live-ball/pre-integration,1937.0,1948.0,1953.0,4.0,Workhorse Starting Pitcher,0,0.0,22.0,0.3149298366689671,35.0,4.0,3.3750000000000004,,0.0,0.003364058266898117,0
henlibu01,Butch Henline,Hitter,C,Live-ball/pre-integration,1921.0,1931.0,1936.0,3.0,Power Hitter 2,0,40.0,611.0,0.774401926234387,,,,,,0.0033634682712370637,0
sprinru01,Russ Springer,Pitcher,P,Free-agency,1992.0,2010.0,2015.0,1.0,Dominant Reliever / Closer,0,0.0,2.0,0.1481481481481481,36.0,9.0,4.519268197742312,,,0.003360874688652413,0
jacksgr01,Grant Jackson,Pitcher,P,Expansion,1965.0,1982.0,1987.0,1.0,Dominant Reliever / Closer,0,2.0,32.0,0.3419005279244234,86.0,79.0,3.4644259077526987,,1.0,0.003360874688652413,0
weathda01,David Weathers,Pitcher,P,Free-agency,1991.0,2009.0,2014.0,1.0,Dominant Reliever / Closer,0,2.0,14.0,0.2935447560319091,73.0,75.0,4.2504238314361835,,,0.003360874688652413,0
guarded01,Eddie Guardado,Pitcher,P,Steroid,1993.0,2009.0,2014.0,1.0,Dominant Reliever / Closer,0,0.0,0.0,0.0,46.0,187.0,4.306280875088214,0.0,2.0,0.003360874688652413,0
jacksed01,Edwin Jackson,Pitcher,P,Steroid,2003.0,2019.0,2024.0,4.0,Workhorse Starting Pitcher,0,2.0,49.0,0.4005762755762756,107.0,1.0,4.775510204081633,1.0,1.0,0.003360874688652413,0
swindgr01,Greg Swindell,Pitcher,P,Free-agency,1986.0,2002.0,2007.0,4.0,Workhorse Starting Pitcher,0,0.0,46.0,0.4285714285714286,123.0,7.0,3.856567164179104,1.0,1.0,0.003360874688652413,0
merckke01,Kent Mercker,Pitcher,P,Free-agency,1989.0,2008.0,2013.0,1.0,Dominant Reliever / Closer,0,1.0,28.0,0.3112903225806451,74.0,25.0,4.155935613682093,2.0,,0.003360874688652413,0
coxda01,Danny Cox,Pitcher,P,Free-agency,1983.0,1995.0,2000.0,4.0,Workhorse Starting Pitcher,0,0.0,39.0,0.2665626740947075,74.0,8.0,3.640215716486903,,,0.0033598491303584357,0
gamblos01,Oscar Gamble,Hitter,OF,Expansion,1969.0,1985.0,1990.0,3.0,Power Hitter 2,0,200.0,1195.0,0.8106552878887643,,,,3.0,,0.0033541375516394933,0
jeffegr01,Gregg Jefferies,Hitter,1B,Free-agency,1987.0,2000.0,2005.0,3.0,Power Hitter 2,0,126.0,1593.0,0.7654606488779341,,,,2.0,2.0,0.0033516351567307173,0
eisenji01,Jim Eisenreich,Hitter,OF,Free-agency,1982.0,1998.0,2003.0,3.0,Power Hitter 2,0,52.0,1160.0,0.745752229197002,,,,,,0.0033516351567307173,0
roberbi01,Bip Roberts,Hitter,2B,Free-agency,1986.0,1998.0,2003.0,3.0,Power Hitter 2,0,30.0,1220.0,0.7373078253422183,,,,1.0,1.0,0.0033516351567307173,0
kellyro01,Roberto Kelly,Hitter,OF,Free-agency,1987.0,2000.0,2005.0,3.0,Power Hitter 2,0,124.0,1390.0,0.7674931984937421,,,,1.0,2.0,0.0033516351567307173,0
bumbral01,Al Bumbry,Hitter,OF,Expansion,1972.0,1985.0,1990.0,3.0,Power Hitter 2,0,54.0,1422.0,0.7209158525015996,,,,5.0,1.0,0.0033369545224413107,0
mcreyke01,Kevin McReynolds,Hitter,OF,Free-agency,1983.0,1994.0,1999.0,0.0,Power Hitter,0,211.0,1439.0,0.7751546930508828,,,,4.0,,0.0033369545224413107,0
headlch01,Chase Headley,Hitter,3B,Post-steroid,2007.0,2018.0,2023.0,3.0,Power Hitter 2,0,130.0,1337.0,0.741654556089313,,,,6.0,,0.0033369545224413107,0
podsesc01,Scott Podsednik,Hitter,OF,Steroid,2001.0,2012.0,2017.0,3.0,Power Hitter 2,0,42.0,1096.0,0.7185021035376115,,,,4.0,1.0,0.0033369545224413107,0
hinsker01,Eric Hinske,Hitter,3B,Steroid,2002.0,2013.0,2018.0,3.0,Power Hitter 2,0,137.0,947.0,0.7618942662634501,,,,4.0,,0.0033369545224413107,0
cruzjo02,Jose Cruz,Hitter,OF,Steroid,1997.0,2008.0,2013.0,3.0,Power Hitter 2,0,204.0,1167.0,0.782500770650507,,,,4.0,,0.0033369545224413107,0
lucrojo01,Jonathan Lucroy,Hitter,C,Post-steroid,2010.0,2021.0,2026.0,3.0,Power Hitter 2,0,108.0,1134.0,0.7515534199588693,,,,1.0,2.0,0.0033369545224413107,0
davisgl01,Glenn Davis,Hitter,1B,Free-agency,1984.0,1993.0,1998.0,3.0,Power Hitter 2,0,190.0,965.0,0.7996273216145171,,,,3.0,2.0,0.0033369545224413107,0
brownju01,Jumbo Brown,Pitcher,P,Live-ball/pre-integration,1925.0,1941.0,1946.0,1.0,Dominant Reliever / Closer,0,0.0,32.0,0.4908318857363443,33.0,29.0,4.068080357142857,,,0.003330091889265911,0
morriba01,Barney Morris,Pitcher,P,Live-ball/pre-integration,1932.0,1948.0,1953.0,3.0,Power Hitter 2,0,1.0,35.0,0.397005772005772,38.0,3.0,3.682512733446519,,0.0,0.0033263259795797678,0
betande01,Dellin Betances,Pitcher,P,Post-steroid,2011.0,2021.0,2026.0,1.0,Dominant Reliever / Closer,0,0.0,0.0,0.0,21.0,36.0,2.5333896872358412,0.0,4.0,0.0033238195317251322,0
petityu01,Yusmeiro Petit,Pitcher,P,Post-steroid,2006.0,2021.0,2026.0,1.0,Dominant Reliever / Closer,0,0.0,6.0,0.1241906598705055,50.0,8.0,3.9325221238938055,,,0.0033238195317251322,0
watted01,Eddie Watt,Pitcher,P,Expansion,1966.0,1975.0,1980.0,1.0,Dominant Reliever / Closer,0,3.0,19.0,0.5329906542056074,38.0,80.0,2.906013137948459,,,0.0033238195317251322,0
stroppe01,Pedro Strop,Pitcher,P,Post-steroid,2009.0,2021.0,2026.0,1.0,Dominant Reliever / Closer,0,0.0,0.0,0.0,29.0,32.0,3.2036914963744234,,,0.0033238195317251322,0
gregelu01,Luke Gregerson,Pitcher,P,Post-steroid,2009.0,2019.0,2024.0,1.0,Dominant Reliever / Closer,0,0.0,0.0,0.0,35.0,66.0,3.14902807775378,,,0.0033238195317251322,0
millean01,Andrew Miller,Pitcher,P,Post-steroid,2006.0,2021.0,2026.0,1.0,Dominant Reliever / Closer,0,0.0,4.0,0.1081081081081081,55.0,63.0,4.0277442702050665,3.0,2.0,0.0033221638966070967,0
morrobr01,Brandon Morrow,Pitcher,P,Post-steroid,2007.0,2018.0,2023.0,1.0,Dominant Reliever / Closer,0,0.0,0.0,0.04,51.0,40.0,3.960419091967404,,,0.0033221638966070967,0
benoijo01,Joaquin Benoit,Pitcher,P,Steroid,2001.0,2017.0,2022.0,1.0,Dominant Reliever / Closer,0,0.0,0.0,0.0,58.0,53.0,3.831877729257642,1.0,,0.0033221638966070967,0
merriji01,Jim Merritt,Pitcher,P,Expansion,1965.0,1975.0,1980.0,4.0,Workhorse Starting Pitcher,0,4.0,56.0,0.3946087497724777,81.0,7.0,3.653405259608901,1.0,1.0,0.0033150347540366813,0
skinnbo01,Bob Skinner,Hitter,OF,Integration,1954.0,1966.0,1971.0,3.0,Power Hitter 2,0,103.0,1198.0,0.7727311006396442,,,,0.0,3.0,0.0033134023780450814,0
pytlafr01,Frankie Pytlak,Hitter,C,Live-ball/pre-integration,1932.0,1946.0,1951.0,3.0,Power Hitter 2,0,7.0,677.0,0.7177072844022088,,,,,,0.0033134023780450814,0
heffndo01,Don Heffner,Hitter,2B,Live-ball/pre-integration,1934.0,1944.0,1949.0,3.0,Power Hitter 2,0,6.0,610.0,0.6197844026403478,,,,,,0.0033134023780450814,0
mcquihu01,Hugh McQuillan,Pitcher,P,Dead-ball,1918.0,1927.0,1932.0,4.0,Workhorse Starting Pitcher,0,2.0,103.0,0.4872003391927491,88.0,16.0,3.832443970117396,,,0.0033134023780450814,0
bloodji01,Jimmy Bloodworth,Hitter,2B,Live-ball/pre-integration,1937.0,1951.0,1956.0,3.0,Power Hitter 2,0,62.0,874.0,0.6502692710689469,,,,,,0.0033134023780450814,0
fulmech01,Charles Fulmer,Hitter,SS,19th century,1871.0,1884.0,1889.0,3.0,Power Hitter 2,0,8.0,635.0,0.5966600358993115,0.0,0.0,3.6,,,0.0033134023780450814,0
adamsbo03,Bobby Adams,Hitter,3B,Live-ball/pre-integration,1946.0,1959.0,1964.0,3.0,Power Hitter 2,0,37.0,1082.0,0.7076203968299846,,,,0.0,,0.0033134023780450814,0
suderpe01,Pete Suder,Hitter,2B,Live-ball/pre-integration,1941.0,1955.0,1960.0,3.0,Power Hitter 2,0,49.0,1268.0,0.6273396123912445,,,,,,0.0033134023780450814,0
koenima01,Mark Koenig,Hitter,SS,Live-ball/pre-integration,1925.0,1936.0,1941.0,3.0,Power Hitter 2,0,28.0,1190.0,0.6828343847327571,0.0,0.0,8.4375,,,0.0033134023780450814,0
mcnaier01,Eric McNair,Hitter,SS,Live-ball/pre-integration,1929.0,1942.0,1947.0,3.0,Power Hitter 2,0,82.0,1240.0,0.7099292868888188,,,,0.0,,0.0033134023780450814,0
michaca01,Cass Michaels,Hitter,2B,Live-ball/pre-integration,1943.0,1954.0,1959.0,3.0,Power Hitter 2,0,53.0,1142.0,0.7020497182571119,,,,1.0,2.0,0.0033134023780450814,0
busbyji01,Jim Busby,Hitter,OF,Integration,1950.0,1962.0,1967.0,3.0,Power Hitter 2,0,48.0,1113.0,0.6648374996801678,,,,0.0,1.0,0.0033134023780450814,0
spiezsc01,Scott Spiezio,Hitter,1B,Steroid,1996.0,2007.0,2012.0,3.0,Power Hitter 2,0,119.0,996.0,0.747495237187117,0.0,0.0,0.0,1.0,,0.003310373235565566,0
hendrel01,Elrod Hendricks,Hitter,C,Expansion,1968.0,1979.0,1984.0,3.0,Power Hitter 2,0,62.0,415.0,0.6662417701483347,0.0,0.0,0.0,,,0.003310373235565566,0
jayjo02,Jon Jay,Hitter,OF,Post-steroid,2010.0,2021.0,2026.0,3.0,Power Hitter 2,0,37.0,1087.0,0.7213405544901941,0.0,0.0,0.0,,,0.003310373235565566,0
descada01,Daniel Descalso,Hitter,2B,Post-steroid,2010.0,2019.0,2024.0,3.0,Power Hitter 2,0,48.0,593.0,0.6825152228750848,0.0,0.0,6.75,,,0.003310373235565566,0
morelmi01,Mitch Moreland,Hitter,1B,Post-steroid,2010.0,2021.0,2026.0,3.0,Power Hitter 2,0,186.0,1020.0,0.763717198533969,0.0,0.0,0.0,2.0,1.0,0.003310373235565566,0
rossco01,Cody Ross,Hitter,OF,Steroid,2003.0,2015.0,2020.0,3.0,Power Hitter 2,0,132.0,904.0,0.767582047523877,0.0,0.0,0.0,1.0,,0.003310373235565566,0
werthja01,Jayson Werth,Hitter,OF,Steroid,2002.0,2017.0,2022.0,0.0,Power Hitter,0,229.0,1465.0,0.8155634831263582,,,,5.0,1.0,0.0033103150448376326,0
moonwa01,Wally Moon,Hitter,OF,Integration,1954.0,1965.0,1970.0,3.0,Power Hitter 2,0,142.0,1399.0,0.8168394730956738,,,,3.0,3.0,0.0033075354202120742,0
pencehu01,Hunter Pence,Hitter,OF,Post-steroid,2007.0,2020.0,2025.0,0.0,Power Hitter,0,244.0,1791.0,0.79421074399461,,,,8.0,4.0,0.0032992125299176646,0
cirilje01,Jeff Cirillo,Hitter,3B,Steroid,1994.0,2007.0,2012.0,3.0,Power Hitter 2,0,112.0,1598.0,0.7959090485480891,0.0,0.0,0.0,2.0,2.0,0.003296538879453569,0
peraljo01,Joel Peralta,Pitcher,P,Post-steroid,2005.0,2016.0,2021.0,1.0,Dominant Reliever / Closer,0,0.0,1.0,0.4285714285714285,20.0,15.0,4.027777777777778,,,0.0032932107209622838,0
lansfca01,Carney Lansford,Hitter,3B,Free-agency,1978.0,1992.0,1997.0,0.0,Power Hitter,0,151.0,2074.0,0.7533047819417537,,,,6.0,1.0,0.003292762012811493,0
muellbi02,Bill Mueller,Hitter,3B,Steroid,1996.0,2006.0,2011.0,3.0,Power Hitter 2,0,85.0,1229.0,0.7972338381860093,,,,3.0,,0.003292762012811493,0
bauertr01,Trevor Bauer,Pitcher,P,Post-steroid,2012.0,2021.0,2026.0,4.0,Workhorse Starting Pitcher,0,0.0,5.0,0.1853762675680483,83.0,1.0,3.793732340097611,5.0,1.0,0.0032916550076153134,0
essiaji01,Jim Essian,Hitter,C,Expansion,1973.0,1984.0,1989.0,3.0,Power Hitter 2,0,33.0,453.0,0.6731806567736882,,,,,,0.0032915702821141634,0
padilvi01,Vicente Padilla,Pitcher,P,Steroid,1999.0,2012.0,2017.0,4.0,Workhorse Starting Pitcher,0,0.0,27.0,0.3012158010026315,108.0,6.0,4.318625371234621,,1.0,0.0032915702821141634,0
popovpa01,Paul Popovich,Hitter,2B,Expansion,1964.0,1975.0,1980.0,3.0,Power Hitter 2,0,14.0,403.0,0.5771330714954669,,,,,,0.0032915702821141634,0
lindejo01,Johnny Lindell,Two-Way,OF,Live-ball/pre-integration,1941.0,1954.0,1959.0,3.0,Power Hitter 2,0,72.0,762.0,0.7728160886375439,8.0,1.0,4.470198675496689,0.0,1.0,0.003283599651363248,0
pendlte01,Terry Pendleton,Hitter,3B,Free-agency,1984.0,1998.0,2003.0,0.0,Power Hitter,0,140.0,1897.0,0.7067379198850369,,,,11.0,1.0,0.003278338402951843,0
youngde03,Delmon Young,Hitter,OF,Post-steroid,2006.0,2015.0,2020.0,3.0,Power Hitter 2,0,109.0,1162.0,0.7369043825855227,,,,3.0,,0.003278338402951843,0
decindo01,Doug DeCinces,Hitter,3B,Expansion,1973.0,1987.0,1992.0,0.0,Power Hitter,0,237.0,1505.0,0.7744096151739464,,,,7.0,1.0,0.003278338402951843,0
wohlema01,Mark Wohlers,Pitcher,P,Free-agency,1991.0,2002.0,2007.0,1.0,Dominant Reliever / Closer,0,0.0,1.0,0.1666666666666666,39.0,119.0,3.968674698795181,0.0,1.0,0.0032645951550387387,0
leskacu01,Curt Leskanic,Pitcher,P,Steroid,1993.0,2004.0,2009.0,1.0,Dominant Reliever / Closer,0,1.0,7.0,0.5333333333333333,50.0,55.0,4.356875584658559,,,0.0032645951550387387,0
rueteki01,Kirk Rueter,Pitcher,P,Steroid,1993.0,2005.0,2010.0,4.0,Workhorse Starting Pitcher,0,0.0,95.0,0.3537469148549121,130.0,0.0,4.274765380604797,1.0,,0.0032645951550387387,0
dickera01,R. A. Dickey,Pitcher,P,Steroid,2001.0,2017.0,2022.0,4.0,Workhorse Starting Pitcher,0,0.0,45.0,0.3635988103106411,120.0,2.0,4.036328564539463,9.0,1.0,0.0032613414283672094,0
oglivbe01,Ben Oglivie,Hitter,OF,Expansion,1971.0,1986.0,1991.0,0.0,Power Hitter,0,235.0,1615.0,0.7863830673754283,,,,6.0,3.0,0.0032545803183411607,0
byrdma01,Marlon Byrd,Hitter,OF,Steroid,2002.0,2016.0,2021.0,0.0,Power Hitter,0,159.0,1534.0,0.7592052563403531,,,,2.0,1.0,0.0032545803183411607,0
montemi01,Miguel Montero,Hitter,C,Post-steroid,2006.0,2018.0,2023.0,3.0,Power Hitter 2,0,126.0,973.0,0.7505018880159294,0.0,0.0,3.8571428571428577,0.0,2.0,0.0032545803183411607,0
moralke01,Kendrys Morales,Hitter,DH,Post-steroid,2006.0,2019.0,2024.0,0.0,Power Hitter,0,213.0,1289.0,0.780263909728422,0.0,0.0,4.5,8.0,,0.0032545803183411607,0
willimi03,Mike Williams,Pitcher,P,Free-agency,1992.0,2003.0,2008.0,1.0,Dominant Reliever / Closer,0,0.0,17.0,0.3634259259259259,32.0,144.0,4.45119305856833,,2.0,0.003237932564030531,0
schatda01,Dan Schatzeder,Pitcher,P,Free-agency,1977.0,1991.0,1996.0,3.0,Power Hitter 2,0,5.0,58.0,0.6424274088850892,69.0,10.0,3.744874715261959,,,0.003237932564030531,0
brocado01,Doug Brocail,Pitcher,P,Free-agency,1992.0,2009.0,2014.0,1.0,Dominant Reliever / Closer,0,0.0,12.0,0.3768115942028985,52.0,9.0,3.998863636363637,,,0.003237932564030531,0
valdeis01,Ismael Valdez,Pitcher,P,Steroid,1994.0,2005.0,2010.0,4.0,Workhorse Starting Pitcher,0,1.0,52.0,0.3177859903997281,104.0,1.0,4.087924115286392,0.0,,0.003237932564030531,0
nelsoge01,Gene Nelson,Pitcher,P,Free-agency,1981.0,1993.0,1998.0,1.0,Dominant Reliever / Closer,0,0.0,0.0,0.0,53.0,28.0,4.133333333333334,1.0,,0.003237932564030531,0
darliro01,Ron Darling,Pitcher,P,Free-agency,1983.0,1995.0,2000.0,4.0,Workhorse Starting Pitcher,0,2.0,76.0,0.3728511508378324,136.0,0.0,3.874029091936167,2.0,1.0,0.003237932564030531,0
cashnan01,Andrew Cashner,Pitcher,P,Post-steroid,2010.0,2019.0,2024.0,4.0,Workhorse Starting Pitcher,0,1.0,32.0,0.376952349823734,57.0,1.0,4.101170568561873,1.0,,0.003237932564030531,0
pineijo01,Joel Pineiro,Pitcher,P,Steroid,2000.0,2011.0,2016.0,4.0,Workhorse Starting Pitcher,0,0.0,17.0,0.2950279216847205,104.0,2.0,4.406802204066122,1.0,,0.003237932564030531,0
fasseje01,Jeff Fassero,Pitcher,P,Free-agency,1991.0,2006.0,2011.0,4.0,Workhorse Starting Pitcher,0,0.0,23.0,0.2368091378039793,121.0,25.0,4.111293230617932,3.0,,0.003237932564030531,0
smithza01,Zane Smith,Pitcher,P,Free-agency,1984.0,1996.0,2001.0,4.0,Workhorse Starting Pitcher,0,0.0,87.0,0.3668270292589711,100.0,3.0,3.741924279263633,1.0,,0.003237932564030531,0
garresc01,Scott Garrelts,Pitcher,P,Free-agency,1982.0,1991.0,1996.0,1.0,Dominant Reliever / Closer,0,1.0,29.0,0.3230414081662098,69.0,48.0,3.292911744266852,3.0,1.0,0.003237932564030531,0
forscke01,Ken Forsch,Pitcher,P,Expansion,1970.0,1986.0,1991.0,4.0,Workhorse Starting Pitcher,0,0.0,52.0,0.3218620964944999,114.0,51.0,3.367596364775932,2.0,2.0,0.003237932564030531,0
hallabi01,Bill Hallahan,Pitcher,P,Live-ball/pre-integration,1925.0,1938.0,1943.0,4.0,Workhorse Starting Pitcher,0,2.0,90.0,0.4148819130865809,102.0,8.0,4.028538594139054,2.0,1.0,0.003236616975964361,0
parketo01,Tom Parker,Pitcher,RF,Live-ball/pre-integration,1931.0,1948.0,1953.0,3.0,Power Hitter 2,0,12.0,210.0,0.7430337020304305,28.0,0.0,5.684210526315789,,0.0,0.003236616975964361,0
wisede01,Dewayne Wise,Hitter,OF,Steroid,2000.0,2013.0,2018.0,3.0,Power Hitter 2,0,31.0,253.0,0.6450765840762979,0.0,0.0,0.0,1.0,,0.0032352287661418346,0
stanlmi02,Mike Stanley,Hitter,C,Free-agency,1986.0,2000.0,2005.0,3.0,Power Hitter 2,0,187.0,1138.0,0.8273613981714865,,,,2.0,1.0,0.0032314410750876963,0
morgato01,Tom Morgan,Pitcher,P,Integration,1951.0,1963.0,1968.0,1.0,Dominant Reliever / Closer,0,5.0,46.0,0.4736360131096973,67.0,64.0,3.6058631921824102,0.0,,0.003226663307229027,0
herbera01,Ray Herbert,Pitcher,P,Integration,1950.0,1966.0,1971.0,4.0,Workhorse Starting Pitcher,0,7.0,109.0,0.5168668624474112,104.0,15.0,4.013642806520199,0.0,1.0,0.0032249430225517665,0
mastewa02,Walt Masterson,Pitcher,P,Live-ball/pre-integration,1939.0,1956.0,1961.0,4.0,Workhorse Starting Pitcher,0,0.0,68.0,0.3628205128205128,78.0,20.0,4.146292180238432,,2.0,0.0032249430225517665,0
bengera01,Ray Benge,Pitcher,P,Live-ball/pre-integration,1925.0,1938.0,1943.0,4.0,Workhorse Starting Pitcher,0,0.0,124.0,0.4102423404870294,101.0,19.0,4.515997156061145,,,0.0032249430225517665,0
spangal01,Al Spangler,Hitter,OF,Integration,1959.0,1971.0,1976.0,3.0,Power Hitter 2,0,21.0,594.0,0.6983470568053718,,,,,,0.0032184774912825077,0
matlajo01,Jon Matlack,Pitcher,P,Expansion,1971.0,1983.0,1988.0,4.0,Workhorse Starting Pitcher,0,0.0,57.0,0.3660544217687075,125.0,3.0,3.180279305966991,3.0,3.0,0.0032069491118871525,0
wrighge01,George Wright,Hitter,SS,19th century,1871.0,1882.0,1887.0,3.0,Power Hitter 2,0,11.0,866.0,0.715421031770782,0.0,0.0,5.4,,,0.003206703608266343,0
minchdo01,Don Mincher,Hitter,1B,Integration,1960.0,1972.0,1977.0,3.0,Power Hitter 2,0,200.0,1003.0,0.798207731516861,,,,0.0,2.0,0.003205664353617526,0
cartyri01,Rico Carty,Hitter,OF,Expansion,1963.0,1979.0,1984.0,0.0,Power Hitter,0,204.0,1677.0,0.8332466712935382,,,,1.0,1.0,0.003202949206141325,0
clarkbo02,William Clarke,Hitter,C,19th century,1893.0,1905.0,1910.0,3.0,Power Hitter 2,0,20.0,858.0,0.6365899407590773,,,,,,0.003200309518392635,0
weilabo01,Bob Weiland,Pitcher,P,Live-ball/pre-integration,1928.0,1940.0,1945.0,4.0,Workhorse Starting Pitcher,0,3.0,57.0,0.3547956390182988,62.0,7.0,4.239615846338536,,,0.003200309518392635,0
spencro01,Roy Spencer,Hitter,C,Live-ball/pre-integration,1925.0,1938.0,1943.0,3.0,Power Hitter 2,0,3.0,448.0,0.5982479107990364,,,,,,0.003200309518392635,0
smallro01,Roy Smalley,Hitter,SS,Integration,1948.0,1958.0,1963.0,3.0,Power Hitter 2,0,61.0,601.0,0.6602333903891497,,,,,,0.003200309518392635,0
mccormi02,Mike McCormick,Hitter,OF,Live-ball/pre-integration,1940.0,1951.0,1956.0,3.0,Power Hitter 2,0,14.0,640.0,0.6915764911021078,,,,,,0.003200309518392635,0
johnsch06,Chappie Johnson,Hitter,C,19th century,1899.0,1919.0,1924.0,3.0,Power Hitter 2,0,5.0,104.0,0.5782897919690373,,,,,,0.003200309518392635,0
thomada02,Dave Thomas,Hitter,1B,Live-ball/pre-integration,1929.0,1946.0,1951.0,3.0,Power Hitter 2,0,21.0,522.0,0.7009408490091156,0.0,0.0,17.181818181818183,,0.0,0.003200309518392635,0
gilliba01,Barney Gilligan,Hitter,C,19th century,1875.0,1888.0,1893.0,3.0,Power Hitter 2,0,3.0,386.0,0.5378327887900479,,,,,,0.003200309518392635,0
jimenbi01,Bienvenido Jiménez,Hitter,2B,Dead-ball,1915.0,1929.0,1934.0,3.0,Power Hitter 2,0,7.0,379.0,0.6572975151127666,,,,,,0.003200309518392635,0
brownga01,Gates Brown,Hitter,PH,Expansion,1963.0,1975.0,1980.0,3.0,Power Hitter 2,0,84.0,582.0,0.750297277163962,,,,,,0.003200309518392635,0
mcculcl01,Clyde McCullough,Hitter,C,Live-ball/pre-integration,1940.0,1956.0,1961.0,3.0,Power Hitter 2,0,52.0,785.0,0.6720935563728672,,,,1.0,2.0,0.003200309518392635,0
danfoda01,Dave Danforth,Pitcher,P,Dead-ball,1911.0,1925.0,1930.0,4.0,Workhorse Starting Pitcher,0,0.0,56.0,0.4526276831976313,71.0,23.0,3.8853288364249576,,,0.003200309518392635,0
vaughfa01,Farmer Vaughn,Hitter,C,19th century,1886.0,1899.0,1904.0,3.0,Power Hitter 2,0,21.0,946.0,0.6723643614821282,0.0,0.0,3.857142857142857,,,0.003200309518392635,0
mcallge01,George McAllister,Hitter,1B,Live-ball/pre-integration,1923.0,1934.0,1939.0,3.0,Power Hitter 2,0,11.0,537.0,0.6740826834881373,,,,,,0.003200309518392635,0
raridbi01,Bill Rariden,Hitter,C,Dead-ball,1909.0,1920.0,1925.0,3.0,Power Hitter 2,0,7.0,682.0,0.6179655880792578,,,,,,0.003200309518392635,0
odeake01,Ken O'Dea,Hitter,C,Live-ball/pre-integration,1935.0,1946.0,1951.0,3.0,Power Hitter 2,0,40.0,560.0,0.7123564556140525,,,,,0.0,0.003200309518392635,0
marshja03,Jack Marshall,Hitter,2B,Live-ball/pre-integration,1926.0,1944.0,1949.0,3.0,Power Hitter 2,0,5.0,235.0,0.6806049636980174,,,,,,0.003200309518392635,0
robinbo01,Bobby Robinson,Hitter,3B,Live-ball/pre-integration,1925.0,1940.0,1945.0,3.0,Power Hitter 2,0,9.0,456.0,0.6316106630412817,,,,,0.0,0.003200309518392635,0
marshwi01,Willard Marshall,Hitter,OF,Live-ball/pre-integration,1942.0,1955.0,1960.0,3.0,Power Hitter 2,0,130.0,1160.0,0.7696830169607205,,,,1.0,3.0,0.003200309518392635,0
carlima01,Matt Carlisle,Hitter,2B,Live-ball/pre-integration,1932.0,1948.0,1953.0,3.0,Power Hitter 2,0,12.0,410.0,0.7478772273219894,,,,,,0.003200309518392635,0
walladi01,Dick Wallace,Hitter,SS,Dead-ball,1907.0,1921.0,1926.0,3.0,Power Hitter 2,0,3.0,257.0,0.6428530712290617,0.0,0.0,0.0,,,0.003200309518392635,0
cuthbne01,Ned Cuthbert,Hitter,OF,19th century,1871.0,1884.0,1889.0,3.0,Power Hitter 2,0,8.0,537.0,0.5927352039746387,,,,,,0.003200309518392635,0
dwighed01,Eddie Dwight,Hitter,CF,Live-ball/pre-integration,1925.0,1937.0,1942.0,3.0,Power Hitter 2,0,2.0,180.0,0.6546397470237284,,,,,0.0,0.003200309518392635,0
dunnja02,Jake Dunn,Hitter,SS,Live-ball/pre-integration,1930.0,1940.0,1945.0,3.0,Power Hitter 2,0,22.0,494.0,0.7435699286258587,,,,,0.0,0.003200309518392635,0
graydo02,Sam Gray,Pitcher,P,Live-ball/pre-integration,1924.0,1933.0,1938.0,4.0,Workhorse Starting Pitcher,0,2.0,124.0,0.4813204508856682,111.0,22.0,4.183293474547318,1.0,,0.003200309518392635,0
grantle01,Leroy Grant,Hitter,1B,Dead-ball,1911.0,1924.0,1929.0,3.0,Power Hitter 2,0,11.0,474.0,0.6516207956131496,,,,,,0.003200309518392635,0
walkeru01,Rube Walker,Hitter,C,Integration,1948.0,1958.0,1963.0,3.0,Power Hitter 2,0,35.0,360.0,0.6348116533679717,,,,,,0.003200309518392635,0
maxwech01,Charlie Maxwell,Hitter,OF,Integration,1950.0,1964.0,1969.0,3.0,Power Hitter 2,0,148.0,856.0,0.8108567515347176,,,,0.0,2.0,0.003200309518392635,0
kingji01,Jim King,Hitter,OF,Integration,1955.0,1967.0,1972.0,3.0,Power Hitter 2,0,117.0,699.0,0.7374582546303718,,,,,,0.003200309518392635,0
dallaeg01,Eggie Dallard,Hitter,1B,Live-ball/pre-integration,1921.0,1933.0,1938.0,3.0,Power Hitter 2,0,21.0,432.0,0.707040665009712,,,,,,0.003200309518392635,0
briggot01,Otto Briggs,Hitter,RF,Dead-ball,1915.0,1934.0,1939.0,3.0,Power Hitter 2,0,6.0,595.0,0.7159060309800975,,,,,,0.003200309518392635,0
daniepe02,Pepper Daniels,Hitter,C,Live-ball/pre-integration,1921.0,1935.0,1940.0,3.0,Power Hitter 2,0,13.0,259.0,0.6434945803828964,,,,,,0.003200309518392635,0
goodwi01,Wilbur Good,Hitter,OF,Dead-ball,1905.0,1918.0,1923.0,3.0,Power Hitter 2,0,9.0,609.0,0.6641873926137886,0.0,0.0,4.7368421052631575,,,0.003200309518392635,0
johnser01,Ernie Johnson,Hitter,SS,Dead-ball,1912.0,1925.0,1930.0,3.0,Power Hitter 2,0,19.0,697.0,0.6673627684559549,,,,,,0.003200309518392635,0
northro01,Ron Northey,Hitter,OF,Live-ball/pre-integration,1942.0,1957.0,1962.0,3.0,Power Hitter 2,0,108.0,874.0,0.8013740053784717,,,,0.0,,0.003200309518392635,0
cantwbe01,Ben Cantwell,Pitcher,P,Live-ball/pre-integration,1927.0,1937.0,1942.0,3.0,Power Hitter 2,0,0.0,116.0,0.5050049219247621,76.0,21.0,3.907431551499348,1.0,,0.003200309518392635,0
mcadotu01,Tullie McAdoo,Hitter,1B,Dead-ball,1909.0,1924.0,1929.0,3.0,Power Hitter 2,0,6.0,279.0,0.6314813011297233,,,,,,0.003200309518392635,0
hydeco01,Cowan Hyde,Hitter,RF,Live-ball/pre-integration,1927.0,1948.0,1953.0,3.0,Power Hitter 2,0,1.0,261.0,0.645598419757778,,,,,0.0,0.003200309518392635,0
dixonge01,George Dixon,Hitter,C,Dead-ball,1917.0,1934.0,1939.0,3.0,Power Hitter 2,0,7.0,318.0,0.6585221096026386,,,,,,0.003200309518392635,0
armoubu01,Buddy Armour,Hitter,SS,Live-ball/pre-integration,1933.0,1947.0,1952.0,3.0,Power Hitter 2,0,3.0,197.0,0.7075132275132274,0.0,0.0,5.869565217391304,,0.0,0.003200309518392635,0
triangu01,Gus Triandos,Hitter,C,Integration,1953.0,1965.0,1970.0,3.0,Power Hitter 2,0,167.0,954.0,0.7346955929916001,,,,0.0,4.0,0.003200309518392635,0
mantife01,Felix Mantilla,Hitter,2B,Integration,1956.0,1966.0,1971.0,3.0,Power Hitter 2,0,89.0,707.0,0.7317098083903688,,,,0.0,1.0,0.003200309518392635,0
rushbo01,Bob Rush,Pitcher,P,Integration,1948.0,1960.0,1965.0,4.0,Workhorse Starting Pitcher,0,4.0,140.0,0.4256232341268962,127.0,8.0,3.647538716814159,,2.0,0.003200309518392635,0
berrera01,Ray Berres,Hitter,C,Live-ball/pre-integration,1934.0,1945.0,1950.0,3.0,Power Hitter 2,0,3.0,287.0,0.5146459121544101,,,,,,0.003200309518392635,0
riggsle01,Lew Riggs,Hitter,3B,Live-ball/pre-integration,1934.0,1946.0,1951.0,3.0,Power Hitter 2,0,28.0,650.0,0.6924635242360558,,,,,1.0,0.003200309518392635,0
figarra01,Rafael Figarola,Hitter,C,Dead-ball,1907.0,1923.0,1928.0,3.0,Power Hitter 2,0,2.0,119.0,0.579172270683626,,,,,,0.003200309518392635,0
palicer01,Erv Palica,Pitcher,P,Live-ball/pre-integration,1945.0,1956.0,1961.0,3.0,Power Hitter 2,0,1.0,48.0,0.4893100565843621,41.0,10.0,4.2247815726767275,,,0.003200309518392635,0
ruffile01,Leon Ruffin,Hitter,C,Live-ball/pre-integration,1935.0,1946.0,1951.0,3.0,Power Hitter 2,0,2.0,147.0,0.523803403618329,,,,,0.0,0.003200309518392635,0
milledo01,George Miller,Hitter,C,19th century,1884.0,1896.0,1901.0,3.0,Power Hitter 2,0,33.0,1381.0,0.6784864547825957,,,,,,0.003200309518392635,0
berrych02,Charlie Berry,Hitter,C,Live-ball/pre-integration,1925.0,1938.0,1943.0,3.0,Power Hitter 2,0,23.0,539.0,0.6961292481273668,,,,,,0.003200309518392635,0
mornele01,Leroy Morney,Hitter,SS,Live-ball/pre-integration,1932.0,1944.0,1949.0,3.0,Power Hitter 2,0,8.0,351.0,0.7286193506460817,,,,,0.0,0.003200309518392635,0
milleot01,Otto Miller,Hitter,C,Dead-ball,1910.0,1922.0,1927.0,3.0,Power Hitter 2,0,5.0,695.0,0.5828025287568235,,,,,,0.003200309518392635,0
millepe01,Percy Miller,Pitcher,P,Live-ball/pre-integration,1921.0,1937.0,1942.0,3.0,Power Hitter 2,0,10.0,110.0,0.6973369789470343,29.0,2.0,5.859976662777129,,,0.003200309518392635,0
burnete01,Tex Burnett,Hitter,C,Live-ball/pre-integration,1922.0,1941.0,1946.0,3.0,Power Hitter 2,0,3.0,220.0,0.6278281317220071,,,,,,0.003200309518392635,0
jacksdi01,Dick Jackson,Hitter,2B,Live-ball/pre-integration,1921.0,1931.0,1936.0,3.0,Power Hitter 2,0,13.0,396.0,0.6591135951163174,,,,,,0.003200309518392635,0
monbobi01,Bill Monbouquette,Pitcher,P,Integration,1958.0,1968.0,1973.0,4.0,Workhorse Starting Pitcher,0,0.0,60.0,0.284425528670468,114.0,3.0,3.68411214953271,,4.0,0.003200309518392635,0
jameskn01,Knucks James,Hitter,2B,Dead-ball,1905.0,1918.0,1923.0,3.0,Power Hitter 2,0,3.0,153.0,0.5726378884273622,,,,,,0.003200309518392635,0
mongisa01,Sam Mongin,Hitter,3B,Dead-ball,1907.0,1922.0,1927.0,3.0,Power Hitter 2,0,1.0,240.0,0.6206508232370301,,,,,,0.003200309518392635,0
wilsoar01,Art Wilson,Hitter,C,Dead-ball,1908.0,1921.0,1926.0,3.0,Power Hitter 2,0,24.0,536.0,0.7205631237742697,,,,,,0.003200309518392635,0
mooreed01,Eddie Moore,Hitter,2B,Live-ball/pre-integration,1923.0,1934.0,1939.0,3.0,Power Hitter 2,0,13.0,706.0,0.7245276153094835,,,,,,0.003200309518392635,0
sommejo01,Joe Sommer,Hitter,OF,19th century,1880.0,1890.0,1895.0,3.0,Power Hitter 2,0,11.0,911.0,0.6066163337951505,0.0,1.0,9.642857142857142,,,0.003200309518392635,0
moorege03,Gene Moore,Hitter,OF,Live-ball/pre-integration,1931.0,1945.0,1950.0,3.0,Power Hitter 2,0,58.0,958.0,0.7326745780251795,,,,,1.0,0.003200309518392635,0
werbebi01,Billy Werber,Hitter,3B,Live-ball/pre-integration,1930.0,1942.0,1947.0,3.0,Power Hitter 2,0,78.0,1363.0,0.7557982583373992,,,,2.0,,0.003200309518392635,0
moorera01,Randy Moore,Hitter,OF,Live-ball/pre-integration,1927.0,1937.0,1942.0,3.0,Power Hitter 2,0,27.0,627.0,0.7045916132811595,,,,0.0,,0.003200309518392635,0
fletcel01,Elbie Fletcher,Hitter,1B,Live-ball/pre-integration,1934.0,1949.0,1954.0,3.0,Power Hitter 2,0,79.0,1323.0,0.7741662863614083,,,,0.0,1.0,0.003200309518392635,0
osterfr01,Fritz Ostermueller,Pitcher,P,Live-ball/pre-integration,1934.0,1948.0,1953.0,4.0,Workhorse Starting Pitcher,0,0.0,175.0,0.5434183661336405,114.0,15.0,3.993387096774194,,,0.003200309518392635,0
ramirra04,Ramiro Ramírez,Hitter,CF,Dead-ball,1916.0,1932.0,1937.0,3.0,Power Hitter 2,0,1.0,200.0,0.6320528981954852,,,,,,0.003200309518392635,0
gainede01,Del Gainer,Hitter,1B,Dead-ball,1909.0,1922.0,1927.0,3.0,Power Hitter 2,0,14.0,438.0,0.7322525232186454,,,,,,0.003200309518392635,0
thomapi01,Pinch Thomas,Hitter,C,Dead-ball,1912.0,1921.0,1926.0,3.0,Power Hitter 2,0,2.0,245.0,0.6018472628970488,,,,,,0.003200309518392635,0
russeja01,Jack Russell,Pitcher,P,Live-ball/pre-integration,1926.0,1940.0,1945.0,4.0,Workhorse Starting Pitcher,0,1.0,103.0,0.4413888275283506,85.0,38.0,4.463426527958388,,1.0,0.003200309518392635,0
blaehge01,George Blaeholder,Pitcher,P,Live-ball/pre-integration,1925.0,1936.0,1941.0,4.0,Workhorse Starting Pitcher,0,3.0,89.0,0.3909887037882246,104.0,12.0,4.541528817691102,,,0.003200309518392635,0
gatewer01,Ernest Gatewood,Hitter,C,Dead-ball,1915.0,1927.0,1932.0,3.0,Power Hitter 2,0,0.0,131.0,0.4971802135541512,,,,,,0.003200309518392635,0
cimolgi01,Gino Cimoli,Hitter,OF,Integration,1956.0,1965.0,1970.0,3.0,Power Hitter 2,0,44.0,808.0,0.6975020936757357,,,,,1.0,0.003200309518392635,0
gastomi01,Milt Gaston,Pitcher,P,Live-ball/pre-integration,1924.0,1934.0,1939.0,4.0,Workhorse Starting Pitcher,0,6.0,145.0,0.5014806629834254,97.0,8.0,4.54916864608076,,,0.003200309518392635,0
pattejo04,John Patterson,Hitter,LF,19th century,1894.0,1908.0,1913.0,3.0,Power Hitter 2,0,2.0,76.0,0.7077819134270746,,,,,,0.003200309518392635,0
bankhfr01,Fred Bankhead,Hitter,2B,Live-ball/pre-integration,1937.0,1948.0,1953.0,3.0,Power Hitter 2,0,2.0,271.0,0.6478242533323593,,,,,0.0,0.003200309518392635,0
irwinar01,Arthur Irwin,Hitter,SS,19th century,1880.0,1894.0,1899.0,3.0,Power Hitter 2,0,5.0,934.0,0.6038761391387768,0.0,0.0,2.25,,,0.003200309518392635,0
mcleala01,Larry McLean,Hitter,C,Dead-ball,1901.0,1915.0,1920.0,3.0,Power Hitter 2,0,6.0,694.0,0.6231308244290179,,,,,,0.003200309518392635,0
mclisca01,Cal McLish,Pitcher,P,Live-ball/pre-integration,1944.0,1964.0,1969.0,4.0,Workhorse Starting Pitcher,0,3.0,73.0,0.4136168433853988,92.0,6.0,3.999378495960224,0.0,1.0,0.003200309518392635,0
jonesda01,Davy Jones,Hitter,OF,Dead-ball,1901.0,1918.0,1923.0,3.0,Power Hitter 2,0,9.0,1020.0,0.6802280410830055,,,,,,0.003200309518392635,0
wilsoda02,Dan Wilson,Hitter,LF,Live-ball/pre-integration,1936.0,1947.0,1952.0,3.0,Power Hitter 2,0,3.0,273.0,0.6957081335247348,,,,,0.0,0.003200309518392635,0
esterdu01,Dude Esterbrook,Hitter,3B,19th century,1880.0,1891.0,1896.0,3.0,Power Hitter 2,0,6.0,741.0,0.6177117520335929,,,,,,0.003200309518392635,0
wilsora01,Ray Wilson,Hitter,1B,19th century,1897.0,1910.0,1915.0,3.0,Power Hitter 2,0,2.0,63.0,0.5589279375221867,,,,,,0.003200309518392635,0
ganzech01,Charlie Ganzel,Hitter,C,19th century,1884.0,1897.0,1902.0,3.0,Power Hitter 2,0,10.0,774.0,0.6309937526354863,,,,,,0.003200309518392635,0
turneco01,Cool Turner,Hitter,SS,Live-ball/pre-integration,1921.0,1932.0,1937.0,3.0,Power Hitter 2,0,4.0,267.0,0.6304400350336746,,,,,,0.003200309518392635,0
walkebi01,Bill Walker,Pitcher,P,Live-ball/pre-integration,1927.0,1936.0,1941.0,4.0,Workhorse Starting Pitcher,0,4.0,62.0,0.3208275906930604,97.0,8.0,3.5887223092414406,,1.0,0.003200309518392635,0
dayco01,Connie Day,Hitter,2B,Live-ball/pre-integration,1920.0,1932.0,1937.0,3.0,Power Hitter 2,0,14.0,545.0,0.6064763657425474,,,,,,0.003200309518392635,0
deberha01,Hank DeBerry,Hitter,C,Dead-ball,1916.0,1930.0,1935.0,3.0,Power Hitter 2,0,11.0,494.0,0.6692992393591196,,,,0.0,,0.003200309518392635,0
aukerel01,Elden Auker,Pitcher,P,Live-ball/pre-integration,1933.0,1942.0,1947.0,4.0,Workhorse Starting Pitcher,0,6.0,131.0,0.494185733512786,130.0,2.0,4.419015280135823,0.0,,0.003200309518392635,0
muellra01,Ray Mueller,Hitter,C,Live-ball/pre-integration,1935.0,1951.0,1956.0,3.0,Power Hitter 2,0,56.0,733.0,0.6813709032747826,,,,0.0,1.0,0.003200309518392635,0
yancebi01,Bill Yancey,Hitter,SS,Live-ball/pre-integration,1927.0,1936.0,1941.0,3.0,Power Hitter 2,0,14.0,300.0,0.6807955163104011,,,,,,0.003200309518392635,0
waitked01,Eddie Waitkus,Hitter,1B,Live-ball/pre-integration,1941.0,1955.0,1960.0,3.0,Power Hitter 2,0,24.0,1214.0,0.7177118290290679,,,,0.0,1.0,0.003200309518392635,0
downsbu01,Bunny Downs,Hitter,2B,Dead-ball,1916.0,1929.0,1934.0,3.0,Power Hitter 2,0,1.0,225.0,0.5768044913310838,0.0,0.0,16.2,,,0.003200309518392635,0
winstbo01,Bobby Winston,Hitter,LF,Dead-ball,1905.0,1921.0,1926.0,3.0,Power Hitter 2,0,1.0,149.0,0.712784163246937,,,,,,0.003200309518392635,0
russeji01,Jim Russell,Hitter,OF,Live-ball/pre-integration,1942.0,1951.0,1956.0,3.0,Power Hitter 2,0,67.0,959.0,0.7599160106404526,,,,0.0,,0.003200309518392635,0
sistisi01,Sibby Sisti,Hitter,2B,Live-ball/pre-integration,1939.0,1954.0,1959.0,3.0,Power Hitter 2,0,27.0,732.0,0.6367217412879288,,,,,,0.003200309518392635,0
paynean01,Andrew Payne,Hitter,RF,Dead-ball,1903.0,1919.0,1924.0,3.0,Power Hitter 2,0,1.0,215.0,0.6785702709185559,,,,,,0.003200309518392635,0
hardypa01,Paul Hardy,Hitter,C,Live-ball/pre-integration,1932.0,1943.0,1948.0,3.0,Power Hitter 2,0,1.0,146.0,0.5648298779328016,,,,,0.0,0.003200309518392635,0
carrocl01,Cliff Carroll,Hitter,OF,19th century,1882.0,1893.0,1898.0,3.0,Power Hitter 2,0,31.0,995.0,0.6493730083185035,,,,,,0.003200309518392635,0
hollocr01,Crush Holloway,Hitter,RF,Live-ball/pre-integration,1921.0,1939.0,1944.0,3.0,Power Hitter 2,0,31.0,937.0,0.6927351464736358,,,,,,0.003200309518392635,0
portebo01,Bob Porterfield,Pitcher,P,Integration,1948.0,1959.0,1964.0,4.0,Workhorse Starting Pitcher,0,6.0,95.0,0.470286608349335,87.0,8.0,3.7890708058685942,2.0,1.0,0.003200309518392635,0
lowrepe01,Peanuts Lowrey,Hitter,OF,Live-ball/pre-integration,1942.0,1955.0,1960.0,3.0,Power Hitter 2,0,37.0,1177.0,0.6983680517939364,,,,0.0,1.0,0.003200309518392635,0
lavagco01,Cookie Lavagetto,Hitter,3B,Live-ball/pre-integration,1934.0,1947.0,1952.0,3.0,Power Hitter 2,0,40.0,945.0,0.7367055714518846,,,,1.0,4.0,0.003200309518392635,0
luderfr01,Fred Luderus,Hitter,1B,Dead-ball,1909.0,1920.0,1925.0,3.0,Power Hitter 2,0,84.0,1344.0,0.7425577113228445,,,,0.0,,0.003200309518392635,0
woodala01,Larry Woodall,Hitter,C,Live-ball/pre-integration,1920.0,1929.0,1934.0,3.0,Power Hitter 2,0,1.0,353.0,0.6798996920125293,,,,,,0.003200309518392635,0
hintoch01,Chuck Hinton,Hitter,OF,Expansion,1961.0,1971.0,1976.0,3.0,Power Hitter 2,0,113.0,1048.0,0.7438215345533639,,,,0.0,1.0,0.003200309518392635,0
clarkho01,Horace Clarke,Hitter,2B,Expansion,1965.0,1974.0,1979.0,3.0,Power Hitter 2,0,27.0,1230.0,0.6211862901361884,,,,,,0.003200309518392635,0
handybi01,Bill Handy,Hitter,2B,Dead-ball,1911.0,1921.0,1926.0,3.0,Power Hitter 2,0,14.0,259.0,0.7597500225717684,,,,,,0.003200309518392635,0
westlwa01,Wally Westlake,Hitter,OF,Integration,1947.0,1956.0,1961.0,3.0,Power Hitter 2,0,127.0,848.0,0.795135945830493,,,,,1.0,0.003200309518392635,0
handlle01,Lee Handley,Hitter,3B,Live-ball/pre-integration,1936.0,1947.0,1952.0,3.0,Power Hitter 2,0,15.0,902.0,0.6685727894224404,,,,0.0,,0.003200309518392635,0
bolinbo01,Bobby Bolin,Pitcher,P,Expansion,1961.0,1973.0,1978.0,1.0,Dominant Reliever / Closer,0,6.0,69.0,0.4637826084726901,88.0,50.0,3.4035532994923856,,,0.003200309518392635,0
stanaos01,Oscar Stanage,Hitter,C,Dead-ball,1906.0,1925.0,1930.0,3.0,Power Hitter 2,0,8.0,819.0,0.5788691853663728,,,,2.0,,0.003200309518392635,0
shaffor01,Orator Shafer,Hitter,OF,19th century,1874.0,1890.0,1895.0,3.0,Power Hitter 2,0,11.0,1000.0,0.6924169809344228,,,,,,0.003200309518392635,0
herriar01,Art Herring,Pitcher,P,Live-ball/pre-integration,1929.0,1947.0,1952.0,3.0,Power Hitter 2,0,0.0,31.0,0.4069368131868132,34.0,13.0,4.3215480172001906,,,0.003200309518392635,0
casonjo01,John Cason,Hitter,C,Dead-ball,1918.0,1928.0,1933.0,3.0,Power Hitter 2,0,5.0,167.0,0.6306165721637205,,,,,,0.003200309518392635,0
schmiwa01,Walter Schmidt,Hitter,C,Dead-ball,1916.0,1925.0,1930.0,3.0,Power Hitter 2,0,3.0,619.0,0.6040130478835057,,,,2.0,,0.003200309518392635,0
sawatca01,Carl Sawatski,Hitter,C,Integration,1948.0,1963.0,1968.0,3.0,Power Hitter 2,0,58.0,351.0,0.731285653134855,,,,,,0.003200309518392635,0
phelped01,Ed Phelps,Hitter,C,Dead-ball,1902.0,1913.0,1918.0,3.0,Power Hitter 2,0,3.0,460.0,0.62720489633119,,,,,,0.003200309518392635,0
lewisjo02,Joe Lewis,Hitter,C,Live-ball/pre-integration,1922.0,1934.0,1939.0,3.0,Power Hitter 2,0,4.0,213.0,0.6352823898299482,,,,,,0.003200309518392635,0
casege01,George Case,Hitter,OF,Live-ball/pre-integration,1937.0,1947.0,1952.0,3.0,Power Hitter 2,0,21.0,1415.0,0.699091955714257,,,,0.0,3.0,0.003200309518392635,0
bookepe01,Pete Booker,Hitter,C,Dead-ball,1905.0,1914.0,1919.0,3.0,Power Hitter 2,0,0.0,150.0,0.6686067404409666,,,,,,0.003200309518392635,0
hearnji01,Jim Hearn,Pitcher,P,Integration,1947.0,1959.0,1964.0,4.0,Workhorse Starting Pitcher,0,9.0,77.0,0.4002485257477682,109.0,8.0,3.808843670514576,0.0,1.0,0.003200309518392635,0
bellga01,Gary Bell,Pitcher,P,Integration,1958.0,1969.0,1974.0,4.0,Workhorse Starting Pitcher,0,1.0,105.0,0.4413503222026947,121.0,51.0,3.684863523573201,0.0,4.0,0.003200309518392635,0
heimafr01,Fred Heimach,Pitcher,P,Live-ball/pre-integration,1920.0,1933.0,1938.0,3.0,Power Hitter 2,0,3.0,128.0,0.5725771994562051,62.0,7.0,4.4627521986549405,,,0.003200309518392635,0
seaydi01,Dick Seay,Hitter,2B,Live-ball/pre-integration,1926.0,1947.0,1952.0,3.0,Power Hitter 2,0,12.0,423.0,0.5653266858991971,,,,,0.0,0.003200309518392635,0
lockele01,Lester Lockett,Hitter,LF,Live-ball/pre-integration,1937.0,1948.0,1953.0,3.0,Power Hitter 2,0,11.0,333.0,0.7254540601597895,,,,,0.0,0.003200309518392635,0
wasdeji01,Jimmy Wasdell,Hitter,OF,Live-ball/pre-integration,1937.0,1947.0,1952.0,3.0,Power Hitter 2,0,29.0,782.0,0.6974477773610328,,,,,,0.003200309518392635,0
cartema01,Marlin Carter,Hitter,3B,Live-ball/pre-integration,1932.0,1948.0,1953.0,3.0,Power Hitter 2,0,2.0,224.0,0.6518793383547482,,,,,0.0,0.003200309518392635,0
williha03,Harry Williams,Hitter,2B,Live-ball/pre-integration,1932.0,1946.0,1951.0,3.0,Power Hitter 2,0,19.0,422.0,0.7457503297510238,,,,,0.0,0.003200309518392635,0
colemjo04,Joe Coleman,Pitcher,P,Live-ball/pre-integration,1942.0,1955.0,1960.0,4.0,Workhorse Starting Pitcher,0,4.0,66.0,0.4875245966155057,52.0,6.0,4.380952380952381,0.0,1.0,0.003200309518392635,0
reesejo01,John Reese,Hitter,RF,Dead-ball,1918.0,1931.0,1936.0,3.0,Power Hitter 2,0,4.0,189.0,0.6054538772510106,,,,,,0.003200309518392635,0
longlre01,Red Longley,Hitter,LF,Live-ball/pre-integration,1932.0,1947.0,1952.0,3.0,Power Hitter 2,0,4.0,175.0,0.6145183190152604,,,,,,0.003200309518392635,0
washipe01,Pete Washington,Hitter,CF,Live-ball/pre-integration,1924.0,1935.0,1940.0,3.0,Power Hitter 2,0,50.0,537.0,0.7452156177867881,,,,,,0.003200309518392635,0
shortch02,Chris Short,Pitcher,P,Integration,1959.0,1973.0,1978.0,4.0,Workhorse Starting Pitcher,0,0.0,88.0,0.2854074165844067,135.0,18.0,3.4296774193548387,0.0,2.0,0.003200309518392635,0
comorad01,Adam Comorosky,Hitter,OF,Live-ball/pre-integration,1926.0,1935.0,1940.0,3.0,Power Hitter 2,0,28.0,795.0,0.7393752443380515,,,,,,0.003200309518392635,0
perkibi01,Bill Perkins,Hitter,C,Live-ball/pre-integration,1928.0,1948.0,1953.0,3.0,Power Hitter 2,0,27.0,489.0,0.7296559040457256,,,,,0.0,0.003200309518392635,0
landiji01,Jim Landis,Hitter,OF,Integration,1957.0,1967.0,1972.0,3.0,Power Hitter 2,0,93.0,1061.0,0.7193105659254092,,,,5.0,1.0,0.003200309518392635,0
bordafr01,Frenchy Bordagaray,Hitter,OF,Live-ball/pre-integration,1934.0,1945.0,1950.0,3.0,Power Hitter 2,0,14.0,745.0,0.6969697255387028,,,,,,0.003200309518392635,0
shawbo01,Bob Shaw,Pitcher,P,Integration,1957.0,1967.0,1972.0,4.0,Workhorse Starting Pitcher,0,0.0,69.0,0.3320683438978908,108.0,32.0,3.5230596175478066,0.0,1.0,0.003200309518392635,0
willich03,Chester Williams,Hitter,SS,Live-ball/pre-integration,1930.0,1942.0,1947.0,3.0,Power Hitter 2,0,10.0,622.0,0.6958245645849748,,,,,0.0,0.003200309518392635,0
hackewa02,Warren Hacker,Pitcher,P,Integration,1948.0,1961.0,1966.0,4.0,Workhorse Starting Pitcher,0,0.0,78.0,0.426378634694053,62.0,17.0,4.214805194805195,0.0,,0.003200309518392635,0
gustifr01,Frankie Gustine,Hitter,2B,Live-ball/pre-integration,1939.0,1950.0,1955.0,3.0,Power Hitter 2,0,38.0,1214.0,0.6805834453858477,,,,0.0,3.0,0.003200309518392635,0
lackeob01,Obie Lackey,Hitter,SS,Live-ball/pre-integration,1929.0,1943.0,1948.0,3.0,Power Hitter 2,0,6.0,186.0,0.6715675869158957,,,,,,0.003200309518392635,0
clarkto01,Tommy Clarke,Hitter,C,Dead-ball,1909.0,1918.0,1923.0,3.0,Power Hitter 2,0,6.0,453.0,0.7091495258670248,,,,0.0,,0.003200309518392635,0
herreke01,Kelvin Herrera,Pitcher,P,Post-steroid,2011.0,2020.0,2025.0,1.0,Dominant Reliever / Closer,0,0.0,0.0,,27.0,61.0,3.2063595068137576,,2.0,0.0031913057675955316,0
nevinph01,Phil Nevin,Hitter,3B,Steroid,1995.0,2006.0,2011.0,3.0,Power Hitter 2,0,208.0,1131.0,0.8143774512792376,,,,3.0,1.0,0.0031802105586050023,0
millake01,Kevin Millar,Hitter,1B,Steroid,1998.0,2009.0,2014.0,3.0,Power Hitter 2,0,170.0,1284.0,0.8101444660869079,,,,2.0,,0.0031746724750588854,0
hislela01,Larry Hisle,Hitter,OF,Expansion,1968.0,1982.0,1987.0,3.0,Power Hitter 2,0,166.0,1146.0,0.7989637541860044,,,,4.0,2.0,0.003168890110121994,0
motagu01,Guillermo Mota,Pitcher,P,Steroid,1999.0,2012.0,2017.0,1.0,Dominant Reliever / Closer,0,2.0,9.0,0.5416666666666667,39.0,10.0,3.939688715953307,,,0.003164556115111516,0
rhoderi01,Rick Rhoden,Pitcher,P,Expansion,1974.0,1989.0,1994.0,4.0,Workhorse Starting Pitcher,0,9.0,181.0,0.5761324331264066,151.0,1.0,3.5949106798612007,4.0,2.0,0.003164556115111516,0
mooredo01,Donnie Moore,Pitcher,P,Expansion,1975.0,1988.0,1993.0,1.0,Dominant Reliever / Closer,0,0.0,16.0,0.7026315789473684,43.0,89.0,3.670570264765785,0.0,1.0,0.003164556115111516,0
liriafr01,Francisco Liriano,Pitcher,P,Post-steroid,2005.0,2019.0,2024.0,4.0,Workhorse Starting Pitcher,0,2.0,34.0,0.3866750191973487,112.0,1.0,4.153464436684433,10.0,1.0,0.003164556115111516,0
byrdpa01,Paul Byrd,Pitcher,P,Steroid,1995.0,2009.0,2014.0,4.0,Workhorse Starting Pitcher,0,0.0,24.0,0.3773755656108597,109.0,0.0,4.407189157336476,1.0,1.0,0.003164556115111516,0
frazito01,Todd Frazier,Hitter,3B,Post-steroid,2011.0,2021.0,2026.0,3.0,Power Hitter 2,0,218.0,1059.0,0.7634288190127836,0.0,0.0,0.0,3.0,2.0,0.0031599307622237386,0
tomlijo01,Josh Tomlin,Pitcher,P,Post-steroid,2010.0,2021.0,2026.0,3.0,Power Hitter 2,0,0.0,8.0,0.6317733990147784,69.0,2.0,4.774133083411434,,,0.0031582112670217287,0
reedho01,Howie Reed,Pitcher,P,Integration,1958.0,1971.0,1976.0,1.0,Dominant Reliever / Closer,0,1.0,6.0,0.3003663003663003,26.0,9.0,3.719922380336352,,,0.0031568590986360144,0
facero01,Roy Face,Pitcher,P,Integration,1953.0,1969.0,1974.0,1.0,Dominant Reliever / Closer,0,0.0,31.0,0.3436250788975383,104.0,193.0,3.475636363636364,1.0,6.0,0.0031568590986360144,0
mossido01,Don Mossi,Pitcher,P,Integration,1954.0,1965.0,1970.0,1.0,Dominant Reliever / Closer,0,2.0,71.0,0.4422236784622105,101.0,50.0,3.4302325581395348,0.0,1.0,0.0031568590986360144,0
henrybi01,Bill Henry,Pitcher,P,Integration,1952.0,1969.0,1974.0,1.0,Dominant Reliever / Closer,0,0.0,36.0,0.4242959382842272,46.0,90.0,3.262869660460022,,2.0,0.0031568590986360144,0
byerlbu01,Bud Byerly,Pitcher,P,Live-ball/pre-integration,1943.0,1960.0,1965.0,1.0,Dominant Reliever / Closer,0,0.0,10.0,0.2984798413747521,22.0,14.0,3.697627118644068,,,0.0031568590986360144,0
millest01,Stu Miller,Pitcher,P,Integration,1952.0,1968.0,1973.0,1.0,Dominant Reliever / Closer,0,0.0,49.0,0.3598915989159892,105.0,154.0,3.240850059031877,2.0,2.0,0.0031568590986360144,0
stalege01,Gerry Staley,Pitcher,P,Integration,1947.0,1961.0,1966.0,4.0,Workhorse Starting Pitcher,0,1.0,66.0,0.3245599865387851,134.0,61.0,3.696888141295206,0.0,4.0,0.0031568590986360144,0
laniema01,Max Lanier,Pitcher,P,Live-ball/pre-integration,1938.0,1953.0,1958.0,4.0,Workhorse Starting Pitcher,0,0.0,99.0,0.4148996750745318,108.0,17.0,3.0067929188966653,0.0,2.0,0.0031568590986360144,0
kosloda01,Dave Koslo,Pitcher,P,Live-ball/pre-integration,1941.0,1955.0,1960.0,4.0,Workhorse Starting Pitcher,0,3.0,56.0,0.3173984047548958,92.0,22.0,3.681818181818182,,,0.0031568590986360144,0
hoernjo01,Joe Hoerner,Pitcher,P,Expansion,1963.0,1977.0,1982.0,1.0,Dominant Reliever / Closer,0,1.0,6.0,0.3006390664073354,39.0,99.0,2.9911137440758298,,1.0,0.0031568590986360144,0
perraro01,Ron Perranoski,Pitcher,P,Expansion,1961.0,1973.0,1978.0,1.0,Dominant Reliever / Closer,0,0.0,16.0,0.260665110457052,79.0,179.0,2.788876276958002,2.0,,0.0031568590986360144,0
bordepa01,Pat Borders,Hitter,C,Free-agency,1988.0,2005.0,2010.0,3.0,Power Hitter 2,0,69.0,831.0,0.6625454139070404,,,,1.0,,0.0031567016028383322,0
martibu01,Buck Martinez,Hitter,C,Expansion,1969.0,1986.0,1991.0,3.0,Power Hitter 2,0,58.0,618.0,0.6265101135177945,0.0,0.0,9.0,,,0.0031567016028383322,0
dwyerji01,Jim Dwyer,Hitter,OF,Expansion,1973.0,1990.0,1995.0,3.0,Power Hitter 2,0,77.0,719.0,0.751223738011003,,,,1.0,,0.0031567016028383322,0
wrighja01,Jamey Wright,Pitcher,P,Steroid,1996.0,2014.0,2019.0,4.0,Workhorse Starting Pitcher,0,1.0,64.0,0.3566492198546375,97.0,2.0,4.80785597381342,,,0.0031567016028383322,0
rodriau01,Aurelio Rodriguez,Hitter,3B,Expansion,1967.0,1983.0,1988.0,3.0,Power Hitter 2,0,124.0,1570.0,0.625667008197696,,,,1.0,,0.0031567016028383322,0
kotsama01,Mark Kotsay,Hitter,OF,Steroid,1997.0,2013.0,2018.0,0.0,Power Hitter,0,127.0,1784.0,0.7365026193077,,,,1.0,,0.0031567016028383322,0
mathije01,Jeff Mathis,Hitter,C,Post-steroid,2005.0,2021.0,2026.0,3.0,Power Hitter 2,0,53.0,526.0,0.5511412892904701,0.0,0.0,9.0,,,0.0031567016028383322,0
suppaje01,Jeff Suppan,Pitcher,P,Steroid,1995.0,2012.0,2017.0,4.0,Workhorse Starting Pitcher,0,1.0,76.0,0.4160112906365583,140.0,0.0,4.7005768222338755,1.0,,0.0031567016028383322,0
pacioto01,Tom Paciorek,Hitter,OF,Expansion,1970.0,1987.0,1992.0,3.0,Power Hitter 2,0,86.0,1162.0,0.7406638472718388,,,,2.0,1.0,0.0031567016028383322,0
bergmda01,Dave Bergman,Hitter,1B,Expansion,1975.0,1992.0,1997.0,3.0,Power Hitter 2,0,54.0,690.0,0.715506857409119,,,,,,0.0031567016028383322,0
castrju01,Juan Castro,Hitter,SS,Steroid,1995.0,2011.0,2016.0,3.0,Power Hitter 2,0,36.0,601.0,0.5950143027280621,,,,,,0.0031567016028383322,0
easleda01,Damion Easley,Hitter,2B,Free-agency,1992.0,2008.0,2013.0,3.0,Power Hitter 2,0,163.0,1386.0,0.7328250863503182,,,,2.0,1.0,0.0031567016028383322,0
ashbyal01,Alan Ashby,Hitter,C,Expansion,1973.0,1989.0,1994.0,3.0,Power Hitter 2,0,90.0,1010.0,0.6808169286251059,,,,,,0.0031567016028383322,0
princto01,Tom Prince,Hitter,C,Free-agency,1987.0,2003.0,2008.0,3.0,Power Hitter 2,0,24.0,248.0,0.6170205806873648,,,,,,0.0031567016028383322,0
myersgr01,Greg Myers,Hitter,C,Free-agency,1987.0,2005.0,2010.0,3.0,Power Hitter 2,0,87.0,776.0,0.7082791025444181,,,,,,0.0031567016028383322,0
tavarju01,Julian Tavarez,Pitcher,P,Steroid,1993.0,2009.0,2014.0,1.0,Dominant Reliever / Closer,0,0.0,16.0,0.2707482993197279,88.0,23.0,4.460479468312367,1.0,,0.0031567016028383322,0
kraneed01,Ed Kranepool,Hitter,1B,Expansion,1962.0,1979.0,1984.0,3.0,Power Hitter 2,0,118.0,1418.0,0.6929004494740914,,,,,1.0,0.0031567016028383322,0
bailebo01,Bob Bailey,Hitter,3B,Expansion,1962.0,1978.0,1983.0,0.0,Power Hitter,0,189.0,1564.0,0.7504149698985116,,,,1.0,,0.0031567016028383322,0
beniqju01,Juan Beniquez,Hitter,OF,Expansion,1971.0,1988.0,1993.0,3.0,Power Hitter 2,0,79.0,1274.0,0.7053120363064178,,,,1.0,,0.0031567016028383322,0
sadecra01,Ray Sadecki,Pitcher,P,Integration,1960.0,1977.0,1982.0,4.0,Workhorse Starting Pitcher,0,5.0,151.0,0.4659746948413547,135.0,7.0,3.782591308984271,,,0.0031567016028383322,0
wallide01,Denny Walling,Hitter,PH,Expansion,1975.0,1992.0,1997.0,3.0,Power Hitter 2,0,49.0,799.0,0.7284295183101346,,,,,,0.0031567016028383322,0
parkch01,Chan Ho Park,Pitcher,P,Steroid,1994.0,2010.0,2015.0,4.0,Workhorse Starting Pitcher,0,3.0,77.0,0.4541366536324346,124.0,2.0,4.357752132463623,2.0,1.0,0.0031567016028383322,0
jorgemi01,Mike Jorgensen,Hitter,1B,Expansion,1968.0,1985.0,1990.0,3.0,Power Hitter 2,0,95.0,833.0,0.7202299240200075,,,,2.0,,0.0031567016028383322,0
downial01,Al Downing,Pitcher,P,Expansion,1961.0,1977.0,1982.0,4.0,Workhorse Starting Pitcher,0,2.0,91.0,0.3297026853512209,123.0,3.0,3.2177810433504774,1.0,1.0,0.0031567016028383322,0
reedje02,Jeff Reed,Hitter,C,Free-agency,1984.0,2000.0,2005.0,3.0,Power Hitter 2,0,61.0,774.0,0.6953960366335632,,,,,,0.0031567016028383322,0
bellira01,Rafael Belliard,Hitter,SS,Free-agency,1982.0,1998.0,2003.0,3.0,Power Hitter 2,0,2.0,508.0,0.52993091969957,,,,,,0.0031567016028383322,0
batismi01,Miguel Batista,Pitcher,P,Free-agency,1992.0,2012.0,2017.0,4.0,Workhorse Starting Pitcher,0,2.0,28.0,0.2461449633161777,102.0,41.0,4.480831487476572,,,0.0031567016028383322,0
powervi01,Vic Power,Hitter,1B,Integration,1954.0,1965.0,1970.0,3.0,Power Hitter 2,0,126.0,1716.0,0.7251718250250481,,,,7.0,6.0,0.0031517828685818676,0
holtzke01,Ken Holtzman,Pitcher,P,Expansion,1965.0,1979.0,1984.0,4.0,Workhorse Starting Pitcher,0,2.0,99.0,0.3931782537067545,174.0,3.0,3.4872122762148337,1.0,2.0,0.0031470791174777277,0
bauerha01,Hank Bauer,Hitter,OF,Integration,1948.0,1961.0,1966.0,3.0,Power Hitter 2,0,164.0,1424.0,0.7847439112887825,,,,0.0,3.0,0.0031440860993862405,0
bufordo01,Don Buford,Hitter,OF,Expansion,1963.0,1972.0,1977.0,3.0,Power Hitter 2,0,93.0,1203.0,0.7408197787898503,,,,0.0,1.0,0.0031440860993862405,0
rayjo01,Johnny Ray,Hitter,2B,Free-agency,1981.0,1990.0,1995.0,3.0,Power Hitter 2,0,53.0,1502.0,0.7235672361565624,,,,9.0,1.0,0.003143117371148732,0
meyerru01,Russ Meyer,Pitcher,P,Live-ball/pre-integration,1946.0,1959.0,1964.0,4.0,Workhorse Starting Pitcher,0,1.0,55.0,0.2943420216147488,94.0,5.0,3.990639965171963,0.0,,0.0031277829891932607,0
haywora01,Ray Hayworth,Hitter,C,Live-ball/pre-integration,1926.0,1945.0,1950.0,3.0,Power Hitter 2,0,5.0,546.0,0.6631814457895273,,,,,,0.0031277829891932607,0
matsuhi01,Hideki Matsui,Hitter,OF,Steroid,2003.0,2012.0,2017.0,3.0,Power Hitter 2,0,175.0,1253.0,0.821895090163514,,,,7.0,2.0,0.003124339133770427,0
zernigu01,Gus Zernial,Hitter,OF,Integration,1949.0,1959.0,1964.0,3.0,Power Hitter 2,0,237.0,1093.0,0.8149304868454135,,,,0.0,1.0,0.0031045393111366077,0
blassst01,Steve Blass,Pitcher,P,Expansion,1964.0,1974.0,1979.0,4.0,Workhorse Starting Pitcher,0,1.0,94.0,0.3889652014652014,103.0,2.0,3.628547579298832,0.0,1.0,0.003101044375152912,0
leonade01,Dennis Leonard,Pitcher,P,Expansion,1974.0,1986.0,1991.0,4.0,Workhorse Starting Pitcher,0,0.0,0.0,,144.0,1.0,3.6954732510288064,2.0,,0.003101044375152912,0
levisos01,Oscar Levis,Pitcher,P,Live-ball/pre-integration,1921.0,1931.0,1936.0,3.0,Power Hitter 2,0,6.0,101.0,0.6167848393762015,55.0,5.0,4.349266089574708,,,0.003068458446032883,0
mamaual01,Al Mamaux,Pitcher,P,Dead-ball,1913.0,1924.0,1929.0,4.0,Workhorse Starting Pitcher,0,1.0,77.0,0.4625214110822711,76.0,10.0,2.8955916473317864,2.0,,0.003068458446032883,0
morrijo04,Johnny Morrison,Pitcher,P,Live-ball/pre-integration,1920.0,1930.0,1935.0,4.0,Workhorse Starting Pitcher,0,0.0,84.0,0.3893619312506266,103.0,23.0,3.646905537459283,1.0,,0.003068458446032883,0
clearma01,Mark Clear,Pitcher,P,Free-agency,1979.0,1990.0,1995.0,1.0,Dominant Reliever / Closer,0,0.0,0.0,,71.0,83.0,3.8491504351429753,4.0,2.0,0.0030662530544836547,0
monteri01,Rich Monteleone,Pitcher,P,Free-agency,1987.0,1996.0,2001.0,1.0,Dominant Reliever / Closer,0,0.0,0.0,0.0,24.0,0.0,3.871698113207547,,,0.0030662530544836547,0
mendora01,Ramiro Mendoza,Pitcher,P,Steroid,1996.0,2005.0,2010.0,1.0,Dominant Reliever / Closer,0,0.0,0.0,0.0,59.0,16.0,4.3023839397741535,,,0.0030662530544836547,0
heredfe01,Felix Heredia,Pitcher,P,Steroid,1996.0,2005.0,2010.0,3.0,Power Hitter 2,0,0.0,4.0,0.5333333333333333,28.0,6.0,4.418181818181818,,,0.0030662530544836547,0
paintla01,Lance Painter,Pitcher,P,Steroid,1993.0,2003.0,2008.0,1.0,Dominant Reliever / Closer,0,0.0,10.0,0.3892976588628762,25.0,3.0,5.24,,,0.0030662530544836547,0
wilsocj01,C. J. Wilson,Pitcher,P,Post-steroid,2005.0,2015.0,2020.0,1.0,Dominant Reliever / Closer,0,0.0,4.0,0.4256465517241379,94.0,52.0,3.7375903052901425,1.0,2.0,0.0030662530544836547,0
neaglde01,Denny Neagle,Pitcher,P,Free-agency,1991.0,2003.0,2008.0,4.0,Workhorse Starting Pitcher,0,5.0,87.0,0.4175955156431449,124.0,3.0,4.242108975489332,3.0,2.0,0.0030662530544836547,0
mujiced01,Edward Mujica,Pitcher,P,Post-steroid,2006.0,2017.0,2022.0,1.0,Dominant Reliever / Closer,0,0.0,2.0,0.3636363636363636,24.0,50.0,3.922242314647378,,,0.0030661457083466506,0
lowelmi01,Mike Lowell,Hitter,3B,Steroid,1998.0,2010.0,2015.0,0.0,Power Hitter,0,223.0,1619.0,0.8053303115113988,,,,8.0,4.0,0.0030520999703850527,0
miksied01,Eddie Miksis,Hitter,2B,Live-ball/pre-integration,1944.0,1958.0,1963.0,3.0,Power Hitter 2,0,44.0,722.0,0.6098294197704613,,,,,,0.0030519459028921633,0
bakerfl01,Floyd Baker,Hitter,3B,Live-ball/pre-integration,1943.0,1955.0,1960.0,3.0,Power Hitter 2,0,1.0,573.0,0.6575633236013572,,,,,,0.0030519459028921633,0
kopfla01,Larry Kopf,Hitter,SS,Dead-ball,1913.0,1923.0,1928.0,3.0,Power Hitter 2,0,5.0,750.0,0.6140177086019711,,,,,,0.0030519459028921633,0
wallsle01,Lee Walls,Hitter,OF,Integration,1952.0,1964.0,1969.0,3.0,Power Hitter 2,0,66.0,670.0,0.7264781004478733,,,,,1.0,0.0030519459028921633,0
jacksra01,Randy Jackson,Hitter,3B,Integration,1950.0,1959.0,1964.0,3.0,Power Hitter 2,0,103.0,835.0,0.7408512840660825,,,,,2.0,0.0030519459028921633,0
majesha01,Hank Majeski,Hitter,3B,Live-ball/pre-integration,1939.0,1955.0,1960.0,3.0,Power Hitter 2,0,57.0,956.0,0.7401782948372426,,,,0.0,,0.0030519459028921633,0
harpeha01,Harry Harper,Pitcher,P,Dead-ball,1913.0,1923.0,1928.0,4.0,Workhorse Starting Pitcher,0,0.0,59.0,0.35,57.0,5.0,2.8662420382165603,,,0.0030519459028921633,0
tuttlbi01,Bill Tuttle,Hitter,OF,Integration,1952.0,1963.0,1968.0,3.0,Power Hitter 2,0,67.0,1105.0,0.6965451493172475,,,,0.0,,0.0030519459028921633,0
berarjo01,Johnny Berardino,Hitter,2B,Live-ball/pre-integration,1939.0,1952.0,1957.0,3.0,Power Hitter 2,0,36.0,755.0,0.6717410434938071,,,,0.0,,0.0030519459028921633,0
peterru02,Rusty Peters,Hitter,2B,Live-ball/pre-integration,1936.0,1947.0,1952.0,3.0,Power Hitter 2,0,8.0,289.0,0.6204801615135962,,,,,,0.0030519459028921633,0
myattgl01,Glenn Myatt,Hitter,C,Live-ball/pre-integration,1920.0,1936.0,1941.0,3.0,Power Hitter 2,0,38.0,722.0,0.7252043857851918,,,,,,0.0030519459028921633,0
murphed02,Eddie Murphy,Hitter,OF,Dead-ball,1912.0,1926.0,1931.0,3.0,Power Hitter 2,0,4.0,680.0,0.7200558633872651,,,,,,0.0030519459028921633,0
larsedo01,Don Larsen,Pitcher,P,Integration,1953.0,1967.0,1972.0,3.0,Power Hitter 2,0,14.0,144.0,0.6620826276944949,81.0,26.0,3.779069767441861,2.0,,0.0030519459028921633,0
hornebo01,Bob Horner,Hitter,3B,Free-agency,1978.0,1988.0,1993.0,3.0,Power Hitter 2,0,218.0,1047.0,0.8393191056680599,,,,7.0,1.0,0.0030462948518385317,0
johnscl01,Cliff Johnson,Hitter,DH,Expansion,1972.0,1986.0,1991.0,3.0,Power Hitter 2,0,196.0,1016.0,0.8146102186208442,,,,1.0,,0.0030462948518385317,0
tartada01,Danny Tartabull,Hitter,OF,Free-agency,1984.0,1997.0,2002.0,0.0,Power Hitter,0,262.0,1366.0,0.8642309180077801,,,,2.0,1.0,0.0030462948518385317,0
ziskri01,Richie Zisk,Hitter,OF,Expansion,1971.0,1983.0,1988.0,3.0,Power Hitter 2,0,207.0,1477.0,0.818470560934103,,,,7.0,2.0,0.0030462948518385317,0
alonsyo01,Yonder Alonso,Hitter,1B,Post-steroid,2010.0,2019.0,2024.0,3.0,Power Hitter 2,0,100.0,872.0,0.7360784212295994,,,,1.0,1.0,0.0030412054198575814,0
wellski01,Kip Wells,Pitcher,P,Steroid,1999.0,2012.0,2017.0,4.0,Workhorse Starting Pitcher,0,4.0,63.0,0.4675876536347907,69.0,2.0,4.707347447073475,,,0.0030412054198575814,0
stewach01,Chris Stewart,Hitter,C,Post-steroid,2006.0,2018.0,2023.0,3.0,Power Hitter 2,0,9.0,272.0,0.5881051961572556,,,,,,0.0030412054198575814,0
westbja01,Jake Westbrook,Pitcher,P,Steroid,2000.0,2013.0,2018.0,4.0,Workhorse Starting Pitcher,0,1.0,22.0,0.3816568047337278,105.0,0.0,4.320617966812893,1.0,1.0,0.0030412054198575814,0
izturma01,Maicer Izturis,Hitter,3B,Steroid,2004.0,2014.0,2019.0,3.0,Power Hitter 2,0,39.0,810.0,0.7025518626018025,,,,,,0.0030412054198575814,0
everead01,Adam Everett,Hitter,SS,Steroid,2001.0,2011.0,2016.0,3.0,Power Hitter 2,0,40.0,668.0,0.639520179665843,,,,,,0.0030412054198575814,0
bielemi01,Mike Bielecki,Pitcher,P,Free-agency,1984.0,1997.0,2002.0,4.0,Workhorse Starting Pitcher,0,0.0,22.0,0.1996358060187847,70.0,5.0,4.181965881397238,0.0,,0.0030412054198575814,0
mirabdo01,Doug Mirabelli,Hitter,C,Steroid,1996.0,2007.0,2012.0,3.0,Power Hitter 2,0,58.0,337.0,0.7242499167499168,,,,,,0.0030412054198575814,0
moranmi01,Mickey Morandini,Hitter,2B,Free-agency,1990.0,2000.0,2005.0,3.0,Power Hitter 2,0,32.0,1222.0,0.6967075955109661,,,,0.0,1.0,0.0030412054198575814,0
crowlte01,Terry Crowley,Hitter,PH,Expansion,1969.0,1983.0,1988.0,3.0,Power Hitter 2,0,42.0,379.0,0.7198977386758071,,,,,,0.0030412054198575814,0
anderma02,Marlon Anderson,Hitter,2B,Steroid,1998.0,2009.0,2014.0,3.0,Power Hitter 2,0,63.0,849.0,0.7045377919533284,,,,,,0.0030412054198575814,0
rawlesh01,Shane Rawley,Pitcher,P,Free-agency,1978.0,1989.0,1994.0,4.0,Workhorse Starting Pitcher,0,0.0,40.0,0.3278061370150855,111.0,40.0,4.020662629141432,2.0,1.0,0.0030412054198575814,0
roberda06,Dave Roberts,Hitter,3B,Expansion,1972.0,1982.0,1987.0,3.0,Power Hitter 2,0,49.0,483.0,0.6437705497718973,,,,,,0.0030412054198575814,0
venabma01,Max Venable,Hitter,OF,Free-agency,1979.0,1991.0,1996.0,3.0,Power Hitter 2,0,18.0,337.0,0.6469118461393012,,,,,,0.0030412054198575814,0
ashbyan01,Andy Ashby,Pitcher,P,Free-agency,1991.0,2004.0,2009.0,4.0,Workhorse Starting Pitcher,0,1.0,70.0,0.3249184796181207,98.0,1.0,4.120581737849779,,2.0,0.0030412054198575814,0
herrto01,Tom Herr,Hitter,2B,Free-agency,1979.0,1991.0,1996.0,3.0,Power Hitter 2,0,28.0,1450.0,0.6964828681390458,,,,2.0,1.0,0.0030412054198575814,0
ellisma01,Mark Ellis,Hitter,2B,Steroid,2002.0,2014.0,2019.0,3.0,Power Hitter 2,0,105.0,1343.0,0.7114086729671911,,,,1.0,,0.0030412054198575814,0
alomasa01,Sandy Alomar,Hitter,2B,Expansion,1964.0,1978.0,1983.0,3.0,Power Hitter 2,0,13.0,1168.0,0.5778147044771085,,,,,1.0,0.0030412054198575814,0
cedenro01,Roger Cedeno,Hitter,OF,Steroid,1995.0,2005.0,2010.0,3.0,Power Hitter 2,0,40.0,865.0,0.7101812255792845,,,,,,0.0030412054198575814,0
nelsoda01,Dave Nelson,Hitter,2B,Expansion,1968.0,1977.0,1982.0,3.0,Power Hitter 2,0,20.0,630.0,0.617528168884603,,,,0.0,1.0,0.0030412054198575814,0
ellisdo01,Dock Ellis,Pitcher,P,Expansion,1968.0,1979.0,1984.0,4.0,Workhorse Starting Pitcher,0,0.0,65.0,0.3193988681219384,138.0,1.0,3.455898480338399,1.0,1.0,0.0030412054198575814,0
arroybr01,Bronson Arroyo,Pitcher,P,Steroid,2000.0,2017.0,2022.0,4.0,Workhorse Starting Pitcher,0,6.0,81.0,0.331207013905441,148.0,1.0,4.278910633638977,2.0,1.0,0.0030412054198575814,0
castrra01,Ramon Castro,Hitter,C,Steroid,1999.0,2011.0,2016.0,3.0,Power Hitter 2,0,67.0,338.0,0.7339815429528638,,,,,,0.0030412054198575814,0
tollewa01,Wayne Tolleson,Hitter,SS,Free-agency,1981.0,1990.0,1995.0,3.0,Power Hitter 2,0,9.0,559.0,0.5998822405254092,,,,,,0.0030412054198575814,0
ohkato01,Tomo Ohka,Pitcher,P,Steroid,1999.0,2009.0,2014.0,4.0,Workhorse Starting Pitcher,0,0.0,33.0,0.3178333333333333,51.0,0.0,4.25607476635514,,,0.0030412054198575814,0
jacksda04,Damian Jackson,Hitter,2B,Steroid,1996.0,2006.0,2011.0,3.0,Power Hitter 2,0,32.0,536.0,0.6793035132069521,,,,,,0.0030412054198575814,0
rookeji01,Jim Rooker,Pitcher,P,Expansion,1968.0,1980.0,1985.0,4.0,Workhorse Starting Pitcher,0,7.0,122.0,0.5071489826147969,103.0,7.0,3.460136254833364,,,0.0030412054198575814,0
shumpte01,Terry Shumpert,Hitter,2B,Free-agency,1990.0,2003.0,2008.0,3.0,Power Hitter 2,0,49.0,497.0,0.7238300955036909,,,,,,0.0030412054198575814,0
booneaa01,Aaron Boone,Hitter,3B,Steroid,1997.0,2009.0,2014.0,3.0,Power Hitter 2,0,126.0,1017.0,0.751295118383726,,,,3.0,1.0,0.0030412054198575814,0
roberda07,Dave Roberts,Hitter,OF,Steroid,1999.0,2008.0,2013.0,3.0,Power Hitter 2,0,23.0,721.0,0.7084952668779108,,,,,,0.0030412054198575814,0
selmadi01,Dick Selma,Pitcher,P,Expansion,1965.0,1974.0,1979.0,1.0,Dominant Reliever / Closer,0,0.0,35.0,0.4119868637110017,42.0,31.0,3.621428571428571,,,0.0030412054198575814,0
sogarer01,Eric Sogard,Hitter,2B,Post-steroid,2010.0,2021.0,2026.0,3.0,Power Hitter 2,0,26.0,551.0,0.6509144114895088,0.0,0.0,6.230769230769231,,,0.0030412054198575814,0
wathajo01,John Wathan,Hitter,C,Free-agency,1976.0,1985.0,1990.0,3.0,Power Hitter 2,0,21.0,656.0,0.6605311307210141,,,,0.0,,0.0030412054198575814,0
amarari01,Rich Amaral,Hitter,OF,Free-agency,1991.0,2000.0,2005.0,3.0,Power Hitter 2,0,11.0,493.0,0.6949333854171929,,,,0.0,,0.0030412054198575814,0
roberbr01,Brian Roberts,Hitter,2B,Steroid,2001.0,2014.0,2019.0,3.0,Power Hitter 2,0,97.0,1527.0,0.7556495647556783,,,,4.0,2.0,0.0030412054198575814,0
hillko01,Koyie Hill,Hitter,C,Steroid,2003.0,2014.0,2019.0,3.0,Power Hitter 2,0,8.0,197.0,0.5532186086411603,,,,,,0.0030412054198575814,0
byrneer01,Eric Byrnes,Hitter,OF,Steroid,2000.0,2010.0,2015.0,3.0,Power Hitter 2,0,109.0,827.0,0.7588677802019861,,,,1.0,,0.0030412054198575814,0
dysonja01,Jarrod Dyson,Hitter,OF,Post-steroid,2010.0,2021.0,2026.0,3.0,Power Hitter 2,0,21.0,612.0,0.6453819572119639,,,,,,0.0030412054198575814,0
lakest01,Steve Lake,Hitter,C,Free-agency,1983.0,1993.0,1998.0,3.0,Power Hitter 2,0,18.0,267.0,0.5986904156064461,,,,,,0.0030412054198575814,0
willijo03,Josh Willingham,Hitter,OF,Steroid,2004.0,2014.0,2019.0,3.0,Power Hitter 2,0,195.0,988.0,0.823314689924491,,,,3.0,,0.0030412054198575814,0
anderbr02,Brian Anderson,Pitcher,P,Steroid,1993.0,2005.0,2010.0,4.0,Workhorse Starting Pitcher,0,1.0,35.0,0.3538109980834439,82.0,1.0,4.735617323852618,1.0,,0.0030412054198575814,0
collida02,Dave Collins,Hitter,OF,Expansion,1975.0,1990.0,1995.0,3.0,Power Hitter 2,0,32.0,1335.0,0.6889761168986956,,,,3.0,,0.0030412054198575814,0
montgbo01,Bob Montgomery,Hitter,C,Expansion,1970.0,1979.0,1984.0,3.0,Power Hitter 2,0,23.0,306.0,0.6685355465329194,,,,,,0.0030412054198575814,0
feldemi01,Mike Felder,Hitter,OF,Free-agency,1985.0,1994.0,1999.0,3.0,Power Hitter 2,0,14.0,564.0,0.6232599599309393,,,,2.0,,0.0030412054198575814,0
dilonmi01,Miguel Dilone,Hitter,OF,Expansion,1974.0,1985.0,1990.0,3.0,Power Hitter 2,0,6.0,530.0,0.6475557620817844,,,,0.0,,0.0030412054198575814,0
prattto02,Todd Pratt,Hitter,C,Free-agency,1992.0,2006.0,2011.0,3.0,Power Hitter 2,0,49.0,404.0,0.7413591138427422,,,,,,0.0030412054198575814,0
rossty01,Tyson Ross,Pitcher,P,Post-steroid,2010.0,2019.0,2024.0,4.0,Workhorse Starting Pitcher,0,2.0,38.0,0.4814873003404032,44.0,1.0,4.039056742815033,,1.0,0.0030412054198575814,0
falcope01,Pete Falcone,Pitcher,P,Expansion,1975.0,1984.0,1989.0,4.0,Workhorse Starting Pitcher,0,1.0,62.0,0.3397435897435897,70.0,7.0,4.069437993497446,,,0.0030412054198575814,0
eatonad01,Adam Eaton,Pitcher,P,Steroid,2000.0,2009.0,2014.0,4.0,Workhorse Starting Pitcher,0,3.0,66.0,0.5432843019049916,71.0,0.0,4.940328054298642,,,0.0030412054198575814,0
faheybi01,Bill Fahey,Hitter,C,Expansion,1971.0,1983.0,1988.0,3.0,Power Hitter 2,0,7.0,225.0,0.5914717468980226,,,,,,0.0030412054198575814,0
leonaje01,Jeffrey Leonard,Hitter,OF,Free-agency,1977.0,1990.0,1995.0,3.0,Power Hitter 2,0,144.0,1342.0,0.7226854070497926,,,,4.0,2.0,0.0030412054198575814,0
molinjo01,Jose Molina,Hitter,C,Steroid,1999.0,2014.0,2019.0,3.0,Power Hitter 2,0,39.0,592.0,0.6084361502459095,,,,,,0.0030412054198575814,0
kaplega01,Gabe Kapler,Hitter,OF,Steroid,1998.0,2010.0,2015.0,3.0,Power Hitter 2,0,82.0,799.0,0.749433696431163,,,,2.0,,0.0030412054198575814,0
younger03,Eric Young,Hitter,OF,Post-steroid,2009.0,2018.0,2023.0,3.0,Power Hitter 2,0,13.0,422.0,0.6431731502669717,,,,,,0.0030412054198575814,0
forsylo01,Logan Forsythe,Hitter,2B,Post-steroid,2011.0,2020.0,2025.0,3.0,Power Hitter 2,0,71.0,762.0,0.6948864873100866,0.0,0.0,9.0,1.0,,0.0030412054198575814,0
rominan01,Andrew Romine,Hitter,SS,Post-steroid,2010.0,2021.0,2026.0,3.0,Power Hitter 2,0,11.0,294.0,0.5874366520959231,0.0,0.0,12.15,,,0.0030412054198575814,0
powerte01,Ted Power,Pitcher,P,Free-agency,1981.0,1993.0,1998.0,1.0,Dominant Reliever / Closer,0,1.0,14.0,0.2761980588413709,68.0,70.0,3.9956896551724137,,,0.0030412054198575814,0
milleco01,Corky Miller,Hitter,C,Steroid,2001.0,2013.0,2018.0,3.0,Power Hitter 2,0,11.0,104.0,0.5827181936604429,,,,,,0.0030412054198575814,0
pennicl01,Cliff Pennington,Hitter,SS,Post-steroid,2008.0,2018.0,2023.0,3.0,Power Hitter 2,0,36.0,678.0,0.6480472288490129,0.0,0.0,9.0,,,0.0030412054198575814,0
hairssc01,Scott Hairston,Hitter,OF,Steroid,2004.0,2014.0,2019.0,3.0,Power Hitter 2,0,106.0,589.0,0.7380199157113696,,,,,,0.0030412054198575814,0
patteco01,Corey Patterson,Hitter,OF,Steroid,2000.0,2011.0,2016.0,3.0,Power Hitter 2,0,118.0,1050.0,0.6905319370381879,,,,,,0.0030412054198575814,0
thompmi02,Milt Thompson,Hitter,OF,Free-agency,1984.0,1996.0,2001.0,3.0,Power Hitter 2,0,47.0,1029.0,0.7076706875470808,,,,0.0,,0.0030412054198575814,0
wardga01,Gary Ward,Hitter,OF,Free-agency,1979.0,1990.0,1995.0,3.0,Power Hitter 2,0,130.0,1236.0,0.753098167284419,,,,5.0,2.0,0.0030412054198575814,0
cordewi01,Wil Cordero,Hitter,OF,Free-agency,1992.0,2005.0,2010.0,3.0,Power Hitter 2,0,122.0,1178.0,0.7575998884056208,,,,1.0,1.0,0.0030412054198575814,0
mclouna01,Nate McLouth,Hitter,OF,Post-steroid,2005.0,2014.0,2019.0,3.0,Power Hitter 2,0,101.0,803.0,0.7416886141436518,,,,1.0,1.0,0.0030412054198575814,0
barrji01,Jim Barr,Pitcher,P,Expansion,1971.0,1983.0,1988.0,4.0,Workhorse Starting Pitcher,0,1.0,83.0,0.3960479685768517,101.0,12.0,3.5558424790187213,,,0.0030412054198575814,0
thondi01,Dickie Thon,Hitter,SS,Free-agency,1979.0,1993.0,1998.0,3.0,Power Hitter 2,0,71.0,1176.0,0.6911362816550342,,,,2.0,1.0,0.0030412054198575814,0
renkost01,Steve Renko,Pitcher,P,Expansion,1969.0,1983.0,1988.0,4.0,Workhorse Starting Pitcher,0,6.0,114.0,0.5362523540489642,134.0,6.0,3.994787489975942,,,0.0030412054198575814,0
harriwi01,Willie Harris,Hitter,OF,Steroid,2001.0,2012.0,2017.0,3.0,Power Hitter 2,0,39.0,580.0,0.6730443783664044,,,,1.0,,0.0030412054198575814,0
galvifr01,Freddy Galvis,Hitter,SS,Post-steroid,2012.0,2021.0,2026.0,3.0,Power Hitter 2,0,109.0,966.0,0.6795451860709827,,,,,,0.0030412054198575814,0
stubbfr01,Franklin Stubbs,Hitter,1B,Free-agency,1984.0,1995.0,2000.0,3.0,Power Hitter 2,0,104.0,602.0,0.7068688623011279,,,,2.0,,0.0030412054198575814,0
bonifem01,Emilio Bonifacio,Hitter,OF,Post-steroid,2007.0,2020.0,2025.0,3.0,Power Hitter 2,0,13.0,669.0,0.6447613423368844,,,,1.0,,0.0030412054198575814,0
taverfr01,Frank Taveras,Hitter,SS,Expansion,1971.0,1982.0,1987.0,3.0,Power Hitter 2,0,2.0,1029.0,0.6139351692299471,,,,1.0,,0.0030412054198575814,0
schoupe01,Pete Schourek,Pitcher,P,Free-agency,1991.0,2001.0,2006.0,4.0,Workhorse Starting Pitcher,0,2.0,44.0,0.3929143129291299,66.0,2.0,4.590078328981723,1.0,,0.0030412054198575814,0
cottohe01,Henry Cotto,Hitter,OF,Free-agency,1984.0,1993.0,1998.0,3.0,Power Hitter 2,0,44.0,569.0,0.6693722376326969,,,,,,0.0030412054198575814,0
matthga02,Gary Matthews,Hitter,OF,Steroid,1999.0,2010.0,2015.0,3.0,Power Hitter 2,0,108.0,1056.0,0.7371985025895951,,,,0.0,1.0,0.0030412054198575814,0
barrema02,Marty Barrett,Hitter,2B,Free-agency,1982.0,1991.0,1996.0,3.0,Power Hitter 2,0,18.0,938.0,0.6844219117537144,,,,1.0,,0.0030412054198575814,0
husonje01,Jeff Huson,Hitter,SS,Free-agency,1988.0,2000.0,2005.0,3.0,Power Hitter 2,0,8.0,439.0,0.5988529759839303,,,,,,0.0030412054198575814,0
lugoju01,Julio Lugo,Hitter,SS,Steroid,2000.0,2011.0,2016.0,3.0,Power Hitter 2,0,80.0,1279.0,0.7163290280282391,,,,1.0,,0.0030412054198575814,0
huntebr02,Brian Hunter,Hitter,OF,Steroid,1994.0,2003.0,2008.0,3.0,Power Hitter 2,0,25.0,882.0,0.6596062421604462,,,,1.0,,0.0030412054198575814,0
bloomwi01,Willie Bloomquist,Hitter,OF,Steroid,2002.0,2015.0,2020.0,3.0,Power Hitter 2,0,18.0,778.0,0.6577258299818955,,,,,,0.0030412054198575814,0
brownem01,Emil Brown,Hitter,OF,Steroid,1997.0,2009.0,2014.0,3.0,Power Hitter 2,0,59.0,581.0,0.7207342662181684,,,,,,0.0030412054198575814,0
holtbr01,Brock Holt,Hitter,2B,Post-steroid,2012.0,2021.0,2026.0,3.0,Power Hitter 2,0,25.0,621.0,0.6938832989892196,0.0,0.0,7.714285714285715,0.0,1.0,0.0030412054198575814,0
pettiga01,Gary Pettis,Hitter,OF,Free-agency,1982.0,1992.0,1997.0,3.0,Power Hitter 2,0,21.0,855.0,0.6419778274880075,,,,5.0,,0.0030412054198575814,0
quirogu01,Guillermo Quiroz,Hitter,C,Steroid,2004.0,2014.0,2019.0,3.0,Power Hitter 2,0,3.0,69.0,0.5334566473988439,,,,,,0.0030412054198575814,0
maybica01,Cameron Maybin,Hitter,OF,Post-steroid,2007.0,2021.0,2026.0,3.0,Power Hitter 2,0,72.0,973.0,0.6968927889752463,,,,2.0,,0.0030412054198575814,0
hammaat01,Atlee Hammaker,Pitcher,P,Free-agency,1981.0,1995.0,2000.0,4.0,Workhorse Starting Pitcher,0,0.0,36.0,0.2727310337694575,59.0,5.0,3.662855377008652,1.0,1.0,0.0030412054198575814,0
goodwto01,Tom Goodwin,Hitter,OF,Free-agency,1991.0,2004.0,2009.0,3.0,Power Hitter 2,0,24.0,1029.0,0.6707367304593175,,,,0.0,,0.0030412054198575814,0
puntoni01,Nick Punto,Hitter,2B,Steroid,2001.0,2014.0,2019.0,3.0,Power Hitter 2,0,19.0,798.0,0.6461241108201528,,,,,,0.0030412054198575814,0
stynech01,Chris Stynes,Hitter,3B,Steroid,1995.0,2004.0,2009.0,3.0,Power Hitter 2,0,51.0,640.0,0.7339079122620673,,,,,,0.0030412054198575814,0
weeksri01,Rickie Weeks,Hitter,2B,Steroid,2003.0,2017.0,2022.0,3.0,Power Hitter 2,0,161.0,1087.0,0.7636876850353401,,,,0.0,1.0,0.0030412054198575814,0
bannial01,Alan Bannister,Hitter,OF,Expansion,1974.0,1985.0,1990.0,3.0,Power Hitter 2,0,19.0,811.0,0.6889704462043655,,,,,,0.0030412054198575814,0
kipnija01,Jason Kipnis,Hitter,2B,Post-steroid,2011.0,2020.0,2025.0,3.0,Power Hitter 2,0,126.0,1147.0,0.7496130988037939,,,,5.0,2.0,0.0030412054198575814,0
saundjo01,Joe Saunders,Pitcher,P,Post-steroid,2005.0,2014.0,2019.0,4.0,Workhorse Starting Pitcher,0,0.0,17.0,0.3109953703703704,89.0,0.0,4.372417107160019,,1.0,0.0030412054198575814,0
winnra01,Randy Winn,Hitter,OF,Steroid,1998.0,2010.0,2015.0,3.0,Power Hitter 2,0,110.0,1759.0,0.7589161222057564,,,,2.0,1.0,0.0030412054198575814,0
bartlja01,Jason Bartlett,Hitter,SS,Steroid,2004.0,2014.0,2019.0,3.0,Power Hitter 2,0,31.0,849.0,0.7019420566698503,,,,0.0,1.0,0.0030412054198575814,0
choosh01,Shin-Soo Choo,Hitter,OF,Post-steroid,2005.0,2020.0,2025.0,0.0,Power Hitter,0,218.0,1671.0,0.8237041375867284,,,,4.0,1.0,0.0030412054198575814,0
sizemgr01,Grady Sizemore,Hitter,OF,Steroid,2004.0,2015.0,2020.0,3.0,Power Hitter 2,0,150.0,1098.0,0.8061643834215564,,,,3.0,3.0,0.0030412054198575814,0
cruzju01,Julio Cruz,Hitter,2B,Free-agency,1977.0,1986.0,1991.0,3.0,Power Hitter 2,0,23.0,916.0,0.6199107444044902,,,,0.0,,0.0030412054198575814,0
redusga01,Gary Redus,Hitter,OF,Free-agency,1982.0,1994.0,1999.0,3.0,Power Hitter 2,0,90.0,886.0,0.7518347586911905,,,,1.0,,0.0030412054198575814,0
marquja01,Jason Marquis,Pitcher,P,Steroid,2000.0,2015.0,2020.0,4.0,Workhorse Starting Pitcher,0,5.0,130.0,0.4910757324341315,124.0,1.0,4.608975444538527,1.0,1.0,0.0030412054198575814,0
branyru01,Russell Branyan,Hitter,3B,Steroid,1998.0,2011.0,2016.0,3.0,Power Hitter 2,0,194.0,682.0,0.8135243275855906,,,,,,0.0030412054198575814,0
marreel01,Eli Marrero,Hitter,C,Steroid,1997.0,2006.0,2011.0,3.0,Power Hitter 2,0,66.0,463.0,0.7144635635793091,,,,,,0.0030412054198575814,0
martial03,Al Martin,Hitter,OF,Free-agency,1992.0,2003.0,2008.0,3.0,Power Hitter 2,0,132.0,1172.0,0.7828019188850339,,,,0.0,,0.0030412054198575814,0
gutiefr01,Franklin Gutierrez,Hitter,OF,Post-steroid,2005.0,2017.0,2022.0,3.0,Power Hitter 2,0,97.0,778.0,0.719119544870853,,,,1.0,,0.0030412054198575814,0
perezhe01,Hernan Perez,Hitter,3B,Post-steroid,2012.0,2021.0,2026.0,3.0,Power Hitter 2,0,45.0,436.0,0.6619514237594248,0.0,0.0,5.785714285714286,,,0.0030412054198575814,0
castiwe01,Welington Castillo,Hitter,C,Post-steroid,2010.0,2019.0,2024.0,3.0,Power Hitter 2,0,98.0,626.0,0.7384945011468615,,,,,,0.0030412054198575814,0
grosske01,Kevin Gross,Pitcher,P,Free-agency,1983.0,1997.0,2002.0,4.0,Workhorse Starting Pitcher,0,6.0,106.0,0.4202741702741702,142.0,5.0,4.113493233284203,1.0,1.0,0.0030412054198575814,0
bakerje03,Jeff Baker,Hitter,PH,Post-steroid,2005.0,2015.0,2020.0,3.0,Power Hitter 2,0,54.0,474.0,0.7495121691948562,,,,1.0,,0.0030412054198575814,0
chrisla01,Larry Christenson,Pitcher,P,Expansion,1973.0,1983.0,1988.0,4.0,Workhorse Starting Pitcher,0,11.0,64.0,0.4616691882033533,83.0,4.0,3.7920627376425857,2.0,,0.0030412054198575814,0
friseda01,Danny Frisella,Pitcher,P,Expansion,1967.0,1976.0,1981.0,1.0,Dominant Reliever / Closer,0,0.0,14.0,0.4118198874296435,34.0,57.0,3.323304157549234,,,0.0030412054198575814,0
hayesvo01,Von Hayes,Hitter,OF,Free-agency,1981.0,1992.0,1997.0,3.0,Power Hitter 2,0,143.0,1402.0,0.7703224757641317,,,,6.0,1.0,0.0030412054198575814,0
nomohi01,Hideo Nomo,Pitcher,P,Steroid,1995.0,2008.0,2013.0,4.0,Workhorse Starting Pitcher,0,4.0,65.0,0.3480652025700886,123.0,0.0,4.244223309158373,8.0,1.0,0.0030364670911261055,0
hamptmi01,Mike Hampton,Pitcher,P,Steroid,1993.0,2010.0,2015.0,4.0,Workhorse Starting Pitcher,0,16.0,178.0,0.6499797160243408,148.0,1.0,4.062894930198383,10.0,2.0,0.0030364670911261055,0
linceti01,Tim Lincecum,Pitcher,P,Post-steroid,2007.0,2016.0,2021.0,4.0,Workhorse Starting Pitcher,0,0.0,53.0,0.2996153622972155,110.0,1.0,3.740190249702735,13.0,4.0,0.0030364670911261055,0
arrieja01,Jake Arrieta,Pitcher,P,Post-steroid,2010.0,2021.0,2026.0,4.0,Workhorse Starting Pitcher,0,6.0,63.0,0.4491923526092718,115.0,0.0,3.9799462476741785,12.0,1.0,0.0030364670911261055,0
davisma01,Mark Davis,Pitcher,P,Free-agency,1980.0,1997.0,2002.0,1.0,Dominant Reliever / Closer,0,1.0,26.0,0.4338066723695466,51.0,96.0,4.165938864628821,7.0,2.0,0.0030364670911261055,0
hentgpa01,Pat Hentgen,Pitcher,P,Free-agency,1991.0,2004.0,2009.0,4.0,Workhorse Starting Pitcher,0,0.0,9.0,0.2548701298701298,131.0,1.0,4.319306135560552,7.0,3.0,0.0030364670911261055,0
guzmaju01,Juan Guzman,Pitcher,P,Free-agency,1991.0,2000.0,2005.0,4.0,Workhorse Starting Pitcher,0,0.0,4.0,0.2605042016806722,91.0,0.0,4.077303370786517,2.0,1.0,0.0030364670911261055,0
turlebo01,Bob Turley,Pitcher,P,Integration,1951.0,1963.0,1968.0,4.0,Workhorse Starting Pitcher,0,4.0,69.0,0.3430343586254041,101.0,12.0,3.6416893732970026,5.0,3.0,0.003035233110220764,0
hickmji02,Jim Hickman,Hitter,OF,Expansion,1962.0,1974.0,1979.0,3.0,Power Hitter 2,0,159.0,1002.0,0.7603572891198556,0.0,0.0,4.5,1.0,1.0,0.0030305126653773756,0
hoagmy01,Myril Hoag,Hitter,OF,Live-ball/pre-integration,1931.0,1945.0,1950.0,3.0,Power Hitter 2,0,28.0,854.0,0.6916016957418367,0.0,0.0,0.0,0.0,1.0,0.0030305126653773756,0
rothrja01,Jack Rothrock,Hitter,OF,Live-ball/pre-integration,1925.0,1937.0,1942.0,3.0,Power Hitter 2,0,28.0,924.0,0.7064009637176634,0.0,0.0,0.0,0.0,,0.0030305126653773756,0
krameja01,Jack Kramer,Pitcher,P,Live-ball/pre-integration,1939.0,1951.0,1956.0,4.0,Workhorse Starting Pitcher,0,5.0,72.0,0.4553902575471893,95.0,7.0,4.243485342019544,0.0,2.0,0.003029002685980687,0
siebeso01,Sonny Siebert,Pitcher,P,Expansion,1964.0,1975.0,1980.0,4.0,Workhorse Starting Pitcher,0,12.0,114.0,0.4740447957839262,140.0,16.0,3.20771375464684,0.0,2.0,0.003029002685980687,0
nuxhajo01,Joe Nuxhall,Pitcher,P,Live-ball/pre-integration,1944.0,1966.0,1971.0,4.0,Workhorse Starting Pitcher,0,15.0,152.0,0.5320370003894106,135.0,19.0,3.9006948465547193,,2.0,0.003029002685980687,0
ramospe01,Pedro Ramos,Pitcher,P,Integration,1955.0,1970.0,1975.0,4.0,Workhorse Starting Pitcher,0,15.0,109.0,0.4228399939900914,117.0,55.0,4.080373567284562,,1.0,0.003029002685980687,0
harshja01,Jack Harshman,Pitcher,P,Integration,1948.0,1960.0,1965.0,3.0,Power Hitter 2,0,21.0,76.0,0.6379904162923031,69.0,7.0,3.5019954389965795,0.0,,0.003029002685980687,0
cardwdo01,Don Cardwell,Pitcher,P,Integration,1957.0,1970.0,1975.0,4.0,Workhorse Starting Pitcher,0,15.0,94.0,0.3870974055459001,102.0,7.0,3.917713567839196,,,0.003029002685980687,0
schulfr02,Fred Schulte,Hitter,OF,Live-ball/pre-integration,1927.0,1937.0,1942.0,3.0,Power Hitter 2,0,47.0,1241.0,0.7702568419965778,,,,0.0,,0.0030143858010877175,0
boydbo01,Bob Boyd,Hitter,1B,Integration,1951.0,1961.0,1966.0,3.0,Power Hitter 2,0,21.0,620.0,0.7501420860601735,,,,0.0,0.0,0.0030143858010877175,0
sullibi04,Billy Sullivan,Hitter,C,Live-ball/pre-integration,1931.0,1947.0,1952.0,3.0,Power Hitter 2,0,29.0,820.0,0.7419123443345287,,,,0.0,,0.0030143858010877175,0
haleod01,Odell Hale,Hitter,2B,Live-ball/pre-integration,1931.0,1941.0,1946.0,3.0,Power Hitter 2,0,73.0,1071.0,0.7926996394328668,,,,,,0.0030143858010877175,0
muelldo01,Don Mueller,Hitter,OF,Integration,1948.0,1959.0,1964.0,3.0,Power Hitter 2,0,65.0,1292.0,0.7120043209250635,,,,0.0,2.0,0.0030143858010877175,0
garmsde01,Debs Garms,Hitter,OF,Live-ball/pre-integration,1932.0,1945.0,1950.0,3.0,Power Hitter 2,0,17.0,910.0,0.7347897438504001,,,,0.0,,0.0030143858010877175,0
baumhfr01,Frank Baumholtz,Hitter,OF,Integration,1947.0,1957.0,1962.0,3.0,Power Hitter 2,0,25.0,1010.0,0.730414585893447,,,,0.0,,0.0030143858010877175,0
dropowa01,Walt Dropo,Hitter,1B,Integration,1949.0,1961.0,1966.0,3.0,Power Hitter 2,0,152.0,1113.0,0.7574901869560839,,,,3.0,1.0,0.0030011779182522198,0
cervbo01,Bob Cerv,Hitter,OF,Integration,1951.0,1962.0,1967.0,3.0,Power Hitter 2,0,105.0,624.0,0.8206013627929679,,,,0.0,1.0,0.0030011779182522198,0
mccormi03,Mike McCormick,Pitcher,P,Integration,1956.0,1971.0,1976.0,4.0,Workhorse Starting Pitcher,0,7.0,115.0,0.4022316243570599,134.0,12.0,3.728049292816132,4.0,4.0,0.0030011779182522198,0
hansero02,Ron Hansen,Hitter,SS,Integration,1958.0,1972.0,1977.0,3.0,Power Hitter 2,0,106.0,1007.0,0.6718247952682586,,,,2.0,2.0,0.0030011779182522198,0
jayjo01,Joey Jay,Pitcher,P,Integration,1953.0,1966.0,1971.0,4.0,Workhorse Starting Pitcher,0,2.0,55.0,0.3045294395408812,99.0,7.0,3.7715024789825393,1.0,2.0,0.0030011779182522198,0
jonessa02,Sam Jones,Pitcher,P,Integration,1951.0,1964.0,1969.0,4.0,Workhorse Starting Pitcher,0,1.0,81.0,0.3491100856954515,103.0,9.0,3.633785942492013,2.0,2.0,0.0030011779182522198,0
rhemfl01,Flint Rhem,Pitcher,P,Live-ball/pre-integration,1924.0,1936.0,1941.0,4.0,Workhorse Starting Pitcher,0,3.0,88.0,0.3405107187894073,105.0,10.0,4.199188562596599,0.0,,0.0030011779182522198,0
brantje01,Jeff Brantley,Pitcher,P,Free-agency,1988.0,2001.0,2006.0,1.0,Dominant Reliever / Closer,0,0.0,8.0,0.2752100840336134,43.0,172.0,3.393328161365399,1.0,1.0,0.0029999086463201935,0
eischjo01,Joey Eischen,Pitcher,P,Steroid,1994.0,2006.0,2011.0,1.0,Dominant Reliever / Closer,0,0.0,5.0,0.4211822660098522,11.0,3.0,3.674915635545557,,,0.0029999086463201935,0
tekulke01,Kent Tekulve,Pitcher,P,Expansion,1974.0,1989.0,1994.0,1.0,Dominant Reliever / Closer,0,0.0,10.0,0.2086288800676775,94.0,184.0,2.850348027842227,2.0,1.0,0.0029999086463201935,0
bradfch01,Chad Bradford,Pitcher,P,Steroid,1998.0,2009.0,2014.0,3.0,Power Hitter 2,0,0.0,0.0,,36.0,11.0,3.263736263736264,,,0.0029999086463201935,0
worreti01,Tim Worrell,Pitcher,P,Steroid,1993.0,2006.0,2011.0,1.0,Dominant Reliever / Closer,0,0.0,8.0,0.2522875816993464,48.0,71.0,3.9654228004108183,,,0.0029999086463201935,0
armasto02,Tony Armas,Pitcher,P,Steroid,1999.0,2008.0,2013.0,4.0,Workhorse Starting Pitcher,0,0.0,26.0,0.2222344161545215,53.0,0.0,4.647461289160965,,,0.0029999086463201935,0
lagrole01,Lerrin LaGrow,Pitcher,P,Expansion,1970.0,1980.0,1985.0,1.0,Dominant Reliever / Closer,0,0.0,2.0,0.3076923076923077,34.0,54.0,4.112965340179717,,,0.0029999086463201935,0
duffyda01,Danny Duffy,Pitcher,P,Post-steroid,2011.0,2021.0,2026.0,4.0,Workhorse Starting Pitcher,0,0.0,3.0,0.2727272727272727,68.0,1.0,3.945976684674439,,,0.0029999086463201935,0
niedeto01,Tom Niedenfuer,Pitcher,P,Free-agency,1981.0,1990.0,1995.0,1.0,Dominant Reliever / Closer,0,0.0,3.0,0.2635327635327635,36.0,97.0,3.294027565084227,,,0.0029999086463201935,0
marteda01,Damaso Marte,Pitcher,P,Steroid,1999.0,2010.0,2015.0,1.0,Dominant Reliever / Closer,0,0.0,0.0,0.0,23.0,36.0,3.4844473858371936,,,0.0029999086463201935,0
peacobr01,Brad Peacock,Pitcher,P,Post-steroid,2011.0,2021.0,2026.0,1.0,Dominant Reliever / Closer,0,0.0,2.0,0.3431372549019608,34.0,3.0,4.114285714285714,,,0.0029999086463201935,0
breslcr01,Craig Breslow,Pitcher,P,Post-steroid,2005.0,2017.0,2022.0,1.0,Dominant Reliever / Closer,0,0.0,0.0,0.0,23.0,8.0,3.453855140186916,,,0.0029999086463201935,0
eyresc01,Scott Eyre,Pitcher,P,Steroid,1997.0,2009.0,2014.0,1.0,Dominant Reliever / Closer,0,0.0,2.0,0.3681318681318681,28.0,4.0,4.22741273100616,0.0,,0.0029999086463201935,0
eichhma01,Mark Eichhorn,Pitcher,P,Free-agency,1982.0,1996.0,2001.0,1.0,Dominant Reliever / Closer,0,0.0,0.0,0.0,48.0,32.0,2.9977418140760252,1.0,,0.0029999086463201935,0
shawje01,Jeff Shaw,Pitcher,P,Free-agency,1990.0,2001.0,2006.0,1.0,Dominant Reliever / Closer,0,0.0,3.0,0.2456140350877192,34.0,203.0,3.544811320754717,3.0,2.0,0.0029999086463201935,0
sandeke01,Ken Sanders,Pitcher,P,Expansion,1964.0,1976.0,1981.0,1.0,Dominant Reliever / Closer,0,0.0,6.0,0.3357235984354628,29.0,86.0,2.974111675126904,1.0,,0.0029999086463201935,0
murphro01,Rob Murphy,Pitcher,P,Free-agency,1985.0,1995.0,2000.0,1.0,Dominant Reliever / Closer,0,0.0,3.0,0.5,32.0,30.0,3.638502673796791,,,0.0029999086463201935,0
escobke01,Kelvim Escobar,Pitcher,P,Steroid,1997.0,2009.0,2014.0,1.0,Dominant Reliever / Closer,0,0.0,3.0,0.2222222222222222,101.0,59.0,4.150630391506304,1.0,,0.0029999086463201935,0
howelja01,Jay Howell,Pitcher,P,Free-agency,1980.0,1994.0,1999.0,1.0,Dominant Reliever / Closer,0,0.0,0.0,0.1,58.0,155.0,3.335043409629045,2.0,3.0,0.0029999086463201935,0
veresda01,Dave Veres,Pitcher,P,Steroid,1994.0,2003.0,2008.0,1.0,Dominant Reliever / Closer,0,0.0,7.0,0.582010582010582,36.0,95.0,3.436599423631124,,,0.0029999086463201935,0
boevejo01,Joe Boever,Pitcher,P,Free-agency,1985.0,1996.0,2001.0,1.0,Dominant Reliever / Closer,0,0.0,2.0,0.2352941176470588,34.0,49.0,3.925320371188688,,,0.0029999086463201935,0
shielsc01,Scot Shields,Pitcher,P,Steroid,2001.0,2010.0,2015.0,1.0,Dominant Reliever / Closer,0,0.0,0.0,0.0,46.0,21.0,3.176470588235294,,,0.0029999086463201935,0
murrada01,Dale Murray,Pitcher,P,Expansion,1974.0,1985.0,1990.0,1.0,Dominant Reliever / Closer,0,0.0,5.0,0.2197802197802197,53.0,60.0,3.8500184706316953,,,0.0029999086463201935,0
youngch03,Chris Young,Pitcher,P,Steroid,2004.0,2017.0,2022.0,4.0,Workhorse Starting Pitcher,0,1.0,31.0,0.3946793726424459,79.0,1.0,3.953249422039558,1.0,1.0,0.0029999086463201935,0
hillejo01,John Hiller,Pitcher,P,Expansion,1965.0,1980.0,1985.0,1.0,Dominant Reliever / Closer,0,0.0,11.0,0.2534272658035034,87.0,125.0,2.8333333333333335,3.0,1.0,0.0029999086463201935,0
hammoch01,Chris Hammond,Pitcher,P,Free-agency,1990.0,2006.0,2011.0,3.0,Power Hitter 2,0,4.0,48.0,0.5745601611431089,66.0,3.0,4.140907742509641,2.0,,0.0029999086463201935,0
macdomi01,Mike MacDougal,Pitcher,P,Steroid,2001.0,2012.0,2017.0,1.0,Dominant Reliever / Closer,0,0.0,0.0,,18.0,71.0,3.99746192893401,,1.0,0.0029999086463201935,0
guerrma02,Matt Guerrier,Pitcher,P,Steroid,2004.0,2014.0,2019.0,1.0,Dominant Reliever / Closer,0,0.0,0.0,0.25,27.0,6.0,3.524879614767255,,,0.0029999086463201935,0
nelsoje01,Jeff Nelson,Pitcher,P,Free-agency,1992.0,2006.0,2011.0,1.0,Dominant Reliever / Closer,0,0.0,0.0,0.0,48.0,33.0,3.4065420560747666,,1.0,0.0029999086463201935,0
howeljp01,J. P. Howell,Pitcher,P,Post-steroid,2005.0,2017.0,2022.0,1.0,Dominant Reliever / Closer,0,0.0,2.0,0.3076923076923077,36.0,22.0,3.834319526627219,,,0.0029999086463201935,0
sippto01,Tony Sipp,Pitcher,P,Post-steroid,2009.0,2019.0,2024.0,1.0,Dominant Reliever / Closer,0,0.0,0.0,0.0,26.0,7.0,3.71674387822634,,,0.0029999086463201935,0
quantpa01,Paul Quantrill,Pitcher,P,Free-agency,1992.0,2005.0,2010.0,1.0,Dominant Reliever / Closer,0,0.0,7.0,0.2594071894050872,68.0,21.0,3.8274488983275816,,1.0,0.0029999086463201935,0
reynosh01,Shane Reynolds,Pitcher,P,Free-agency,1992.0,2004.0,2009.0,4.0,Workhorse Starting Pitcher,0,5.0,77.0,0.3611571968587954,114.0,0.0,4.088930232558139,0.0,1.0,0.0029999086463201935,0
farmeed01,Ed Farmer,Pitcher,P,Expansion,1971.0,1983.0,1988.0,1.0,Dominant Reliever / Closer,0,0.0,4.0,0.18927304964539,30.0,75.0,4.298076923076923,,1.0,0.0029999086463201935,0
hugheja02,Jared Hughes,Pitcher,P,Post-steroid,2011.0,2020.0,2025.0,1.0,Dominant Reliever / Closer,0,0.0,0.0,0.0,30.0,12.0,2.9593596059113296,,,0.0029999086463201935,0
knowlda01,Darold Knowles,Pitcher,P,Expansion,1965.0,1980.0,1985.0,1.0,Dominant Reliever / Closer,0,0.0,15.0,0.3198235294117647,66.0,143.0,3.1153846153846154,,1.0,0.0029999086463201935,0
henrydo01,Doug Henry,Pitcher,P,Free-agency,1991.0,2001.0,2006.0,1.0,Dominant Reliever / Closer,0,0.0,1.0,0.1176470588235294,34.0,82.0,4.191286930395593,0.0,,0.0029999086463201935,0
bedrost01,Steve Bedrosian,Pitcher,P,Free-agency,1981.0,1995.0,2000.0,1.0,Dominant Reliever / Closer,0,0.0,15.0,0.2134238310708899,76.0,184.0,3.3778337531486144,7.0,1.0,0.0029999086463201935,0
balfogr01,Grant Balfour,Pitcher,P,Steroid,2001.0,2015.0,2020.0,1.0,Dominant Reliever / Closer,0,0.0,0.0,0.0,30.0,84.0,3.485484867201977,,1.0,0.0029999086463201935,0
rojasme01,Mel Rojas,Pitcher,P,Free-agency,1990.0,1999.0,2004.0,1.0,Dominant Reliever / Closer,0,0.0,7.0,0.2542372881355932,34.0,126.0,3.818590704647676,,,0.0029999086463201935,0
leffecr01,Craig Lefferts,Pitcher,P,Free-agency,1983.0,1994.0,1999.0,1.0,Dominant Reliever / Closer,0,1.0,16.0,0.2869104579630895,58.0,101.0,3.425080011638056,,,0.0029999086463201935,0
carrocl02,Clay Carroll,Pitcher,P,Expansion,1964.0,1978.0,1983.0,1.0,Dominant Reliever / Closer,0,1.0,27.0,0.3023703041144902,96.0,143.0,2.939408866995074,1.0,2.0,0.0029999086463201935,0
thornma01,Matt Thornton,Pitcher,P,Steroid,2004.0,2016.0,2021.0,1.0,Dominant Reliever / Closer,0,0.0,0.0,0.0,36.0,23.0,3.408953722334004,,1.0,0.0029999086463201935,0
remlimi01,Mike Remlinger,Pitcher,P,Free-agency,1991.0,2006.0,2011.0,1.0,Dominant Reliever / Closer,0,0.0,8.0,0.235593220338983,53.0,20.0,3.901023890784983,,1.0,0.0029999086463201935,0
plunker01,Eric Plunk,Pitcher,P,Free-agency,1986.0,1999.0,2004.0,1.0,Dominant Reliever / Closer,0,0.0,0.0,0.3333333333333333,72.0,35.0,3.8158123370981754,,,0.0029999086463201935,0
montgje01,Jeff Montgomery,Pitcher,P,Free-agency,1987.0,1999.0,2004.0,1.0,Dominant Reliever / Closer,0,0.0,0.0,0.0,46.0,304.0,3.273983115886416,3.0,3.0,0.0029999086463201935,0
riskeda01,David Riske,Pitcher,P,Steroid,1999.0,2010.0,2015.0,1.0,Dominant Reliever / Closer,0,0.0,0.0,0.0,20.0,22.0,3.67113194909578,,,0.0029999086463201935,0
ryanbj01,B. J. Ryan,Pitcher,P,Steroid,1999.0,2009.0,2014.0,1.0,Dominant Reliever / Closer,0,0.0,0.0,0.0,21.0,117.0,3.370807453416149,1.0,2.0,0.0029999086463201935,0
bellhe01,Heath Bell,Pitcher,P,Steroid,2004.0,2014.0,2019.0,1.0,Dominant Reliever / Closer,0,0.0,0.0,0.0,38.0,168.0,3.4931071049840936,4.0,3.0,0.0029999086463201935,0
lockwsk01,Skip Lockwood,Pitcher,P,Expansion,1965.0,1980.0,1985.0,1.0,Dominant Reliever / Closer,0,3.0,40.0,0.4173692855187517,57.0,68.0,3.5533980582524274,,,0.0029999086463201935,0
reedst01,Steve Reed,Pitcher,P,Free-agency,1992.0,2005.0,2010.0,1.0,Dominant Reliever / Closer,0,0.0,4.0,0.3138461538461539,49.0,18.0,3.6282542113323126,,,0.0029999086463201935,0
mecirji01,Jim Mecir,Pitcher,P,Steroid,1995.0,2005.0,2010.0,1.0,Dominant Reliever / Closer,0,0.0,0.0,0.0,29.0,12.0,3.774193548387097,,,0.0029999086463201935,0
castrbi01,Bill Castro,Pitcher,P,Expansion,1974.0,1983.0,1988.0,3.0,Power Hitter 2,0,0.0,0.0,,31.0,45.0,3.327638804148871,,,0.0029999086463201935,0
rincori01,Ricardo Rincon,Pitcher,P,Steroid,1997.0,2008.0,2013.0,1.0,Dominant Reliever / Closer,0,0.0,0.0,0.0,21.0,21.0,3.59053343350864,,,0.0029999086463201935,0
lloydgr01,Graeme Lloyd,Pitcher,P,Steroid,1993.0,2003.0,2008.0,1.0,Dominant Reliever / Closer,0,0.0,0.0,0.1428571428571428,30.0,17.0,4.0356472795497185,,,0.0029999086463201935,0
russeje01,Jeff Russell,Pitcher,P,Free-agency,1983.0,1996.0,2001.0,1.0,Dominant Reliever / Closer,0,1.0,11.0,0.4034251675353686,56.0,186.0,3.748408608669294,2.0,2.0,0.0029999086463201935,0
affelje01,Jeremy Affeldt,Pitcher,P,Steroid,2002.0,2015.0,2020.0,1.0,Dominant Reliever / Closer,0,0.0,3.0,0.4396284829721362,43.0,28.0,3.9654427645788335,1.0,,0.0029999086463201935,0
linzyfr01,Frank Linzy,Pitcher,P,Expansion,1963.0,1974.0,1979.0,1.0,Dominant Reliever / Closer,0,1.0,18.0,0.3660826446280991,62.0,111.0,2.8542857142857145,1.0,,0.0029999086463201935,0
fuentbr01,Brian Fuentes,Pitcher,P,Steroid,2001.0,2012.0,2017.0,1.0,Dominant Reliever / Closer,0,0.0,0.0,0.0,26.0,204.0,3.62445652173913,,4.0,0.0029999086463201935,0
karsast01,Steve Karsay,Pitcher,P,Steroid,1993.0,2006.0,2011.0,1.0,Dominant Reliever / Closer,0,0.0,0.0,0.0,32.0,41.0,4.012707182320442,,,0.0029999086463201935,0
mingost01,Steve Mingori,Pitcher,P,Expansion,1970.0,1979.0,1984.0,1.0,Dominant Reliever / Closer,0,0.0,2.0,0.3333333333333333,18.0,42.0,3.0324971493728623,,,0.0029999086463201935,0
broxtjo01,Jonathan Broxton,Pitcher,P,Post-steroid,2005.0,2017.0,2022.0,1.0,Dominant Reliever / Closer,0,0.0,0.0,0.2857142857142857,43.0,118.0,3.408284023668639,,2.0,0.0029999086463201935,0
rijojo01,Jose Rijo,Pitcher,P,Free-agency,1984.0,2002.0,2007.0,4.0,Workhorse Starting Pitcher,0,2.0,85.0,0.4390058784135724,116.0,3.0,3.2361702127659573,5.0,1.0,0.0029999086463201935,0
solomed01,Eddie Solomon,Pitcher,P,Expansion,1973.0,1982.0,1987.0,1.0,Dominant Reliever / Closer,0,0.0,39.0,0.4001010101010101,36.0,4.0,3.998607242339833,,,0.0029999086463201935,0
perezpa01,Pascual Perez,Pitcher,P,Free-agency,1980.0,1991.0,1996.0,4.0,Workhorse Starting Pitcher,0,0.0,41.0,0.3217255467435712,67.0,0.0,3.435574604875435,2.0,1.0,0.0029999086463201935,0
pomerdr01,Drew Pomeranz,Pitcher,P,Post-steroid,2011.0,2021.0,2026.0,1.0,Dominant Reliever / Closer,0,2.0,12.0,0.3691635455680399,50.0,10.0,3.816079295154185,,1.0,0.0029999086463201935,0
romerjc01,J. C. Romero,Pitcher,P,Steroid,1999.0,2012.0,2017.0,3.0,Power Hitter 2,0,0.0,1.0,0.75,34.0,7.0,4.164314516129032,,,0.0029999086463201935,0
jonesto02,Todd Jones,Pitcher,P,Steroid,1993.0,2008.0,2013.0,1.0,Dominant Reliever / Closer,0,0.0,4.0,0.513157894736842,58.0,319.0,3.971082089552239,3.0,1.0,0.0029999086463201935,0
aasedo01,Don Aase,Pitcher,P,Free-agency,1977.0,1990.0,1995.0,1.0,Dominant Reliever / Closer,0,0.0,0.0,0.0,66.0,82.0,3.796875,2.0,1.0,0.0029999086463201935,0
downssc01,Scott Downs,Pitcher,P,Steroid,2000.0,2014.0,2019.0,1.0,Dominant Reliever / Closer,0,0.0,3.0,0.1916666666666666,38.0,27.0,3.5576752440106474,,,0.0029999086463201935,0
leagubr01,Brandon League,Pitcher,P,Steroid,2004.0,2014.0,2019.0,1.0,Dominant Reliever / Closer,0,0.0,0.0,0.3333333333333333,27.0,74.0,3.654135338345865,,1.0,0.0029999086463201935,0
frasoja01,Jason Frasor,Pitcher,P,Steroid,2004.0,2015.0,2020.0,3.0,Power Hitter 2,0,0.0,0.0,,35.0,36.0,3.493298969072165,,,0.0029999086463201935,0
farrst01,Steve Farr,Pitcher,P,Free-agency,1984.0,1994.0,1999.0,1.0,Dominant Reliever / Closer,0,0.0,0.0,,48.0,132.0,3.253538212697129,,,0.0029999086463201935,0
lavelga01,Gary Lavelle,Pitcher,P,Expansion,1974.0,1987.0,1992.0,1.0,Dominant Reliever / Closer,0,0.0,9.0,0.2043622569938359,80.0,136.0,2.928110599078341,,2.0,0.0029999086463201935,0
feldmsc01,Scott Feldman,Pitcher,P,Post-steroid,2005.0,2017.0,2022.0,4.0,Workhorse Starting Pitcher,0,1.0,11.0,0.2947368421052632,78.0,0.0,4.427506612166385,,,0.0029999086463201935,0
mcdowro01,Roger McDowell,Pitcher,P,Free-agency,1985.0,1996.0,2001.0,1.0,Dominant Reliever / Closer,0,0.0,16.0,0.5737179487179487,70.0,159.0,3.3,0.0,,0.0029999086463201935,0
carrahe01,Hector Carrasco,Pitcher,P,Steroid,1994.0,2007.0,2012.0,1.0,Dominant Reliever / Closer,0,0.0,1.0,0.0769230769230769,44.0,19.0,4.0008009611533835,0.0,,0.0029999086463201935,0
lawva01,Vance Law,Hitter,3B,Free-agency,1980.0,1991.0,1996.0,3.0,Power Hitter 2,0,71.0,972.0,0.7025573156808433,0.0,0.0,3.375,,1.0,0.0029999086463201935,0
mcgafan01,Andy McGaffigan,Pitcher,P,Free-agency,1981.0,1991.0,1996.0,1.0,Dominant Reliever / Closer,0,0.0,6.0,0.1623376623376623,38.0,24.0,3.3804000000000003,,,0.0029999086463201935,0
staufti01,Tim Stauffer,Pitcher,P,Post-steroid,2005.0,2015.0,2020.0,1.0,Dominant Reliever / Closer,0,0.0,21.0,0.3495107632093933,33.0,0.0,3.973698936765529,,,0.0029999086463201935,0
wickmbo01,Bob Wickman,Pitcher,P,Free-agency,1992.0,2007.0,2012.0,1.0,Dominant Reliever / Closer,0,0.0,0.0,0.0,63.0,267.0,3.5694050991501416,0.0,2.0,0.0029999086463201935,0
cashda01,Dave Cash,Hitter,2B,Expansion,1969.0,1980.0,1985.0,3.0,Power Hitter 2,0,21.0,1571.0,0.6921172871161516,,,,2.0,3.0,0.002991196865441117,0
zobribe01,Ben Zobrist,Hitter,2B,Post-steroid,2006.0,2019.0,2024.0,0.0,Power Hitter,0,167.0,1566.0,0.7825316910905331,0.0,0.0,0.0,4.0,3.0,0.0029877687825113947,0
blausje01,Jeff Blauser,Hitter,SS,Free-agency,1987.0,1999.0,2004.0,3.0,Power Hitter 2,0,122.0,1187.0,0.7596432206305539,,,,4.0,2.0,0.0029877687825113947,0
ethiean01,Andre Ethier,Hitter,OF,Post-steroid,2006.0,2017.0,2022.0,3.0,Power Hitter 2,0,162.0,1367.0,0.821938756686958,,,,6.0,2.0,0.0029877687825113947,0
willige02,Gerald Williams,Hitter,OF,Free-agency,1992.0,2005.0,2010.0,3.0,Power Hitter 2,0,85.0,780.0,0.710970695003132,,,,,,0.0029877687825113947,0
swishni01,Nick Swisher,Hitter,OF,Steroid,2004.0,2015.0,2020.0,3.0,Power Hitter 2,0,245.0,1338.0,0.7986142611713081,0.0,0.0,0.0,1.0,1.0,0.0029877687825113947,0
uribeju01,Juan Uribe,Hitter,SS,Steroid,2001.0,2016.0,2021.0,0.0,Power Hitter,0,199.0,1568.0,0.7187514365722427,,,,,,0.0029877687825113947,0
hatchbi01,Billy Hatcher,Hitter,OF,Free-agency,1984.0,1995.0,2000.0,3.0,Power Hitter 2,0,54.0,1146.0,0.6760851619658305,,,,2.0,,0.0029877687825113947,0
pearcst01,Steve Pearce,Hitter,OF,Post-steroid,2007.0,2019.0,2024.0,3.0,Power Hitter 2,0,91.0,572.0,0.7721349714060124,,,,2.0,,0.0029877687825113947,0
murphda07,David Murphy,Hitter,OF,Post-steroid,2006.0,2015.0,2020.0,3.0,Power Hitter 2,0,104.0,950.0,0.7647705188561811,0.0,0.0,0.0,1.0,,0.0029877687825113947,0
brosisc01,Scott Brosius,Hitter,3B,Free-agency,1991.0,2001.0,2006.0,3.0,Power Hitter 2,0,141.0,1001.0,0.744476803552929,,,,6.0,1.0,0.0029877687825113947,0
backmwa01,Wally Backman,Hitter,2B,Free-agency,1980.0,1993.0,1998.0,3.0,Power Hitter 2,0,10.0,893.0,0.6873012580639699,,,,,,0.0029877687825113947,0
bellda01,David Bell,Hitter,3B,Steroid,1995.0,2006.0,2011.0,3.0,Power Hitter 2,0,123.0,1239.0,0.7159127928656204,,,,,,0.0029877687825113947,0
gladdda01,Dan Gladden,Hitter,OF,Free-agency,1983.0,1993.0,1998.0,3.0,Power Hitter 2,0,74.0,1215.0,0.7065826518954808,0.0,0.0,4.5,3.0,,0.0029877687825113947,0
tolanbo01,Bobby Tolan,Hitter,OF,Expansion,1965.0,1979.0,1984.0,3.0,Power Hitter 2,0,86.0,1121.0,0.6961688245070481,,,,3.0,,0.0029877687825113947,0
jonescl01,Cleon Jones,Hitter,OF,Expansion,1963.0,1976.0,1981.0,3.0,Power Hitter 2,0,93.0,1196.0,0.7436957541637345,,,,1.0,1.0,0.0029877687825113947,0
aurilri01,Rich Aurilia,Hitter,SS,Steroid,1995.0,2009.0,2014.0,3.0,Power Hitter 2,0,186.0,1576.0,0.7617362319556482,,,,4.0,1.0,0.0029877687825113947,0
lewisda01,Darren Lewis,Hitter,OF,Free-agency,1990.0,2002.0,2007.0,3.0,Power Hitter 2,0,27.0,1021.0,0.6451802655208085,,,,1.0,,0.0029877687825113947,0
freesda01,David Freese,Hitter,3B,Post-steroid,2009.0,2019.0,2024.0,3.0,Power Hitter 2,0,113.0,1041.0,0.7746060947690292,,,,6.0,1.0,0.0029877687825113947,0
milbola01,Larry Milbourne,Hitter,2B,Expansion,1974.0,1984.0,1989.0,3.0,Power Hitter 2,0,11.0,623.0,0.6093519018782407,,,,,,0.0029877687825113947,0
scutama01,Marco Scutaro,Hitter,SS,Steroid,2002.0,2014.0,2019.0,3.0,Power Hitter 2,0,77.0,1355.0,0.7291822830456149,,,,1.0,1.0,0.0029877687825113947,0
yeagest01,Steve Yeager,Hitter,C,Expansion,1972.0,1986.0,1991.0,3.0,Power Hitter 2,0,102.0,816.0,0.652574617827538,,,,1.0,,0.0029877687825113947,0
valenjo02,John Valentin,Hitter,SS,Free-agency,1992.0,2002.0,2007.0,3.0,Power Hitter 2,0,124.0,1093.0,0.8139824828886546,,,,3.0,,0.0029877687825113947,0
corajo01,Joey Cora,Hitter,2B,Free-agency,1987.0,1998.0,2003.0,3.0,Power Hitter 2,0,30.0,1035.0,0.7168362366757681,,,,1.0,1.0,0.0029877687825113947,0
rowanaa01,Aaron Rowand,Hitter,OF,Steroid,2001.0,2011.0,2016.0,3.0,Power Hitter 2,0,136.0,1193.0,0.7654290415326979,,,,2.0,1.0,0.0029877687825113947,0
adamsma01,Matt Adams,Hitter,1B,Post-steroid,2012.0,2021.0,2026.0,3.0,Power Hitter 2,0,118.0,624.0,0.7690456844867042,,,,,,0.0029877687825113947,0
ingebr01,Brandon Inge,Hitter,3B,Steroid,2001.0,2013.0,2018.0,3.0,Power Hitter 2,0,152.0,1166.0,0.6850935829068414,,,,1.0,1.0,0.0029877687825113947,0
hendeda01,Dave Henderson,Hitter,OF,Free-agency,1981.0,1994.0,1999.0,3.0,Power Hitter 2,0,197.0,1324.0,0.7557502806149343,,,,3.0,1.0,0.0029877687825113947,0
infanom01,Omar Infante,Hitter,2B,Steroid,2002.0,2016.0,2021.0,3.0,Power Hitter 2,0,82.0,1427.0,0.6951403271744909,,,,1.0,1.0,0.0029877687825113947,0
lemkema01,Mark Lemke,Hitter,2B,Free-agency,1988.0,1998.0,2003.0,3.0,Power Hitter 2,0,32.0,795.0,0.6406350181571052,,,,,,0.0029877687825113947,0
jordabr01,Brian Jordan,Hitter,OF,Free-agency,1992.0,2006.0,2011.0,0.0,Power Hitter,0,184.0,1454.0,0.7881192348051578,,,,5.0,1.0,0.0029877687825113947,0
vinafe01,Fernando Vina,Hitter,2B,Steroid,1993.0,2004.0,2009.0,3.0,Power Hitter 2,0,40.0,1196.0,0.7277269139383837,,,,2.0,1.0,0.0029877687825113947,0
roberbo01,Bob Robertson,Hitter,1B,Expansion,1967.0,1979.0,1984.0,3.0,Power Hitter 2,0,115.0,578.0,0.7656475126906659,,,,0.0,,0.0029877687825113947,0
riverju01,Juan Rivera,Hitter,OF,Steroid,2001.0,2012.0,2017.0,3.0,Power Hitter 2,0,132.0,950.0,0.765812163819809,,,,,,0.0029877687825113947,0
lockhke01,Keith Lockhart,Hitter,2B,Steroid,1994.0,2003.0,2008.0,3.0,Power Hitter 2,0,44.0,591.0,0.7044680538231928,,,,,,0.0029877687825113947,0
whitero01,Roy White,Hitter,OF,Expansion,1965.0,1979.0,1984.0,0.0,Power Hitter,0,160.0,1803.0,0.7638218822244364,,,,3.0,2.0,0.0029877687825113947,0
blakeca01,Casey Blake,Hitter,3B,Steroid,1999.0,2011.0,2016.0,3.0,Power Hitter 2,0,167.0,1186.0,0.7778509741969457,,,,2.0,,0.0029877687825113947,0
counscr01,Craig Counsell,Hitter,2B,Steroid,1995.0,2011.0,2016.0,3.0,Power Hitter 2,0,42.0,1208.0,0.6858071113772781,,,,1.0,,0.0029877687825113947,0
nixontr01,Trot Nixon,Hitter,OF,Steroid,1996.0,2008.0,2013.0,3.0,Power Hitter 2,0,137.0,995.0,0.8279751427193862,,,,1.0,,0.0029877687825113947,0
johnsch04,Charles Johnson,Hitter,C,Steroid,1994.0,2005.0,2010.0,3.0,Power Hitter 2,0,167.0,940.0,0.7624882609714101,,,,4.0,2.0,0.0029877687825113947,0
molinbe01,Bengie Molina,Hitter,C,Steroid,1998.0,2010.0,2015.0,3.0,Power Hitter 2,0,144.0,1317.0,0.7177587338486726,,,,4.0,,0.0029877687825113947,0
snowjt01,J. T. Snow,Hitter,1B,Free-agency,1992.0,2008.0,2013.0,0.0,Power Hitter,0,189.0,1509.0,0.7840262346365766,,,,10.0,,0.0029877687825113947,0
sheame01,Merv Shea,Hitter,C,Live-ball/pre-integration,1927.0,1944.0,1949.0,3.0,Power Hitter 2,0,5.0,263.0,0.603128826632792,,,,,,0.002974272619082594,0
dipinfr01,Frank DiPino,Pitcher,P,Free-agency,1981.0,1993.0,1998.0,1.0,Dominant Reliever / Closer,0,0.0,9.0,0.2897640791476408,35.0,56.0,3.8314285714285714,0.0,,0.002972273811712439,0
johnsja02,Jason Johnson,Pitcher,P,Steroid,1997.0,2008.0,2013.0,4.0,Workhorse Starting Pitcher,0,1.0,3.0,0.3345588235294118,56.0,0.0,4.994104642593958,1.0,,0.002972273811712439,0
micelda01,Dan Miceli,Pitcher,P,Steroid,1993.0,2006.0,2011.0,1.0,Dominant Reliever / Closer,0,0.0,2.0,0.1818181818181818,43.0,39.0,4.482873453853473,,,0.002972273811712439,0
hollade01,Derek Holland,Pitcher,P,Post-steroid,2009.0,2021.0,2026.0,4.0,Workhorse Starting Pitcher,0,0.0,6.0,0.2016449234259784,82.0,0.0,4.6227830832196455,,,0.002972273811712439,0
hammeja01,Jason Hammel,Pitcher,P,Post-steroid,2006.0,2018.0,2023.0,4.0,Workhorse Starting Pitcher,0,1.0,52.0,0.3507531712473573,96.0,4.0,4.61848646658074,,,0.002972273811712439,0
nagych01,Charles Nagy,Pitcher,P,Free-agency,1990.0,2003.0,2008.0,4.0,Workhorse Starting Pitcher,0,0.0,2.0,0.2105263157894736,129.0,0.0,4.512278308321965,2.0,3.0,0.002972273811712439,0
swiftbi01,Bill Swift,Pitcher,P,Live-ball/pre-integration,1932.0,1943.0,1948.0,4.0,Workhorse Starting Pitcher,0,3.0,134.0,0.5510683122656845,95.0,20.0,3.5776511296560143,,,0.00296504308428621,0
bentoal01,Al Benton,Pitcher,P,Live-ball/pre-integration,1934.0,1952.0,1957.0,1.0,Dominant Reliever / Closer,0,0.0,50.0,0.2228665865384615,98.0,66.0,3.6568608094768016,0.0,2.0,0.00296504308428621,0
robined01,Eddie Robinson,Hitter,1B,Live-ball/pre-integration,1942.0,1957.0,1962.0,3.0,Power Hitter 2,0,172.0,1146.0,0.7929518743333559,,,,0.0,4.0,0.0029217524925893405,0
stuardi01,Dick Stuart,Hitter,1B,Integration,1958.0,1969.0,1974.0,3.0,Power Hitter 2,0,228.0,1055.0,0.8056396899464822,,,,1.0,2.0,0.0029217524925893405,0
burroje01,Jeff Burroughs,Hitter,OF,Expansion,1970.0,1985.0,1990.0,0.0,Power Hitter,0,240.0,1443.0,0.7946460322336175,,,,7.0,2.0,0.002913360616500807,0
wilsopr01,Preston Wilson,Hitter,OF,Steroid,1998.0,2007.0,2012.0,3.0,Power Hitter 2,0,189.0,1055.0,0.7969926978147116,,,,3.0,1.0,0.002913360616500807,0
groveor01,Orval Grove,Pitcher,P,Live-ball/pre-integration,1940.0,1949.0,1954.0,4.0,Workhorse Starting Pitcher,0,1.0,48.0,0.3596511451739334,63.0,4.0,3.778470254957506,,1.0,0.0029120907994310253,0
tsitojo01,John Tsitouris,Pitcher,P,Integration,1957.0,1968.0,1973.0,1.0,Dominant Reliever / Closer,0,0.0,22.0,0.2613087395696091,34.0,3.0,4.126696832579186,,,0.0029120907994310253,0
craigro01,Roger Craig,Pitcher,P,Integration,1955.0,1966.0,1971.0,4.0,Workhorse Starting Pitcher,0,0.0,38.0,0.2348158598158598,74.0,19.0,3.825341722716424,0.0,,0.0029120907994310253,0
stangle01,Lee Stange,Pitcher,P,Expansion,1961.0,1970.0,1975.0,1.0,Dominant Reliever / Closer,0,0.0,24.0,0.2479677951304685,62.0,21.0,3.560032894736842,,,0.0029120907994310253,0
laryfr01,Frank Lary,Pitcher,P,Integration,1954.0,1965.0,1970.0,4.0,Workhorse Starting Pitcher,0,6.0,130.0,0.4534045900165735,128.0,11.0,3.4878988746724224,2.0,3.0,0.0029120907994310253,0
hogsech01,Elon Hogsett,Pitcher,P,Live-ball/pre-integration,1929.0,1944.0,1949.0,3.0,Power Hitter 2,0,6.0,91.0,0.5701036552100383,63.0,33.0,5.02291325695581,,,0.0029120907994310253,0
heintke01,Ken Heintzelman,Pitcher,P,Live-ball/pre-integration,1937.0,1952.0,1957.0,4.0,Workhorse Starting Pitcher,0,0.0,56.0,0.3074675324675324,77.0,10.0,3.931631520532741,0.0,,0.0029120907994310253,0
woodeha01,Hal Woodeshick,Pitcher,P,Integration,1956.0,1967.0,1972.0,1.0,Dominant Reliever / Closer,0,0.0,16.0,0.2390054972513743,44.0,61.0,3.558221872541306,,1.0,0.0029120907994310253,0
vangiel01,Elam Vangilder,Pitcher,P,Dead-ball,1919.0,1929.0,1934.0,3.0,Power Hitter 2,0,8.0,146.0,0.6204120193085952,99.0,19.0,4.275306003497183,,,0.0029120907994310253,0
buhlbo01,Bob Buhl,Pitcher,P,Integration,1953.0,1967.0,1972.0,4.0,Workhorse Starting Pitcher,0,0.0,76.0,0.2200474272593819,166.0,6.0,3.5450328565906455,0.0,2.0,0.0029120907994310253,0
buzhajo01,John Buzhardt,Pitcher,P,Integration,1958.0,1968.0,1973.0,4.0,Workhorse Starting Pitcher,0,0.0,60.0,0.326831267782225,71.0,7.0,3.664803220035778,,,0.0029120907994310253,0
jonesgo01,Gordon Jones,Pitcher,P,Integration,1954.0,1965.0,1970.0,1.0,Dominant Reliever / Closer,0,0.0,8.0,0.2771855010660981,15.0,12.0,4.159330985915493,,,0.0029120907994310253,0
grissma01,Marv Grissom,Pitcher,P,Live-ball/pre-integration,1946.0,1959.0,1964.0,1.0,Dominant Reliever / Closer,0,0.0,23.0,0.3203463203463204,47.0,58.0,3.411111111111111,0.0,1.0,0.0029120907994310253,0
giustda01,Dave Giusti,Pitcher,P,Expansion,1962.0,1977.0,1982.0,1.0,Dominant Reliever / Closer,0,4.0,77.0,0.4851598173515982,100.0,145.0,3.6017475728155337,1.0,1.0,0.0029120907994310253,0
shouncl01,Clyde Shoun,Pitcher,P,Live-ball/pre-integration,1935.0,1949.0,1954.0,1.0,Dominant Reliever / Closer,0,0.0,73.0,0.44820068687472,73.0,29.0,3.909090909090909,0.0,,0.0029120907994310253,0
ryanro01,Rosy Ryan,Pitcher,P,Dead-ball,1919.0,1933.0,1938.0,3.0,Power Hitter 2,0,1.0,51.0,0.4804782316789753,52.0,19.0,4.137343927355278,,,0.0029120907994310253,0
clarkwa02,Watson Clark,Pitcher,P,Live-ball/pre-integration,1924.0,1937.0,1942.0,4.0,Workhorse Starting Pitcher,0,1.0,117.0,0.466814898048964,111.0,16.0,3.662151850438763,1.0,,0.0029120907994310253,0
washbra01,Ray Washburn,Pitcher,P,Expansion,1961.0,1970.0,1975.0,4.0,Workhorse Starting Pitcher,0,1.0,38.0,0.2945209914739001,72.0,5.0,3.5340314136125652,,,0.0029120907994310253,0
worthal01,Al Worthington,Pitcher,P,Integration,1953.0,1969.0,1974.0,1.0,Dominant Reliever / Closer,0,1.0,35.0,0.3412645957259308,75.0,110.0,3.385828877005348,,,0.0029120907994310253,0
allisbo01,Bob Allison,Hitter,OF,Integration,1958.0,1970.0,1975.0,0.0,Power Hitter,0,256.0,1281.0,0.8290541619119318,,,,2.0,3.0,0.0029062506615910666,0
wagnele01,Leon Wagner,Hitter,OF,Integration,1958.0,1969.0,1974.0,3.0,Power Hitter 2,0,211.0,1202.0,0.7954141749406016,,,,2.0,3.0,0.0029062506615910666,0
cabreme01,Melky Cabrera,Hitter,OF,Post-steroid,2005.0,2019.0,2024.0,0.0,Power Hitter,0,144.0,1962.0,0.7509718692420195,,,,2.0,1.0,0.0028846645086166747,0
boddimi01,Mike Boddicker,Pitcher,P,Free-agency,1980.0,1993.0,1998.0,4.0,Workhorse Starting Pitcher,0,0.0,0.0,,134.0,3.0,3.8014440433213,7.0,1.0,0.0028843120749836907,0
drabedo01,Doug Drabek,Pitcher,P,Free-agency,1986.0,1998.0,2003.0,4.0,Workhorse Starting Pitcher,0,2.0,119.0,0.3994262825821801,155.0,0.0,3.7349112426035505,10.0,1.0,0.0028843120749836907,0
lonboji01,Jim Lonborg,Pitcher,P,Expansion,1965.0,1979.0,1984.0,4.0,Workhorse Starting Pitcher,0,3.0,105.0,0.3658586559071995,157.0,4.0,3.856621128094143,3.0,1.0,0.0028843120749836907,0
russeal01,Allen Russell,Pitcher,P,Dead-ball,1915.0,1925.0,1930.0,1.0,Dominant Reliever / Closer,0,0.0,65.0,0.4100392818538926,71.0,42.0,3.5178101840784124,,,0.002881998273198766,0
stewale01,Lefty Stewart,Pitcher,P,Live-ball/pre-integration,1921.0,1935.0,1940.0,4.0,Workhorse Starting Pitcher,0,0.0,115.0,0.5412158644849951,101.0,8.0,4.191637630662021,0.0,,0.002881998273198766,0
cartecl01,Cliff Carter,Pitcher,P,Live-ball/pre-integration,1923.0,1934.0,1939.0,3.0,Power Hitter 2,0,0.0,54.0,0.6445376016260163,31.0,0.0,4.79064587973274,,,0.002881998273198766,0
pottene01,Nels Potter,Pitcher,P,Live-ball/pre-integration,1936.0,1949.0,1954.0,4.0,Workhorse Starting Pitcher,0,0.0,128.0,0.5286958902153085,92.0,22.0,3.99288256227758,0.0,,0.002881998273198766,0
tiantlu02,Luis Tiant,Pitcher,P,Live-ball/pre-integration,1930.0,1947.0,1952.0,4.0,Workhorse Starting Pitcher,0,0.0,18.0,0.2709273182957393,37.0,4.0,3.5728380731282643,,0.0,0.002881998273198766,0
smithch02,Charlie Smith,Pitcher,P,Dead-ball,1902.0,1914.0,1919.0,4.0,Workhorse Starting Pitcher,0,1.0,67.0,0.3515251665772778,66.0,3.0,2.8147233201581026,,,0.002881998273198766,0
perripo01,Pol Perritt,Pitcher,P,Dead-ball,1912.0,1921.0,1926.0,4.0,Workhorse Starting Pitcher,0,0.0,72.0,0.3486713244568422,92.0,8.0,2.890451349512361,,,0.002881998273198766,0
oeschjo01,Joe Oeschger,Pitcher,P,Dead-ball,1914.0,1925.0,1930.0,4.0,Workhorse Starting Pitcher,0,0.0,99.0,0.3792238545125019,82.0,8.0,3.811881188118812,,,0.002881998273198766,0
castege01,George Caster,Pitcher,P,Live-ball/pre-integration,1934.0,1946.0,1951.0,1.0,Dominant Reliever / Closer,0,0.0,81.0,0.4315012873836403,76.0,39.0,4.540285506895717,,,0.002881998273198766,0
raganpa01,Pat Ragan,Pitcher,P,Dead-ball,1909.0,1923.0,1928.0,4.0,Workhorse Starting Pitcher,0,1.0,84.0,0.3679096638655462,77.0,6.0,2.9881865284974096,,,0.002881998273198766,0
sothoal01,Allen Sothoron,Pitcher,P,Dead-ball,1914.0,1926.0,1931.0,4.0,Workhorse Starting Pitcher,0,0.0,113.0,0.4914421284528046,91.0,9.0,3.310301242890246,,,0.002881998273198766,0
carlsha01,Hal Carlson,Pitcher,P,Dead-ball,1917.0,1930.0,1935.0,4.0,Workhorse Starting Pitcher,0,5.0,159.0,0.5315763831795621,114.0,19.0,3.9695304695304694,1.0,,0.002881998273198766,0
evansbo01,Bob Evans,Pitcher,P,Live-ball/pre-integration,1932.0,1943.0,1948.0,1.0,Dominant Reliever / Closer,0,0.0,25.0,0.2796638655462184,24.0,5.0,6.0,,,0.002881998273198766,0
tovarce01,Cesar Tovar,Hitter,OF,Expansion,1965.0,1976.0,1981.0,3.0,Power Hitter 2,0,46.0,1546.0,0.7029243457569249,0.0,0.0,0.0,0.0,,0.002879825667040031,0
nunezab01,Abraham Nunez,Hitter,PH,Steroid,1997.0,2008.0,2013.0,3.0,Power Hitter 2,0,18.0,601.0,0.6271585658189858,0.0,0.0,0.0,,,0.002879825667040031,0
wilsogl01,Glenn Wilson,Hitter,OF,Free-agency,1982.0,1993.0,1998.0,3.0,Power Hitter 2,0,98.0,1098.0,0.7038912149556744,0.0,0.0,0.0,0.0,1.0,0.002879825667040031,0
rodrise01,Sean Rodriguez,Hitter,2B,Post-steroid,2008.0,2020.0,2025.0,3.0,Power Hitter 2,0,81.0,580.0,0.6805427877408792,0.0,0.0,0.0,1.0,,0.002879825667040031,0
hallbi03,Bill Hall,Hitter,3B,Steroid,2002.0,2012.0,2017.0,3.0,Power Hitter 2,0,125.0,827.0,0.743847131093049,0.0,0.0,0.0,,,0.002879825667040031,0
cangejo01,John Cangelosi,Hitter,OF,Free-agency,1985.0,1999.0,2004.0,3.0,Power Hitter 2,0,12.0,501.0,0.6897316478154801,0.0,0.0,0.0,,,0.002879825667040031,0
espinal01,Alvaro Espinoza,Hitter,SS,Free-agency,1984.0,1997.0,2002.0,3.0,Power Hitter 2,0,22.0,630.0,0.6097041435631234,0.0,0.0,0.0,,,0.002879825667040031,0
aybarer01,Erick Aybar,Hitter,SS,Post-steroid,2006.0,2017.0,2022.0,3.0,Power Hitter 2,0,58.0,1402.0,0.6850643266609053,0.0,0.0,0.0,2.0,1.0,0.002879825667040031,0
avilaal01,Alex Avila,Hitter,C,Post-steroid,2009.0,2021.0,2026.0,3.0,Power Hitter 2,0,105.0,714.0,0.7404807084123972,0.0,0.0,2.25,1.0,1.0,0.002879825667040031,0
gonzare01,Rene Gonzales,Hitter,3B,Free-agency,1984.0,1997.0,2002.0,3.0,Power Hitter 2,0,19.0,368.0,0.6342557237874462,0.0,0.0,0.0,,,0.002879825667040031,0
kellesh01,Shawn Kelley,Pitcher,P,Post-steroid,2009.0,2019.0,2024.0,1.0,Dominant Reliever / Closer,0,0.0,0.0,0.0,32.0,26.0,3.796269727403156,,,0.002879825667040031,0
carroja01,Jamey Carroll,Hitter,2B,Steroid,2002.0,2013.0,2018.0,3.0,Power Hitter 2,0,13.0,1000.0,0.6869819610123389,0.0,0.0,0.0,,,0.002879825667040031,0
aldremi01,Mike Aldrete,Hitter,OF,Free-agency,1986.0,1996.0,2001.0,3.0,Power Hitter 2,0,41.0,565.0,0.7331482269008849,0.0,0.0,0.0,,,0.002879825667040031,0
perezto03,Tomas Perez,Hitter,2B,Steroid,1995.0,2008.0,2013.0,3.0,Power Hitter 2,0,24.0,455.0,0.6326221587042331,0.0,0.0,0.0,,,0.002879825667040031,0
russejo02,John Russell,Hitter,C,Free-agency,1984.0,1993.0,1998.0,3.0,Power Hitter 2,0,34.0,245.0,0.6529692645487104,0.0,0.0,0.0,,,0.002879825667040031,0
squirmi01,Mike Squires,Hitter,1B,Expansion,1975.0,1985.0,1990.0,3.0,Power Hitter 2,0,6.0,411.0,0.6389858868034337,0.0,0.0,0.0,1.0,,0.002879825667040031,0
francte01,Terry Francona,Hitter,1B,Free-agency,1981.0,1990.0,1995.0,3.0,Power Hitter 2,0,16.0,474.0,0.6516285833954577,0.0,0.0,0.0,,,0.002879825667040031,0
walbema01,Matt Walbeck,Hitter,C,Steroid,1993.0,2003.0,2008.0,3.0,Power Hitter 2,0,28.0,492.0,0.5955447945739207,,,,,,0.0028783905519863115,0
leema02,Manuel Lee,Hitter,SS,Free-agency,1985.0,1995.0,2000.0,3.0,Power Hitter 2,0,19.0,686.0,0.6288819233348029,,,,,,0.0028783905519863115,0
clonito01,Tony Cloninger,Pitcher,P,Expansion,1961.0,1972.0,1977.0,4.0,Workhorse Starting Pitcher,0,11.0,119.0,0.4820199434106991,113.0,6.0,4.068074674712427,0.0,,0.0028783905519863115,0
herrmed01,Ed Herrmann,Hitter,C,Expansion,1967.0,1978.0,1983.0,3.0,Power Hitter 2,0,80.0,654.0,0.6742294092549188,,,,,1.0,0.0028783905519863115,0
footeba01,Barry Foote,Hitter,C,Expansion,1973.0,1982.0,1987.0,3.0,Power Hitter 2,0,57.0,489.0,0.6454166948959417,,,,1.0,,0.0028783905519863115,0
loopebr01,Braden Looper,Pitcher,P,Steroid,1998.0,2009.0,2014.0,1.0,Dominant Reliever / Closer,0,0.0,40.0,0.5169477648599967,72.0,103.0,4.1479591836734695,,,0.0028783905519863115,0
robindo01,Don Robinson,Pitcher,P,Free-agency,1978.0,1992.0,1997.0,4.0,Workhorse Starting Pitcher,0,13.0,146.0,0.5819431915152993,109.0,57.0,3.786893617021277,6.0,,0.0028783905519863115,0
jacksda03,Darrin Jackson,Hitter,OF,Free-agency,1985.0,1999.0,2004.0,3.0,Power Hitter 2,0,80.0,676.0,0.6964902190737098,0.0,0.0,9.0,,,0.0028783905519863115,0
fordybr01,Brook Fordyce,Hitter,C,Steroid,1995.0,2004.0,2009.0,3.0,Power Hitter 2,0,41.0,467.0,0.6965335534107948,,,,,,0.0028783905519863115,0
nadyxa01,Xavier Nady,Hitter,OF,Steroid,2000.0,2014.0,2019.0,3.0,Power Hitter 2,0,104.0,797.0,0.754615254350615,,,,3.0,,0.0028783905519863115,0
fletcda01,Darrin Fletcher,Hitter,C,Free-agency,1989.0,2002.0,2007.0,3.0,Power Hitter 2,0,124.0,1048.0,0.7404546219107624,,,,,1.0,0.0028783905519863115,0
walketo04,Todd Walker,Hitter,2B,Steroid,1996.0,2007.0,2012.0,3.0,Power Hitter 2,0,107.0,1316.0,0.7830268136998333,,,,1.0,,0.0028644983792041508,0
hamilda02,Darryl Hamilton,Hitter,OF,Free-agency,1988.0,2001.0,2006.0,3.0,Power Hitter 2,0,51.0,1333.0,0.7455068894944505,,,,,,0.0028644983792041508,0
seguida01,David Segui,Hitter,1B,Free-agency,1990.0,2004.0,2009.0,3.0,Power Hitter 2,0,139.0,1412.0,0.8016578005190886,,,,2.0,,0.0028644983792041508,0
colbrgr01,Greg Colbrunn,Hitter,1B,Free-agency,1992.0,2004.0,2009.0,3.0,Power Hitter 2,0,98.0,801.0,0.798514600097822,,,,,,0.0028644983792041508,0
easlemi01,Mike Easler,Hitter,OF,Expansion,1973.0,1987.0,1992.0,3.0,Power Hitter 2,0,118.0,1078.0,0.8036450800406567,,,,1.0,1.0,0.0028644983792041508,0
catalfr01,Frank Catalanotto,Hitter,OF,Steroid,1997.0,2010.0,2015.0,3.0,Power Hitter 2,0,84.0,1113.0,0.8015130592569422,,,,2.0,,0.0028644983792041508,0
mumphje01,Jerry Mumphrey,Hitter,OF,Expansion,1974.0,1988.0,1993.0,3.0,Power Hitter 2,0,70.0,1442.0,0.745158377638774,,,,0.0,1.0,0.0028644983792041508,0
loretma01,Mark Loretta,Hitter,2B,Steroid,1995.0,2009.0,2014.0,3.0,Power Hitter 2,0,76.0,1713.0,0.7544360854185794,0.0,0.0,0.0,3.0,2.0,0.0028644983792041508,0
caseyse01,Sean Casey,Hitter,1B,Steroid,1997.0,2008.0,2013.0,3.0,Power Hitter 2,0,130.0,1531.0,0.8142542534924537,,,,2.0,3.0,0.0028644983792041508,0
vidrojo01,Jose Vidro,Hitter,2B,Steroid,1997.0,2008.0,2013.0,3.0,Power Hitter 2,0,128.0,1524.0,0.8040382903503529,,,,1.0,3.0,0.0028644983792041508,0
morriha02,Hal Morris,Hitter,1B,Free-agency,1988.0,2000.0,2005.0,3.0,Power Hitter 2,0,76.0,1216.0,0.7942585109089086,,,,4.0,,0.0028644983792041508,0
harpebr01,Brian Harper,Hitter,C,Free-agency,1979.0,1995.0,2000.0,3.0,Power Hitter 2,0,63.0,931.0,0.747600480172276,,,,1.0,,0.0028644983792041508,0
diazma02,Matt Diaz,Hitter,OF,Steroid,2003.0,2013.0,2018.0,3.0,Power Hitter 2,0,45.0,546.0,0.7670966869760031,,,,,,0.0028644983792041508,0
sanguma01,Manny Sanguillen,Hitter,C,Expansion,1967.0,1980.0,1985.0,3.0,Power Hitter 2,0,65.0,1500.0,0.7240996398027686,,,,2.0,3.0,0.0028644983792041508,0
baergca01,Carlos Baerga,Hitter,2B,Free-agency,1990.0,2005.0,2010.0,3.0,Power Hitter 2,0,134.0,1583.0,0.7542471935286481,,,,6.0,3.0,0.0028644983792041508,0
sanchfr01,Freddy Sanchez,Hitter,2B,Steroid,2002.0,2011.0,2016.0,3.0,Power Hitter 2,0,48.0,1012.0,0.7482429737063171,,,,0.0,3.0,0.0028644983792041508,0
boonera01,Ray Boone,Hitter,3B,Integration,1948.0,1960.0,1965.0,3.0,Power Hitter 2,0,151.0,1260.0,0.7894486169035295,,,,0.0,2.0,0.002860160845072717,0
gullibi01,Bill Gullickson,Pitcher,P,Free-agency,1979.0,1994.0,1999.0,4.0,Workhorse Starting Pitcher,0,3.0,81.0,0.3529240988480119,162.0,0.0,3.93046875,4.0,,0.0028519453669071165,0
lopezro01,Rodrigo Lopez,Pitcher,P,Steroid,2000.0,2012.0,2017.0,4.0,Workhorse Starting Pitcher,0,0.0,9.0,0.148735632183908,81.0,0.0,4.824284304047384,2.0,,0.0028519453669071165,0
ageeto01,Tommie Agee,Hitter,OF,Expansion,1962.0,1973.0,1978.0,3.0,Power Hitter 2,0,130.0,999.0,0.7318655672292171,,,,5.0,2.0,0.0028519453669071165,0
helmsto01,Tommy Helms,Hitter,2B,Expansion,1964.0,1977.0,1982.0,3.0,Power Hitter 2,0,34.0,1342.0,0.642478240018751,,,,5.0,2.0,0.0028519453669071165,0
stonest01,Steve Stone,Pitcher,P,Expansion,1971.0,1981.0,1986.0,4.0,Workhorse Starting Pitcher,0,0.0,22.0,0.2567751882820376,107.0,1.0,3.965703634669152,5.0,1.0,0.0028519453669071165,0
hallme01,Mel Hall,Hitter,OF,Free-agency,1981.0,1996.0,2001.0,3.0,Power Hitter 2,0,134.0,1171.0,0.7551940440722666,,,,3.0,,0.0028519453669071165,0
grubeke01,Kelly Gruber,Hitter,3B,Free-agency,1984.0,1993.0,1998.0,3.0,Power Hitter 2,0,117.0,818.0,0.7387809947872198,,,,6.0,2.0,0.0028519453669071165,0
waltoje01,Jerome Walton,Hitter,OF,Free-agency,1989.0,1998.0,2003.0,3.0,Power Hitter 2,0,25.0,423.0,0.7082840012364616,,,,2.0,,0.0028519453669071165,0
hellije01,Jeremy Hellickson,Pitcher,P,Post-steroid,2010.0,2019.0,2024.0,4.0,Workhorse Starting Pitcher,0,0.0,25.0,0.3724867724867725,76.0,0.0,4.1336659663865545,4.0,,0.0028519453669071165,0
dennyjo01,John Denny,Pitcher,P,Expansion,1974.0,1986.0,1991.0,4.0,Workhorse Starting Pitcher,0,0.0,97.0,0.3902843111150558,123.0,0.0,3.585479367049333,6.0,,0.0028519453669071165,0
hendest01,Steve Henderson,Hitter,OF,Free-agency,1977.0,1988.0,1993.0,3.0,Power Hitter 2,0,68.0,976.0,0.7654307013146617,,,,2.0,,0.0028519453669071165,0
zachrpa01,Pat Zachry,Pitcher,P,Free-agency,1976.0,1985.0,1990.0,4.0,Workhorse Starting Pitcher,0,0.0,36.0,0.2629081459722065,69.0,3.0,3.524065685164213,2.0,1.0,0.0028519453669071165,0
norrimi01,Mike Norris,Pitcher,P,Expansion,1975.0,1990.0,1995.0,4.0,Workhorse Starting Pitcher,0,0.0,0.0,0.0,58.0,0.0,3.8903053661429,2.0,1.0,0.0028519453669071165,0
jonesra01,Randy Jones,Pitcher,P,Expansion,1973.0,1982.0,1987.0,4.0,Workhorse Starting Pitcher,0,0.0,79.0,0.3073608502131696,100.0,2.0,3.422141748577341,11.0,2.0,0.0028519453669071165,0
kearnau01,Austin Kearns,Hitter,OF,Steroid,2002.0,2013.0,2018.0,3.0,Power Hitter 2,0,121.0,914.0,0.7637749344961463,,,,1.0,,0.0028519453669071165,0
trumbma01,Mark Trumbo,Hitter,OF,Post-steroid,2010.0,2019.0,2024.0,3.0,Power Hitter 2,0,218.0,1018.0,0.7608930835274296,,,,6.0,2.0,0.0028519453669071165,0
sotoge01,Geovany Soto,Hitter,C,Post-steroid,2005.0,2017.0,2022.0,3.0,Power Hitter 2,0,108.0,619.0,0.7650524115562762,,,,5.0,1.0,0.0028519453669071165,0
kittlro01,Ron Kittle,Hitter,OF,Free-agency,1982.0,1991.0,1996.0,3.0,Power Hitter 2,0,176.0,648.0,0.7794194139526356,,,,6.0,1.0,0.0028519453669071165,0
montejo01,John Montefusco,Pitcher,P,Expansion,1974.0,1986.0,1991.0,4.0,Workhorse Starting Pitcher,0,4.0,44.0,0.2995161217383439,90.0,5.0,3.5404478515230986,3.0,1.0,0.0028519453669071165,0
hollato01,Todd Hollandsworth,Hitter,OF,Steroid,1995.0,2006.0,2011.0,3.0,Power Hitter 2,0,98.0,871.0,0.7673969468111237,,,,2.0,,0.0028519453669071165,0
devermi01,Mike Devereaux,Hitter,OF,Free-agency,1987.0,1998.0,2003.0,3.0,Power Hitter 2,0,105.0,949.0,0.7090068043608695,,,,4.0,,0.0028519453669071165,0
francje02,Jeff Francoeur,Hitter,OF,Post-steroid,2005.0,2016.0,2021.0,3.0,Power Hitter 2,0,160.0,1373.0,0.7194337033467871,0.0,0.0,9.0,1.0,,0.0028519453669071165,0
bahnsst01,Stan Bahnsen,Pitcher,P,Expansion,1966.0,1982.0,1987.0,4.0,Workhorse Starting Pitcher,0,1.0,56.0,0.3002254697286012,146.0,20.0,3.604982206405694,2.0,,0.0028519453669071165,0
woodke02,Kerry Wood,Pitcher,P,Steroid,1998.0,2012.0,2017.0,1.0,Dominant Reliever / Closer,0,7.0,59.0,0.4440856395517809,86.0,63.0,3.6717391304347826,4.0,2.0,0.0028519453669071165,0
porceri01,Rick Porcello,Pitcher,P,Post-steroid,2009.0,2020.0,2025.0,4.0,Workhorse Starting Pitcher,0,0.0,8.0,0.4,150.0,0.0,4.400540626490698,5.0,,0.0028519453669071165,0
merceor01,Orlando Merced,Hitter,OF,Free-agency,1990.0,2003.0,2008.0,3.0,Power Hitter 2,0,103.0,1108.0,0.7806940801967142,,,,0.0,,0.0028519453669071165,0
baldwja01,James Baldwin,Pitcher,P,Steroid,1995.0,2005.0,2010.0,4.0,Workhorse Starting Pitcher,0,0.0,4.0,0.25,79.0,2.0,5.014868951612903,2.0,1.0,0.0028519453669071165,0
brunato01,Tom Brunansky,Hitter,OF,Free-agency,1981.0,1994.0,1999.0,0.0,Power Hitter,0,271.0,1543.0,0.7609621949816555,,,,1.0,1.0,0.002833970613116652,0
rozemda01,Dave Rozema,Pitcher,P,Free-agency,1977.0,1986.0,1991.0,3.0,Power Hitter 2,0,0.0,0.0,,60.0,17.0,3.4665461121157324,1.0,,0.002817602247385593,0
sheetbe01,Ben Sheets,Pitcher,P,Steroid,2001.0,2012.0,2017.0,4.0,Workhorse Starting Pitcher,0,0.0,34.0,0.1956532084594445,94.0,0.0,3.776617954070981,3.0,4.0,0.002817602247385593,0
hergema01,Matt Herges,Pitcher,P,Steroid,1999.0,2009.0,2014.0,1.0,Dominant Reliever / Closer,0,0.0,6.0,0.3558558558558559,43.0,34.0,3.907380607814761,,,0.002817602247385593,0
davisra01,Rajai Davis,Hitter,OF,Post-steroid,2006.0,2019.0,2024.0,3.0,Power Hitter 2,0,62.0,1111.0,0.6897014400726871,,,,,,0.002808726750214557,0
harpeto01,Tommy Harper,Hitter,OF,Expansion,1962.0,1976.0,1981.0,3.0,Power Hitter 2,0,146.0,1609.0,0.7170255020673946,,,,0.0,1.0,0.002808726750214557,0
thomago01,Gorman Thomas,Hitter,OF,Expansion,1973.0,1986.0,1991.0,0.0,Power Hitter,0,268.0,1051.0,0.7718433386285739,,,,4.0,1.0,0.00277645834516539,0
palmede01,Dean Palmer,Hitter,3B,Free-agency,1989.0,2003.0,2008.0,0.0,Power Hitter,0,275.0,1229.0,0.7962714697265902,,,,4.0,1.0,0.00277645834516539,0
armasto01,Tony Armas,Hitter,OF,Free-agency,1976.0,1989.0,1994.0,0.0,Power Hitter,0,251.0,1302.0,0.7397533898509512,,,,10.0,2.0,0.00277645834516539,0
kernji01,Jim Kern,Pitcher,P,Expansion,1974.0,1986.0,1991.0,1.0,Dominant Reliever / Closer,0,0.0,0.0,0.1,53.0,88.0,3.3239495798319325,4.0,3.0,0.002767275779319638,0
hendrma01,Mark Hendrickson,Pitcher,P,Steroid,2002.0,2011.0,2016.0,4.0,Workhorse Starting Pitcher,0,1.0,13.0,0.4009608647783005,58.0,1.0,5.0273738237810095,,,0.002767275779319638,0
rasmude01,Dennis Rasmussen,Pitcher,P,Free-agency,1983.0,1995.0,2000.0,4.0,Workhorse Starting Pitcher,0,0.0,50.0,0.4566654966654966,91.0,0.0,4.146736649931538,,,0.002767275779319638,0
hayneji01,Jimmy Haynes,Pitcher,P,Steroid,1995.0,2004.0,2009.0,4.0,Workhorse Starting Pitcher,0,0.0,32.0,0.3622130335529999,63.0,1.0,5.3745141588006655,,,0.002767275779319638,0
lowema01,Mark Lowe,Pitcher,P,Post-steroid,2006.0,2016.0,2021.0,1.0,Dominant Reliever / Closer,0,0.0,0.0,0.0,10.0,6.0,4.223854796888505,,,0.002767275779319638,0
choatra01,Randy Choate,Pitcher,P,Steroid,2000.0,2015.0,2020.0,1.0,Dominant Reliever / Closer,0,0.0,0.0,0.1666666666666666,16.0,7.0,3.9044117647058822,,,0.002767275779319638,0
quallch01,Chad Qualls,Pitcher,P,Steroid,2004.0,2017.0,2022.0,1.0,Dominant Reliever / Closer,0,0.0,0.0,0.0,52.0,74.0,3.890586292320396,,,0.002767275779319638,0
seleaa01,Aaron Sele,Pitcher,P,Steroid,1993.0,2007.0,2012.0,4.0,Workhorse Starting Pitcher,0,0.0,9.0,0.3863764838892029,148.0,0.0,4.606595448211798,1.0,2.0,0.002767275779319638,0
wendetu01,Turk Wendell,Pitcher,P,Steroid,1993.0,2004.0,2009.0,1.0,Dominant Reliever / Closer,0,0.0,3.0,0.2364341085271317,36.0,33.0,3.930820856995354,,,0.002767275779319638,0
billija01,Jack Billingham,Pitcher,P,Expansion,1968.0,1980.0,1985.0,4.0,Workhorse Starting Pitcher,0,0.0,62.0,0.2768420122328446,145.0,15.0,3.8289001793185897,0.0,1.0,0.002767275779319638,0
speieju01,Justin Speier,Pitcher,P,Steroid,1998.0,2009.0,2014.0,1.0,Dominant Reliever / Closer,0,0.0,3.0,0.3529411764705882,35.0,17.0,4.1066666666666665,,,0.002767275779319638,0
witasja01,Jay Witasick,Pitcher,P,Steroid,1996.0,2007.0,2012.0,1.0,Dominant Reliever / Closer,0,0.0,3.0,0.1644518272425249,32.0,5.0,4.6394712853236095,,,0.002767275779319638,0
kintzbr01,Brandon Kintzler,Pitcher,P,Post-steroid,2010.0,2021.0,2026.0,1.0,Dominant Reliever / Closer,0,0.0,0.0,0.0,24.0,61.0,3.499651567944251,,1.0,0.002767275779319638,0
servisc01,Scott Service,Pitcher,P,Free-agency,1988.0,2004.0,2009.0,1.0,Dominant Reliever / Closer,0,0.0,1.0,0.1176470588235294,20.0,16.0,4.993594875900721,,,0.002767275779319638,0
bottari01,Ricky Bottalico,Pitcher,P,Steroid,1994.0,2005.0,2010.0,1.0,Dominant Reliever / Closer,0,0.0,2.0,0.3529411764705882,33.0,116.0,3.994167550371156,,1.0,0.002767275779319638,0
borowjo01,Joe Borowski,Pitcher,P,Steroid,1995.0,2008.0,2013.0,1.0,Dominant Reliever / Closer,0,0.0,2.0,0.4444444444444444,22.0,131.0,4.179750550256786,2.0,,0.002767275779319638,0
beimejo01,Joe Beimel,Pitcher,P,Steroid,2001.0,2015.0,2020.0,1.0,Dominant Reliever / Closer,0,0.0,10.0,0.4997635933806146,29.0,5.0,4.063235294117647,,,0.002767275779319638,0
castito02,Tony Castillo,Pitcher,P,Free-agency,1988.0,1998.0,2003.0,1.0,Dominant Reliever / Closer,0,0.0,1.0,0.2197802197802197,28.0,22.0,3.930379746835443,,,0.002767275779319638,0
cormirh01,Rheal Cormier,Pitcher,P,Free-agency,1991.0,2007.0,2012.0,4.0,Workhorse Starting Pitcher,0,0.0,36.0,0.4308712121212121,71.0,2.0,4.029740791268758,,,0.002767275779319638,0
colemjo05,Joe Coleman,Pitcher,P,Expansion,1965.0,1979.0,1984.0,4.0,Workhorse Starting Pitcher,0,0.0,49.0,0.2886992040217846,142.0,7.0,3.695511157239232,0.0,1.0,0.002767275779319638,0
belchti01,Tim Belcher,Pitcher,P,Free-agency,1987.0,2000.0,2005.0,4.0,Workhorse Starting Pitcher,0,2.0,48.0,0.2994269715840703,146.0,5.0,4.163482532751092,3.0,,0.002767275779319638,0
harrigr01,Greg Harris,Pitcher,P,Free-agency,1981.0,1995.0,2000.0,1.0,Dominant Reliever / Closer,0,0.0,15.0,0.5554134697357204,74.0,54.0,3.687116564417178,,,0.002767275779319638,0
heskejo01,Joe Hesketh,Pitcher,P,Free-agency,1984.0,1994.0,1999.0,1.0,Dominant Reliever / Closer,0,0.0,6.0,0.2364341085271317,60.0,21.0,3.7809358752166378,0.0,,0.002767275779319638,0
levinal01,Al Levine,Pitcher,P,Steroid,1996.0,2005.0,2010.0,1.0,Dominant Reliever / Closer,0,0.0,0.0,0.0,24.0,10.0,3.9577056778679025,,,0.002767275779319638,0
boyerbl01,Blaine Boyer,Pitcher,P,Post-steroid,2005.0,2018.0,2023.0,1.0,Dominant Reliever / Closer,0,0.0,0.0,0.0,17.0,5.0,4.554448398576513,,,0.002767275779319638,0
shousbr01,Brian Shouse,Pitcher,P,Steroid,1993.0,2009.0,2014.0,3.0,Power Hitter 2,0,0.0,0.0,,13.0,6.0,3.72148288973384,,,0.002767275779319638,0
durbich01,Chad Durbin,Pitcher,P,Steroid,1999.0,2013.0,2018.0,1.0,Dominant Reliever / Closer,0,0.0,2.0,0.1633333333333333,43.0,5.0,5.025508170585891,,,0.002767275779319638,0
palmeda01,David Palmer,Pitcher,P,Free-agency,1978.0,1989.0,1994.0,4.0,Workhorse Starting Pitcher,0,5.0,48.0,0.3937835082685192,64.0,2.0,3.782488479262673,,,0.002767275779319638,0
wilcomi01,Milt Wilcox,Pitcher,P,Expansion,1970.0,1986.0,1991.0,4.0,Workhorse Starting Pitcher,0,0.0,11.0,0.4128024193548387,119.0,6.0,4.074545454545454,1.0,,0.002767275779319638,0
barkele01,Len Barker,Pitcher,P,Free-agency,1976.0,1987.0,1992.0,4.0,Workhorse Starting Pitcher,0,0.0,3.0,0.1939268461007591,74.0,5.0,4.344749433392092,2.0,1.0,0.002767275779319638,0
myersmi01,Mike Myers,Pitcher,P,Steroid,1995.0,2007.0,2012.0,1.0,Dominant Reliever / Closer,0,0.0,0.0,0.0,25.0,14.0,4.286769230769231,,,0.002767275779319638,0
astacpe01,Pedro Astacio,Pitcher,P,Free-agency,1992.0,2006.0,2011.0,4.0,Workhorse Starting Pitcher,0,0.0,90.0,0.2932708950137497,129.0,0.0,4.670713201820941,,,0.002767275779319638,0
murphto02,Tom Murphy,Pitcher,P,Expansion,1968.0,1979.0,1984.0,1.0,Dominant Reliever / Closer,0,1.0,42.0,0.3608518484793298,68.0,59.0,3.777008310249307,0.0,,0.002767275779319638,0
wheelda01,Dan Wheeler,Pitcher,P,Steroid,1999.0,2012.0,2017.0,1.0,Dominant Reliever / Closer,0,0.0,1.0,0.2857142857142857,25.0,43.0,3.9755463059313216,,,0.002767275779319638,0
dayleke01,Ken Dayley,Pitcher,P,Free-agency,1982.0,1993.0,1998.0,1.0,Dominant Reliever / Closer,0,0.0,17.0,0.4826038159371492,33.0,39.0,3.6397443346891345,,,0.002767275779319638,0
whitema02,Matt Whiteside,Pitcher,P,Free-agency,1992.0,2005.0,2010.0,1.0,Dominant Reliever / Closer,0,0.0,0.0,0.0,18.0,9.0,5.231527093596059,,,0.002767275779319638,0
johnsji04,Jim Johnson,Pitcher,P,Post-steroid,2006.0,2018.0,2023.0,1.0,Dominant Reliever / Closer,0,0.0,0.0,0.0,38.0,178.0,3.793282876064333,4.0,1.0,0.002767275779319638,0
gallayo01,Yovani Gallardo,Pitcher,P,Post-steroid,2007.0,2018.0,2023.0,4.0,Workhorse Starting Pitcher,0,12.0,86.0,0.5628855842377657,121.0,1.0,4.062385321100917,1.0,1.0,0.002767275779319638,0
deleojo01,Jose DeLeon,Pitcher,P,Free-agency,1983.0,1995.0,2000.0,4.0,Workhorse Starting Pitcher,0,0.0,38.0,0.2257059099181569,86.0,6.0,3.7615952213633177,1.0,,0.002767275779319638,0
zahnge01,Geoff Zahn,Pitcher,P,Expansion,1973.0,1985.0,1990.0,4.0,Workhorse Starting Pitcher,0,0.0,6.0,0.2790697674418604,111.0,1.0,3.7431043807463498,2.0,,0.002767275779319638,0
fettemi01,Mike Fetters,Pitcher,P,Free-agency,1989.0,2004.0,2009.0,1.0,Dominant Reliever / Closer,0,0.0,0.0,,31.0,100.0,3.8553488372093025,,,0.002767275779319638,0
delucri01,Rich DeLucia,Pitcher,P,Free-agency,1990.0,1999.0,2004.0,3.0,Power Hitter 2,0,0.0,3.0,0.5267857142857143,38.0,7.0,4.615384615384615,0.0,,0.002767275779319638,0
freemma02,Marvin Freeman,Pitcher,P,Free-agency,1986.0,1996.0,2001.0,1.0,Dominant Reliever / Closer,0,2.0,16.0,0.3149706457925636,35.0,5.0,4.638966872543515,0.0,,0.002767275779319638,0
doteloc01,Octavio Dotel,Pitcher,P,Steroid,1999.0,2013.0,2018.0,1.0,Dominant Reliever / Closer,0,0.0,5.0,0.1974651854169926,59.0,109.0,3.77602523659306,1.0,,0.002767275779319638,0
hamiljo02,Joey Hamilton,Pitcher,P,Steroid,1994.0,2003.0,2008.0,4.0,Workhorse Starting Pitcher,0,4.0,43.0,0.3366267766157147,74.0,1.0,4.444057682744903,0.0,,0.002767275779319638,0
frazige01,George Frazier,Pitcher,P,Free-agency,1978.0,1987.0,1992.0,1.0,Dominant Reliever / Closer,0,0.0,3.0,0.2857142857142857,35.0,29.0,4.19585594474593,,,0.002767275779319638,0
frankry01,Ryan Franklin,Pitcher,P,Steroid,1999.0,2011.0,2016.0,1.0,Dominant Reliever / Closer,0,0.0,2.0,0.2575757575757575,62.0,84.0,4.136552872606162,2.0,1.0,0.002767275779319638,0
baezda01,Danys Baez,Pitcher,P,Steroid,2001.0,2011.0,2016.0,1.0,Dominant Reliever / Closer,0,0.0,1.0,0.3333333333333333,40.0,114.0,4.248206599713056,,1.0,0.002767275779319638,0
ruffibr01,Bruce Ruffin,Pitcher,P,Free-agency,1986.0,1997.0,2002.0,1.0,Dominant Reliever / Closer,0,0.0,24.0,0.2427139963756529,60.0,63.0,4.194794952681388,0.0,,0.002767275779319638,0
rincoju01,Juan Rincon,Pitcher,P,Steroid,2001.0,2010.0,2015.0,1.0,Dominant Reliever / Closer,0,0.0,1.0,0.5,35.0,3.0,4.029585798816568,,,0.002767275779319638,0
mirabpa01,Paul Mirabella,Pitcher,P,Free-agency,1978.0,1990.0,1995.0,3.0,Power Hitter 2,0,0.0,0.0,,19.0,13.0,4.4489659773182115,,,0.002767275779319638,0
fosteal01,Alan Foster,Pitcher,P,Expansion,1967.0,1976.0,1981.0,4.0,Workhorse Starting Pitcher,0,0.0,35.0,0.28836302593816,48.0,0.0,3.7392717815344607,,,0.002767275779319638,0
fossato01,Tony Fossas,Pitcher,P,Free-agency,1988.0,1999.0,2004.0,1.0,Dominant Reliever / Closer,0,0.0,0.0,0.0,17.0,7.0,3.897353648757017,,,0.002767275779319638,0
cainma01,Matt Cain,Pitcher,P,Post-steroid,2005.0,2017.0,2022.0,4.0,Workhorse Starting Pitcher,0,7.0,74.0,0.3312138355864273,104.0,0.0,3.6808374620425126,2.0,3.0,0.002767275779319638,0
dierkla01,Larry Dierker,Pitcher,P,Expansion,1964.0,1977.0,1982.0,4.0,Workhorse Starting Pitcher,0,4.0,107.0,0.3174511820409036,139.0,1.0,3.3050992715326384,0.0,2.0,0.002767275779319638,0
morrima01,Matt Morris,Pitcher,P,Steroid,1997.0,2008.0,2013.0,4.0,Workhorse Starting Pitcher,0,2.0,92.0,0.4220342973620639,121.0,4.0,3.9817275747508303,5.0,2.0,0.002767275779319638,0
osunaan01,Antonio Osuna,Pitcher,P,Steroid,1995.0,2005.0,2010.0,1.0,Dominant Reliever / Closer,0,0.0,1.0,0.2929292929292929,36.0,21.0,3.6834924965893583,,,0.002767275779319638,0
axforjo01,John Axford,Pitcher,P,Post-steroid,2009.0,2021.0,2026.0,1.0,Dominant Reliever / Closer,0,0.0,0.0,0.0,38.0,144.0,3.9036144578313254,2.0,,0.002767275779319638,0
glynned01,Ed Glynn,Pitcher,P,Expansion,1975.0,1985.0,1990.0,1.0,Dominant Reliever / Closer,0,0.0,0.0,0.0,12.0,12.0,4.250629722921914,,,0.002767275779319638,0
torresa01,Salomon Torres,Pitcher,P,Steroid,1993.0,2008.0,2013.0,1.0,Dominant Reliever / Closer,0,0.0,15.0,0.344568602308115,44.0,57.0,4.3123524783634934,,,0.002767275779319638,0
salasfe01,Fernando Salas,Pitcher,P,Post-steroid,2010.0,2019.0,2024.0,1.0,Dominant Reliever / Closer,0,0.0,1.0,0.2857142857142857,25.0,30.0,3.914908100748809,,,0.002767275779319638,0
samarje01,Jeff Samardzija,Pitcher,P,Post-steroid,2008.0,2020.0,2025.0,4.0,Workhorse Starting Pitcher,0,3.0,44.0,0.3350749802683504,80.0,1.0,4.151742301458671,2.0,1.0,0.002767275779319638,0
brachbr01,Brad Brach,Pitcher,P,Post-steroid,2011.0,2021.0,2026.0,1.0,Dominant Reliever / Closer,0,0.0,1.0,0.4,38.0,34.0,3.550060313630881,,1.0,0.002767275779319638,0
dunnmi01,Mike Dunn,Pitcher,P,Post-steroid,2009.0,2019.0,2024.0,1.0,Dominant Reliever / Closer,0,0.0,1.0,0.4,34.0,4.0,4.004587155963303,,,0.002767275779319638,0
maholpa01,Paul Maholm,Pitcher,P,Post-steroid,2005.0,2014.0,2019.0,4.0,Workhorse Starting Pitcher,0,2.0,52.0,0.2811015352814683,77.0,0.0,4.302420218462197,,,0.002767275779319638,0
habyajo01,John Habyan,Pitcher,P,Free-agency,1985.0,1996.0,2001.0,1.0,Dominant Reliever / Closer,0,0.0,0.0,0.2857142857142857,26.0,12.0,3.854727614276769,,,0.002767275779319638,0
normafr01,Fred Norman,Pitcher,P,Expansion,1962.0,1980.0,1985.0,4.0,Workhorse Starting Pitcher,0,0.0,72.0,0.3105087563480677,104.0,8.0,3.637738443031449,1.0,,0.002767275779319638,0
mantema01,Matt Mantei,Pitcher,P,Steroid,1995.0,2005.0,2010.0,1.0,Dominant Reliever / Closer,0,0.0,1.0,0.4,14.0,93.0,4.072314049586777,0.0,,0.002767275779319638,0
cruzju02,Juan Cruz,Pitcher,P,Steroid,2001.0,2012.0,2017.0,1.0,Dominant Reliever / Closer,0,0.0,8.0,0.3193050193050193,38.0,6.0,4.0534351145038165,,,0.002767275779319638,0
guerrja01,Javy Guerra,Pitcher,P,Post-steroid,2011.0,2021.0,2026.0,1.0,Dominant Reliever / Closer,0,0.0,0.0,0.1666666666666666,11.0,33.0,3.9845814977973566,,,0.002767275779319638,0
duensbr01,Brian Duensing,Pitcher,P,Post-steroid,2009.0,2018.0,2023.0,1.0,Dominant Reliever / Closer,0,0.0,0.0,0.0769230769230769,46.0,3.0,4.189248251748252,,,0.002767275779319638,0
groombu01,Buddy Groom,Pitcher,P,Free-agency,1992.0,2005.0,2010.0,3.0,Power Hitter 2,0,0.0,0.0,,31.0,27.0,4.642921960072596,,,0.002767275779319638,0
martito02,Tom Martin,Pitcher,P,Steroid,1997.0,2007.0,2012.0,1.0,Dominant Reliever / Closer,0,0.0,0.0,0.0,11.0,3.0,4.916842105263157,,,0.002767275779319638,0
gorzeto01,Tom Gorzelanny,Pitcher,P,Post-steroid,2005.0,2016.0,2021.0,1.0,Dominant Reliever / Closer,0,0.0,20.0,0.2243244889258815,50.0,2.0,4.39984911354206,1.0,,0.002767275779319638,0
gottji01,Jim Gott,Pitcher,P,Free-agency,1982.0,1995.0,2000.0,1.0,Dominant Reliever / Closer,0,4.0,13.0,0.5698630136986301,56.0,91.0,3.8651785714285714,,,0.002767275779319638,0
dalcabr01,Bruce Dal Canton,Pitcher,P,Expansion,1967.0,1977.0,1982.0,1.0,Dominant Reliever / Closer,0,0.0,17.0,0.2968553459119497,51.0,19.0,3.6721546170365063,,,0.002767275779319638,0
eldreca01,Cal Eldred,Pitcher,P,Free-agency,1991.0,2005.0,2010.0,4.0,Workhorse Starting Pitcher,0,0.0,8.0,0.3183760683760683,86.0,9.0,4.421052631578948,4.0,,0.002767275779319638,0
walkeja01,Jamie Walker,Pitcher,P,Steroid,1997.0,2009.0,2014.0,3.0,Power Hitter 2,0,0.0,0.0,,19.0,12.0,4.133484162895928,,,0.002767275779319638,0
podrejo01,Johnny Podres,Pitcher,P,Integration,1953.0,1969.0,1974.0,4.0,Workhorse Starting Pitcher,0,2.0,145.0,0.4494547884851847,148.0,11.0,3.6754966887417218,2.0,4.0,0.002766150890750428,0
galehde01,Denny Galehouse,Pitcher,P,Live-ball/pre-integration,1934.0,1949.0,1954.0,4.0,Workhorse Starting Pitcher,0,0.0,92.0,0.3387612089714371,109.0,13.0,3.9745508982035926,,,0.002766150890750428,0
raburry01,Ryan Raburn,Hitter,OF,Steroid,2004.0,2017.0,2022.0,3.0,Power Hitter 2,0,93.0,626.0,0.7524144176241798,0.0,0.0,0.0,1.0,,0.002764963907692844,0
lindad01,Adam Lind,Hitter,1B,Post-steroid,2006.0,2017.0,2022.0,3.0,Power Hitter 2,0,200.0,1247.0,0.795055964609984,,,,3.0,,0.0027617252605934236,0
thompja01,Jason Thompson,Hitter,1B,Free-agency,1976.0,1986.0,1991.0,3.0,Power Hitter 2,0,208.0,1253.0,0.8041396894930463,,,,4.0,3.0,0.0027617252605934236,0
germaes01,Esteban German,Hitter,2B,Steroid,2002.0,2011.0,2016.0,3.0,Power Hitter 2,0,8.0,284.0,0.7448900847498139,,,,,,0.0027617252605934236,0
grubbjo01,Johnny Grubb,Hitter,OF,Expansion,1972.0,1987.0,1992.0,3.0,Power Hitter 2,0,99.0,1153.0,0.779166914131546,,,,1.0,1.0,0.0027617252605934236,0
balbost01,Steve Balboni,Hitter,1B,Free-agency,1981.0,1993.0,1998.0,3.0,Power Hitter 2,0,181.0,714.0,0.7431679229949075,,,,1.0,,0.0027617252605934236,0
lezcasi01,Sixto Lezcano,Hitter,OF,Expansion,1974.0,1985.0,1990.0,3.0,Power Hitter 2,0,148.0,1122.0,0.7993489312228816,,,,3.0,,0.0027617252605934236,0
olivaom01,Omar Olivares,Pitcher,P,Free-agency,1990.0,2001.0,2006.0,4.0,Workhorse Starting Pitcher,0,5.0,58.0,0.6082677818712867,77.0,4.0,4.670575916230367,,,0.0027617252605934236,0
willimi02,Mitch Williams,Pitcher,P,Free-agency,1986.0,1997.0,2002.0,1.0,Dominant Reliever / Closer,0,1.0,3.0,0.6102941176470589,45.0,192.0,3.645130183220829,2.0,1.0,0.0027617252605934236,0
briggjo02,John Briggs,Hitter,OF,Expansion,1964.0,1975.0,1980.0,3.0,Power Hitter 2,0,139.0,1041.0,0.7712550675705501,,,,0.0,,0.0027617252605934236,0
sorrevi01,Vic Sorrell,Pitcher,P,Live-ball/pre-integration,1928.0,1937.0,1942.0,4.0,Workhorse Starting Pitcher,0,0.0,77.0,0.351416515973478,92.0,10.0,4.4309072781655034,,,0.0027351065076564093,0
smithal03,Al Smith,Pitcher,P,Live-ball/pre-integration,1934.0,1945.0,1950.0,4.0,Workhorse Starting Pitcher,0,2.0,102.0,0.4941390780928243,99.0,17.0,3.724884700220574,1.0,1.0,0.0027351065076564093,0
wehmehe01,Herm Wehmeier,Pitcher,P,Live-ball/pre-integration,1945.0,1958.0,1963.0,4.0,Workhorse Starting Pitcher,0,3.0,124.0,0.457251764569474,92.0,9.0,4.797004991680533,,,0.0027351065076564093,0
spencda01,Daryl Spencer,Hitter,SS,Integration,1952.0,1963.0,1968.0,3.0,Power Hitter 2,0,105.0,901.0,0.7071373352208268,,,,,,0.0027351065076564093,0
wilsore01,Red Wilson,Hitter,C,Integration,1951.0,1960.0,1965.0,3.0,Power Hitter 2,0,24.0,455.0,0.6935641464945463,,,,,,0.0027351065076564093,0
snyderu01,Russ Snyder,Hitter,OF,Integration,1959.0,1970.0,1975.0,3.0,Power Hitter 2,0,42.0,984.0,0.6882318022570783,,,,0.0,,0.0027351065076564093,0
romanjo01,John Romano,Hitter,C,Integration,1958.0,1967.0,1972.0,3.0,Power Hitter 2,0,129.0,706.0,0.7970193174679645,,,,0.0,3.0,0.0027351065076564093,0
whitesa02,Sammy White,Hitter,C,Integration,1951.0,1962.0,1967.0,3.0,Power Hitter 2,0,66.0,916.0,0.682406097029584,,,,0.0,1.0,0.0027351065076564093,0
wilsoji02,Jim Wilson,Pitcher,P,Live-ball/pre-integration,1945.0,1958.0,1963.0,4.0,Workhorse Starting Pitcher,0,2.0,99.0,0.4424812868291129,86.0,2.0,4.011695906432749,,3.0,0.0027351065076564093,0
smithha08,Hal Smith,Hitter,C,Integration,1955.0,1964.0,1969.0,3.0,Power Hitter 2,0,58.0,715.0,0.7107812464498255,,,,,,0.0027351065076564093,0
smithal04,Al Smith,Hitter,OF,Integration,1953.0,1964.0,1969.0,3.0,Power Hitter 2,0,168.0,1500.0,0.7886066814123931,,,,0.0,3.0,0.0027351065076564093,0
rodgean01,Andre Rodgers,Hitter,SS,Integration,1957.0,1967.0,1972.0,3.0,Power Hitter 2,0,45.0,628.0,0.6937522704023049,,,,,,0.0027351065076564093,0
treshmi01,Mike Tresh,Hitter,C,Live-ball/pre-integration,1938.0,1949.0,1954.0,3.0,Power Hitter 2,0,2.0,788.0,0.6185276586158102,,,,0.0,0.0,0.0027351065076564093,0
riverji01,Jim Rivera,Hitter,OF,Integration,1952.0,1961.0,1966.0,3.0,Power Hitter 2,0,83.0,911.0,0.7294447891382805,,,,,,0.0027351065076564093,0
raymocl01,Claude Raymond,Pitcher,P,Integration,1959.0,1971.0,1976.0,1.0,Dominant Reliever / Closer,0,0.0,11.0,0.2900242854474126,46.0,83.0,3.657420249653259,,1.0,0.0027351065076564093,0
winebo01,Bobby Wine,Hitter,SS,Integration,1960.0,1972.0,1977.0,3.0,Power Hitter 2,0,30.0,682.0,0.5503557864569981,,,,1.0,,0.0027351065076564093,0
weisal01,Al Weis,Hitter,2B,Expansion,1962.0,1971.0,1976.0,3.0,Power Hitter 2,0,7.0,346.0,0.5526801140831957,,,,1.0,,0.0027351065076564093,0
smithch04,Charley Smith,Hitter,3B,Integration,1960.0,1969.0,1974.0,3.0,Power Hitter 2,0,69.0,594.0,0.6490712767147813,,,,,,0.0027351065076564093,0
whiteha01,Hal White,Pitcher,P,Live-ball/pre-integration,1941.0,1954.0,1959.0,1.0,Dominant Reliever / Closer,0,0.0,37.0,0.371078431372549,46.0,25.0,3.784498370155741,,,0.0027351065076564093,0
wellsed01,Ed Wells,Pitcher,P,Live-ball/pre-integration,1923.0,1934.0,1939.0,3.0,Power Hitter 2,0,0.0,93.0,0.5047802420077528,68.0,13.0,4.6521503922099,,,0.0027351065076564093,0
wilsoea01,Earl Wilson,Pitcher,P,Integration,1959.0,1970.0,1975.0,4.0,Workhorse Starting Pitcher,0,35.0,144.0,0.6336248012718602,121.0,0.0,3.693582453290008,2.0,,0.0027351065076564093,0
rolliri01,Rich Rollins,Hitter,3B,Expansion,1961.0,1970.0,1975.0,3.0,Power Hitter 2,0,77.0,887.0,0.7168094119295507,,,,0.0,2.0,0.0027351065076564093,0
scarbra01,Ray Scarborough,Pitcher,P,Live-ball/pre-integration,1942.0,1953.0,1958.0,4.0,Workhorse Starting Pitcher,0,1.0,85.0,0.4365978236731068,80.0,12.0,4.1325244983667755,,1.0,0.0027351065076564093,0
rosebjo01,John Roseboro,Hitter,C,Integration,1957.0,1970.0,1975.0,3.0,Power Hitter 2,0,104.0,1206.0,0.6968197103104026,,,,2.0,5.0,0.0027351065076564093,0
staintu01,Tuck Stainback,Hitter,OF,Live-ball/pre-integration,1934.0,1946.0,1951.0,3.0,Power Hitter 2,0,17.0,585.0,0.617547398914151,,,,,,0.0027351065076564093,0
seguidi01,Diego Segui,Pitcher,P,Expansion,1962.0,1977.0,1982.0,1.0,Dominant Reliever / Closer,0,4.0,58.0,0.3830208333333333,92.0,71.0,3.8087774294670846,,,0.0027351065076564093,0
thomage01,George Thomas,Hitter,OF,Integration,1957.0,1971.0,1976.0,3.0,Power Hitter 2,0,46.0,430.0,0.7051209744382416,,,,,,0.0027351065076564093,0
thomafr03,Frank Thomas,Hitter,OF,Integration,1951.0,1966.0,1971.0,0.0,Power Hitter,0,286.0,1671.0,0.7741121129512177,,,,1.0,3.0,0.0027351065076564093,0
zimmedo01,Don Zimmer,Hitter,3B,Integration,1954.0,1965.0,1970.0,3.0,Power Hitter 2,0,91.0,773.0,0.6618250543841935,,,,,2.0,0.0027351065076564093,0
stricge01,George Strickland,Hitter,SS,Integration,1950.0,1960.0,1965.0,3.0,Power Hitter 2,0,36.0,633.0,0.624247231762629,,,,,,0.0027351065076564093,0
schuljo03,Joe Schultz,Hitter,OF,Dead-ball,1912.0,1925.0,1930.0,3.0,Power Hitter 2,0,15.0,558.0,0.6963422923413887,,,,,,0.0027351065076564093,0
tayloza02,Zack Taylor,Hitter,C,Live-ball/pre-integration,1920.0,1935.0,1940.0,3.0,Power Hitter 2,0,9.0,748.0,0.6335701574122838,,,,0.0,,0.0027351065076564093,0
tayloro01,Ron Taylor,Pitcher,P,Expansion,1962.0,1972.0,1977.0,1.0,Dominant Reliever / Closer,0,0.0,12.0,0.2318007662835249,45.0,72.0,3.92625,,,0.0027351065076564093,0
tayloha04,Hawk Taylor,Hitter,PH,Integration,1957.0,1970.0,1975.0,3.0,Power Hitter 2,0,16.0,158.0,0.5775464131673471,,,,,,0.0027351065076564093,0
tatebe01,Bennie Tate,Hitter,C,Live-ball/pre-integration,1924.0,1934.0,1939.0,3.0,Power Hitter 2,0,4.0,435.0,0.680599334158,,,,,,0.0027351065076564093,0
sturdto01,Tom Sturdivant,Pitcher,P,Integration,1955.0,1964.0,1969.0,1.0,Dominant Reliever / Closer,0,0.0,60.0,0.4027242904007987,59.0,17.0,3.744063324538258,,,0.0027351065076564093,0
robersh01,Sherry Robertson,Hitter,PH,Live-ball/pre-integration,1940.0,1952.0,1957.0,3.0,Power Hitter 2,0,26.0,346.0,0.6643756596017496,,,,,,0.0027351065076564093,0
willidi02,Dick Williams,Hitter,OF,Integration,1951.0,1964.0,1969.0,3.0,Power Hitter 2,0,70.0,768.0,0.704128204921181,,,,,,0.0027351065076564093,0
sullifr01,Frank Sullivan,Pitcher,P,Integration,1953.0,1963.0,1968.0,4.0,Workhorse Starting Pitcher,0,0.0,76.0,0.3530733472811791,97.0,18.0,3.595842956120092,0.0,2.0,0.0027351065076564093,0
westrwe01,Wes Westrum,Hitter,C,Integration,1947.0,1957.0,1962.0,3.0,Power Hitter 2,0,96.0,503.0,0.7291911361678803,,,,0.0,2.0,0.0027351065076564093,0
remseja01,Jack Remsen,Hitter,OF,19th century,1872.0,1884.0,1889.0,3.0,Power Hitter 2,0,9.0,573.0,0.5831436309801825,,,,,,0.0027351065076564093,0
thomato02,Tommy Thomas,Pitcher,P,Live-ball/pre-integration,1926.0,1937.0,1942.0,4.0,Workhorse Starting Pitcher,0,3.0,141.0,0.4729898721108615,117.0,12.0,4.114718946239853,1.0,,0.0027351065076564093,0
zarilal01,Al Zarilla,Hitter,OF,Live-ball/pre-integration,1943.0,1953.0,1958.0,3.0,Power Hitter 2,0,61.0,975.0,0.7613100865003944,,,,0.0,1.0,0.0027351065076564093,0
webbsk01,Skeeter Webb,Hitter,SS,Live-ball/pre-integration,1932.0,1948.0,1953.0,3.0,Power Hitter 2,0,3.0,498.0,0.5310144127507774,,,,,,0.0027351065076564093,0
willist02,Stan Williams,Pitcher,P,Integration,1958.0,1972.0,1977.0,4.0,Workhorse Starting Pitcher,0,5.0,59.0,0.329071660626796,109.0,43.0,3.4789344417154733,,2.0,0.0027351065076564093,0
rossbu02,Buck Ross,Pitcher,P,Live-ball/pre-integration,1936.0,1945.0,1950.0,4.0,Workhorse Starting Pitcher,0,3.0,69.0,0.39227773556231,56.0,2.0,4.937255859375,,,0.0027351065076564093,0
silvech01,Charlie Silvera,Hitter,C,Integration,1948.0,1957.0,1962.0,3.0,Power Hitter 2,0,1.0,136.0,0.6834805319239359,,,,,,0.0027351065076564093,0
siebeno01,Norm Siebern,Hitter,1B,Integration,1956.0,1968.0,1973.0,3.0,Power Hitter 2,0,132.0,1217.0,0.7916788360843554,,,,2.0,3.0,0.0027351065076564093,0
siebedi01,Dick Siebert,Hitter,1B,Live-ball/pre-integration,1932.0,1945.0,1950.0,3.0,Power Hitter 2,0,32.0,1104.0,0.7103727803442341,,,,0.0,1.0,0.0027351065076564093,0
vollmcl01,Clyde Vollmer,Hitter,OF,Live-ball/pre-integration,1942.0,1954.0,1959.0,3.0,Power Hitter 2,0,69.0,508.0,0.7367263513329817,,,,,,0.0027351065076564093,0
stephge01,Gene Stephens,Hitter,OF,Integration,1952.0,1964.0,1969.0,3.0,Power Hitter 2,0,37.0,460.0,0.6795496186980291,,,,,,0.0027351065076564093,0
wyrosjo01,Johnny Wyrostek,Hitter,OF,Live-ball/pre-integration,1942.0,1954.0,1959.0,3.0,Power Hitter 2,0,58.0,1149.0,0.7311053680853683,,,,0.0,2.0,0.0027351065076564093,0
sherrla01,Larry Sherry,Pitcher,P,Integration,1958.0,1968.0,1973.0,1.0,Dominant Reliever / Closer,0,3.0,25.0,0.4885654885654885,53.0,82.0,3.6705587989991657,2.0,,0.0027351065076564093,0
stewaji01,Jimmy Stewart,Hitter,PH,Expansion,1963.0,1973.0,1978.0,3.0,Power Hitter 2,0,8.0,336.0,0.6106257799964343,,,,,,0.0027351065076564093,0
weathro01,Roy Weatherly,Hitter,OF,Live-ball/pre-integration,1936.0,1950.0,1955.0,3.0,Power Hitter 2,0,43.0,794.0,0.748720500392052,,,,0.0,,0.0027351065076564093,0
ridzist01,Steve Ridzik,Pitcher,P,Integration,1950.0,1966.0,1971.0,3.0,Power Hitter 2,0,1.0,38.0,0.4770879526977087,39.0,11.0,3.794718909710392,,,0.0027351065076564093,0
wagneha01,Hal Wagner,Hitter,C,Live-ball/pre-integration,1937.0,1949.0,1954.0,3.0,Power Hitter 2,0,15.0,458.0,0.6766320085695315,,,,0.0,2.0,0.0027351065076564093,0
stobbch01,Chuck Stobbs,Pitcher,P,Integration,1947.0,1961.0,1966.0,4.0,Workhorse Starting Pitcher,0,0.0,102.0,0.4484789276631046,107.0,19.0,4.29300468668634,,,0.0027351065076564093,0
swiftbo01,Bob Swift,Hitter,C,Live-ball/pre-integration,1940.0,1953.0,1958.0,3.0,Power Hitter 2,0,14.0,635.0,0.592278547581765,,,,,,0.0027351065076564093,0
zuberbi01,Bill Zuber,Pitcher,P,Live-ball/pre-integration,1936.0,1947.0,1952.0,1.0,Dominant Reliever / Closer,0,0.0,31.0,0.3680546673731523,43.0,6.0,4.282442748091603,,,0.0027351065076564093,0
bressed01,Eddie Bressoud,Hitter,SS,Integration,1956.0,1967.0,1972.0,3.0,Power Hitter 2,0,94.0,925.0,0.7191831993367652,,,,0.0,1.0,0.0027351065076564093,0
maxvida01,Dal Maxvill,Hitter,SS,Expansion,1962.0,1975.0,1980.0,3.0,Power Hitter 2,0,6.0,748.0,0.5522908687127934,,,,1.0,,0.0027351065076564093,0
espossa01,Sammy Esposito,Hitter,3B,Integration,1952.0,1963.0,1968.0,3.0,Power Hitter 2,0,8.0,164.0,0.606336015582591,,,,,,0.0027351065076564093,0
melesa01,Sam Mele,Hitter,OF,Integration,1947.0,1956.0,1961.0,3.0,Power Hitter 2,0,80.0,916.0,0.7362918980265893,,,,,,0.0027351065076564093,0
brownll01,Lloyd Brown,Pitcher,P,Live-ball/pre-integration,1925.0,1940.0,1945.0,3.0,Power Hitter 2,0,4.0,106.0,0.5297671595674244,91.0,21.0,4.199645599527466,,,0.0027351065076564093,0
brunege01,George Brunet,Pitcher,P,Integration,1956.0,1971.0,1976.0,4.0,Workhorse Starting Pitcher,0,3.0,37.0,0.2481563583688161,69.0,4.0,3.6209545983701976,,,0.0027351065076564093,0
mcdermi03,Mickey McDermott,Pitcher,P,Integration,1948.0,1961.0,1966.0,3.0,Power Hitter 2,0,9.0,156.0,0.6605226195212917,69.0,14.0,3.909873417721519,,,0.0027351065076564093,0
mccurha01,Harry McCurdy,Hitter,C,Live-ball/pre-integration,1922.0,1934.0,1939.0,3.0,Power Hitter 2,0,9.0,326.0,0.7425224943726352,,,,,,0.0027351065076564093,0
burkebo01,Bobby Burke,Pitcher,P,Live-ball/pre-integration,1927.0,1937.0,1942.0,3.0,Power Hitter 2,0,0.0,54.0,0.4587264444499763,38.0,5.0,4.281204644412192,,,0.0027351065076564093,0
hudsosi01,Sid Hudson,Pitcher,P,Live-ball/pre-integration,1940.0,1954.0,1959.0,4.0,Workhorse Starting Pitcher,0,0.0,164.0,0.499465196071622,104.0,13.0,4.275103163686382,0.0,2.0,0.0027351065076564093,0
butchma01,Max Butcher,Pitcher,P,Live-ball/pre-integration,1936.0,1945.0,1950.0,4.0,Workhorse Starting Pitcher,0,1.0,110.0,0.4175863083241641,95.0,9.0,3.733345773465199,,,0.0027351065076564093,0
mayja01,Jakie May,Pitcher,P,Dead-ball,1917.0,1932.0,1937.0,4.0,Workhorse Starting Pitcher,0,2.0,80.0,0.4473792606322727,72.0,19.0,3.8768935353104337,0.0,,0.0027351065076564093,0
mayele01,Lee Maye,Hitter,OF,Integration,1959.0,1971.0,1976.0,3.0,Power Hitter 2,0,94.0,1109.0,0.732560328925406,,,,,,0.0027351065076564093,0
ellioju01,Jumbo Elliott,Pitcher,P,Live-ball/pre-integration,1923.0,1934.0,1939.0,4.0,Workhorse Starting Pitcher,0,4.0,68.0,0.4242294520547945,63.0,12.0,4.243922651933701,0.0,,0.0027351065076564093,0
eggleda01,Dave Eggler,Hitter,OF,19th century,1871.0,1885.0,1890.0,3.0,Power Hitter 2,0,0.0,697.0,0.6194586538018418,,,,,,0.0027351065076564093,0
michage01,Gene Michael,Hitter,SS,Expansion,1966.0,1975.0,1980.0,3.0,Power Hitter 2,0,15.0,642.0,0.572451830672795,0.0,0.0,0.0,,,0.0027351065076564093,0
jacksal01,Al Jackson,Pitcher,P,Integration,1959.0,1969.0,1974.0,4.0,Workhorse Starting Pitcher,0,1.0,69.0,0.3905248703082087,67.0,10.0,3.9774472168905946,,,0.0027351065076564093,0
martimo01,Morrie Martin,Pitcher,P,Integration,1949.0,1959.0,1964.0,1.0,Dominant Reliever / Closer,0,0.0,28.0,0.3711672942442173,38.0,15.0,4.286659316427784,,,0.0027351065076564093,0
cannich01,Chris Cannizzaro,Hitter,C,Integration,1960.0,1974.0,1979.0,3.0,Power Hitter 2,0,18.0,458.0,0.6278861223165021,,,,,1.0,0.0027351065076564093,0
martijc01,J. C. Martin,Hitter,C,Integration,1959.0,1972.0,1977.0,3.0,Power Hitter 2,0,32.0,487.0,0.6055971803210471,,,,,,0.0027351065076564093,0
careyan01,Andy Carey,Hitter,3B,Integration,1952.0,1962.0,1967.0,3.0,Power Hitter 2,0,64.0,741.0,0.7222943586511188,,,,,,0.0027351065076564093,0
edwarjo01,Johnny Edwards,Hitter,C,Expansion,1961.0,1974.0,1979.0,3.0,Power Hitter 2,0,81.0,1106.0,0.6639666801400437,,,,3.0,3.0,0.0027351065076564093,0
carrach01,Chico Carrasquel,Hitter,SS,Integration,1950.0,1959.0,1964.0,3.0,Power Hitter 2,0,55.0,1199.0,0.6743356571894215,,,,0.0,4.0,0.0027351065076564093,0
edwarha01,Hank Edwards,Hitter,OF,Live-ball/pre-integration,1941.0,1953.0,1958.0,3.0,Power Hitter 2,0,51.0,613.0,0.7827555877276907,,,,,,0.0027351065076564093,0
maniocl01,Clyde Manion,Hitter,C,Live-ball/pre-integration,1920.0,1934.0,1939.0,3.0,Power Hitter 2,0,3.0,250.0,0.5463240823140656,,,,,,0.0027351065076564093,0
durenry01,Ryne Duren,Pitcher,P,Integration,1954.0,1965.0,1970.0,1.0,Dominant Reliever / Closer,0,0.0,7.0,0.2342379385964912,27.0,57.0,3.83314479638009,1.0,4.0,0.0027351065076564093,0
causewa01,Wayne Causey,Hitter,SS,Integration,1955.0,1968.0,1973.0,3.0,Power Hitter 2,0,35.0,819.0,0.6735458103254168,,,,0.0,,0.0027351065076564093,0
lynchje01,Jerry Lynch,Hitter,OF,Integration,1954.0,1966.0,1971.0,3.0,Power Hitter 2,0,115.0,798.0,0.7920132851711186,,,,0.0,,0.0027351065076564093,0
metkoca01,George Metkovich,Hitter,OF,Live-ball/pre-integration,1943.0,1954.0,1959.0,3.0,Power Hitter 2,0,47.0,934.0,0.6889678400022219,,,,0.0,,0.0027351065076564093,0
houttar01,Art Houtteman,Pitcher,P,Live-ball/pre-integration,1945.0,1957.0,1962.0,4.0,Workhorse Starting Pitcher,0,2.0,99.0,0.4459839624313308,87.0,20.0,4.138263665594855,1.0,1.0,0.0027351065076564093,0
fisheja01,Jack Fisher,Pitcher,P,Integration,1959.0,1969.0,1974.0,4.0,Workhorse Starting Pitcher,0,1.0,74.0,0.3286819001104715,86.0,9.0,4.058883077442213,,,0.0027351065076564093,0
hoakdo01,Don Hoak,Hitter,3B,Integration,1954.0,1964.0,1969.0,3.0,Power Hitter 2,0,89.0,1144.0,0.7410381626042366,,,,0.0,1.0,0.0027351065076564093,0
hershmi01,Mike Hershberger,Hitter,OF,Expansion,1961.0,1971.0,1976.0,3.0,Power Hitter 2,0,26.0,900.0,0.6445631990020837,,,,,,0.0027351065076564093,0
muncrbo01,Bob Muncrief,Pitcher,P,Live-ball/pre-integration,1937.0,1951.0,1956.0,4.0,Workhorse Starting Pitcher,0,0.0,68.0,0.3788312889843913,80.0,9.0,3.802093244529019,0.0,1.0,0.0027351065076564093,0
fewstch01,Chick Fewster,Hitter,2B,Dead-ball,1917.0,1927.0,1932.0,3.0,Power Hitter 2,0,6.0,506.0,0.6715724292590666,,,,,,0.0027351065076564093,0
mullipa01,Pat Mullin,Hitter,OF,Live-ball/pre-integration,1940.0,1953.0,1958.0,3.0,Power Hitter 2,0,87.0,676.0,0.8105916077211314,,,,0.0,2.0,0.0027351065076564093,0
muellhe01,Heinie Mueller,Hitter,OF,Live-ball/pre-integration,1920.0,1935.0,1940.0,3.0,Power Hitter 2,0,22.0,597.0,0.731174297747761,,,,,,0.0027351065076564093,0
higbeki01,Kirby Higbe,Pitcher,P,Live-ball/pre-integration,1937.0,1950.0,1955.0,4.0,Workhorse Starting Pitcher,0,3.0,101.0,0.3657912457912458,118.0,24.0,3.6878948267030904,1.0,2.0,0.0027351065076564093,0
mossle01,Les Moss,Hitter,C,Live-ball/pre-integration,1946.0,1958.0,1963.0,3.0,Power Hitter 2,0,63.0,552.0,0.701782100645414,,,,,,0.0027351065076564093,0
mortogu01,Guy Morton,Pitcher,P,Dead-ball,1914.0,1924.0,1929.0,4.0,Workhorse Starting Pitcher,0,0.0,86.0,0.3599992151322502,98.0,6.0,3.131315197381878,,,0.0027351065076564093,0
hildeor01,Oral Hildebrand,Pitcher,P,Live-ball/pre-integration,1931.0,1940.0,1945.0,4.0,Workhorse Starting Pitcher,0,0.0,96.0,0.4388608054977367,83.0,13.0,4.3532152842497664,,1.0,0.0027351065076564093,0
bollifr01,Frank Bolling,Hitter,2B,Integration,1954.0,1966.0,1971.0,3.0,Power Hitter 2,0,106.0,1415.0,0.6787292794199831,,,,2.0,4.0,0.0027351065076564093,0
fergual01,Alex Ferguson,Pitcher,P,Dead-ball,1918.0,1929.0,1934.0,4.0,Workhorse Starting Pitcher,0,0.0,42.0,0.2563048529833314,61.0,10.0,4.892617449664429,,,0.0027351065076564093,0
farretu01,Turk Farrell,Pitcher,P,Integration,1956.0,1969.0,1974.0,1.0,Dominant Reliever / Closer,0,4.0,59.0,0.3373812254259501,106.0,83.0,3.44692082111437,,4.0,0.0027351065076564093,0
eversho01,Hoot Evers,Hitter,OF,Live-ball/pre-integration,1941.0,1956.0,1961.0,3.0,Power Hitter 2,0,98.0,1055.0,0.778327629980208,,,,0.0,2.0,0.0027351065076564093,0
housefr03,Frank House,Hitter,C,Integration,1950.0,1961.0,1966.0,3.0,Power Hitter 2,0,47.0,494.0,0.6633326843455851,,,,,,0.0027351065076564093,0
moorera02,Ray Moore,Pitcher,P,Integration,1952.0,1963.0,1968.0,1.0,Dominant Reliever / Closer,0,6.0,56.0,0.4846034786938121,63.0,46.0,4.060907395898073,,,0.0027351065076564093,0
boutoji01,Jim Bouton,Pitcher,P,Expansion,1962.0,1978.0,1983.0,4.0,Workhorse Starting Pitcher,0,0.0,35.0,0.2519758398799889,62.0,6.0,3.5748116254036595,0.0,1.0,0.0027351065076564093,0
boyercl02,Clete Boyer,Hitter,3B,Integration,1955.0,1971.0,1976.0,3.0,Power Hitter 2,0,162.0,1396.0,0.6704568917624312,,,,1.0,,0.0027351065076564093,0
hollial01,Al Hollingsworth,Pitcher,P,Live-ball/pre-integration,1935.0,1946.0,1951.0,4.0,Workhorse Starting Pitcher,0,2.0,103.0,0.465615404631798,70.0,15.0,3.9899144924358687,,,0.0027351065076564093,0
evansal01,Al Evans,Hitter,C,Live-ball/pre-integration,1939.0,1951.0,1956.0,3.0,Power Hitter 2,0,13.0,514.0,0.6576057955283553,,,,,,0.0027351065076564093,0
brancra01,Ralph Branca,Pitcher,P,Live-ball/pre-integration,1944.0,1956.0,1961.0,4.0,Workhorse Starting Pitcher,0,2.0,66.0,0.3764137931034482,88.0,19.0,3.790431266846362,2.0,3.0,0.0027351065076564093,0
brandja01,Jackie Brandt,Hitter,OF,Integration,1956.0,1967.0,1972.0,3.0,Power Hitter 2,0,112.0,1020.0,0.7346699712807596,,,,1.0,2.0,0.0027351065076564093,0
minnepa01,Paul Minner,Pitcher,P,Live-ball/pre-integration,1946.0,1956.0,1961.0,3.0,Power Hitter 2,0,6.0,98.0,0.5911320466324843,69.0,10.0,3.942508267616383,,,0.0027351065076564093,0
braxtga01,Garland Braxton,Pitcher,P,Live-ball/pre-integration,1921.0,1933.0,1938.0,1.0,Dominant Reliever / Closer,0,0.0,40.0,0.4028552833820291,50.0,32.0,4.1257995735607675,,,0.0027351065076564093,0
knickbi01,Bill Knickerbocker,Hitter,SS,Live-ball/pre-integration,1933.0,1942.0,1947.0,3.0,Power Hitter 2,0,28.0,943.0,0.6999922215444411,,,,1.0,,0.0027351065076564093,0
bridgro01,Rocky Bridges,Hitter,SS,Integration,1951.0,1961.0,1966.0,3.0,Power Hitter 2,0,16.0,562.0,0.6233522480497724,,,,,1.0,0.0027351065076564093,0
millebo02,Bob Miller,Pitcher,P,Integration,1949.0,1958.0,1963.0,3.0,Power Hitter 2,0,2.0,41.0,0.4364917593617145,42.0,15.0,3.9635036496350367,0.0,,0.0027351065076564093,0
lumpeje01,Jerry Lumpe,Hitter,2B,Integration,1956.0,1967.0,1972.0,3.0,Power Hitter 2,0,47.0,1314.0,0.6811039223468257,,,,0.0,1.0,0.0027351065076564093,0
javieju01,Julian Javier,Hitter,2B,Integration,1960.0,1972.0,1977.0,3.0,Power Hitter 2,0,78.0,1469.0,0.6508682608417871,,,,0.0,2.0,0.0027351065076564093,0
lowntu01,Turk Lown,Pitcher,P,Integration,1951.0,1962.0,1967.0,1.0,Dominant Reliever / Closer,0,1.0,35.0,0.4264070155214294,55.0,73.0,4.116279069767442,,,0.0027351065076564093,0
laabsch01,Chet Laabs,Hitter,OF,Live-ball/pre-integration,1937.0,1947.0,1952.0,3.0,Power Hitter 2,0,117.0,813.0,0.7984756496762185,,,,0.0,1.0,0.0027351065076564093,0
lannijo01,Johnny Lanning,Pitcher,P,Live-ball/pre-integration,1936.0,1947.0,1952.0,1.0,Dominant Reliever / Closer,0,1.0,47.0,0.3660877003756462,58.0,13.0,3.5798319327731094,,,0.0027351065076564093,0
courtcl01,Clint Courtney,Hitter,C,Integration,1951.0,1961.0,1966.0,3.0,Power Hitter 2,0,38.0,750.0,0.7054374821173104,,,,1.0,,0.0027351065076564093,0
covinwe01,Wes Covington,Hitter,OF,Integration,1956.0,1966.0,1971.0,3.0,Power Hitter 2,0,131.0,832.0,0.8025427178443445,,,,0.0,,0.0027351065076564093,0
coxbi02,Billy Cox,Hitter,3B,Live-ball/pre-integration,1941.0,1955.0,1960.0,3.0,Power Hitter 2,0,66.0,974.0,0.6980875056842069,,,,0.0,,0.0027351065076564093,0
landrho01,Hobie Landrith,Hitter,C,Integration,1950.0,1963.0,1968.0,3.0,Power Hitter 2,0,34.0,450.0,0.6474391722858388,,,,,,0.0027351065076564093,0
kellnal01,Alex Kellner,Pitcher,P,Integration,1948.0,1959.0,1964.0,4.0,Workhorse Starting Pitcher,0,4.0,138.0,0.5127545621025702,101.0,5.0,4.409156452775775,0.0,1.0,0.0027351065076564093,0
crowege01,George Crowe,Hitter,1B,Integration,1952.0,1961.0,1966.0,3.0,Power Hitter 2,0,86.0,516.0,0.8089653856334682,,,,,1.0,0.0027351065076564093,0
lakeed01,Eddie Lake,Hitter,SS,Live-ball/pre-integration,1939.0,1950.0,1955.0,3.0,Power Hitter 2,0,39.0,599.0,0.6894620489974186,0.0,0.0,4.189655172413794,0.0,,0.0027351065076564093,0
kennebo01,Bob Kennedy,Hitter,OF,Live-ball/pre-integration,1939.0,1957.0,1962.0,3.0,Power Hitter 2,0,63.0,1176.0,0.6645200692041522,,,,0.0,,0.0027351065076564093,0
desauge01,Gene Desautels,Hitter,C,Live-ball/pre-integration,1930.0,1946.0,1951.0,3.0,Power Hitter 2,0,3.0,469.0,0.599926627540571,,,,,,0.0027351065076564093,0
demaejo01,Joe DeMaestri,Hitter,SS,Integration,1951.0,1961.0,1966.0,3.0,Power Hitter 2,0,49.0,813.0,0.5990613385031891,,,,,1.0,0.0027351065076564093,0
dahlgba01,Babe Dahlgren,Hitter,1B,Live-ball/pre-integration,1935.0,1946.0,1951.0,3.0,Power Hitter 2,0,82.0,1056.0,0.7125586534480144,,,,0.0,1.0,0.0027351065076564093,0
kuzavbo01,Bob Kuzava,Pitcher,P,Live-ball/pre-integration,1946.0,1957.0,1962.0,1.0,Dominant Reliever / Closer,0,1.0,22.0,0.2833806818181818,49.0,13.0,4.0510440835266825,0.0,,0.0027351065076564093,0
chapmsa01,Sam Chapman,Hitter,OF,Live-ball/pre-integration,1938.0,1951.0,1956.0,3.0,Power Hitter 2,0,180.0,1329.0,0.7801481146845872,,,,0.0,1.0,0.0027351065076564093,0
delsiji01,Jim Delsing,Hitter,OF,Integration,1948.0,1960.0,1965.0,3.0,Power Hitter 2,0,40.0,627.0,0.7054291106430879,,,,,,0.0027351065076564093,0
daleybu01,Bud Daley,Pitcher,P,Integration,1955.0,1964.0,1969.0,4.0,Workhorse Starting Pitcher,0,0.0,56.0,0.4515574769981155,60.0,10.0,4.028600964851826,0.0,4.0,0.0027351065076564093,0
dalrycl01,Clay Dalrymple,Hitter,C,Integration,1960.0,1971.0,1976.0,3.0,Power Hitter 2,0,55.0,710.0,0.6567136190704113,,,,,,0.0027351065076564093,0
delocik01,Ike Delock,Pitcher,P,Integration,1952.0,1963.0,1968.0,1.0,Dominant Reliever / Closer,0,1.0,31.0,0.2563392286383976,84.0,31.0,4.034733441033926,,,0.0027351065076564093,0
davalvi01,Vic Davalillo,Hitter,OF,Expansion,1963.0,1980.0,1985.0,3.0,Power Hitter 2,0,36.0,1122.0,0.6796480810215122,0.0,0.0,,1.0,1.0,0.0027351065076564093,0
kretllo01,Lou Kretlow,Pitcher,P,Live-ball/pre-integration,1946.0,1956.0,1961.0,1.0,Dominant Reliever / Closer,0,0.0,27.0,0.2923233435066126,27.0,1.0,4.870543293718167,,,0.0027351065076564093,0
davisdi01,Dixie Davis,Pitcher,P,Dead-ball,1912.0,1926.0,1931.0,4.0,Workhorse Starting Pitcher,0,0.0,87.0,0.4680795395081109,75.0,2.0,3.965369059656218,,,0.0027351065076564093,0
keougma01,Marty Keough,Hitter,OF,Integration,1956.0,1966.0,1971.0,3.0,Power Hitter 2,0,43.0,434.0,0.6879752904957586,,,,,,0.0027351065076564093,0
kolpra01,Ray Kolp,Pitcher,P,Live-ball/pre-integration,1921.0,1934.0,1939.0,4.0,Workhorse Starting Pitcher,0,2.0,98.0,0.4510630023334198,79.0,18.0,4.078791469194313,,,0.0027351065076564093,0
kollodo01,Don Kolloway,Hitter,2B,Live-ball/pre-integration,1940.0,1953.0,1958.0,3.0,Power Hitter 2,0,29.0,1081.0,0.6579605913401889,,,,,,0.0027351065076564093,0
knottja01,Jack Knott,Pitcher,P,Live-ball/pre-integration,1933.0,1946.0,1951.0,4.0,Workhorse Starting Pitcher,0,0.0,58.0,0.2951834675779025,82.0,19.0,4.971098265895954,,,0.0027351065076564093,0
klausbi01,Billy Klaus,Hitter,SS,Integration,1952.0,1963.0,1968.0,3.0,Power Hitter 2,0,40.0,626.0,0.6862854676963808,,,,0.0,,0.0027351065076564093,0
kaskoed01,Eddie Kasko,Hitter,SS,Integration,1957.0,1966.0,1971.0,3.0,Power Hitter 2,0,22.0,935.0,0.6475138500139686,,,,0.0,2.0,0.0027351065076564093,0
dietrbi01,Bill Dietrich,Pitcher,P,Live-ball/pre-integration,1933.0,1948.0,1953.0,4.0,Workhorse Starting Pitcher,0,5.0,94.0,0.4289669284704042,108.0,11.0,4.478289802029613,,,0.0027351065076564093,0
consobi01,Billy Consolo,Hitter,SS,Integration,1953.0,1962.0,1967.0,3.0,Power Hitter 2,0,9.0,260.0,0.6038664234636237,,,,,,0.0027351065076564093,0
conlege01,Gene Conley,Pitcher,P,Integration,1952.0,1963.0,1968.0,4.0,Workhorse Starting Pitcher,0,5.0,105.0,0.4605078262227253,91.0,9.0,3.8182962652119175,0.0,4.0,0.0027351065076564093,0
lopezhe01,Hector Lopez,Hitter,OF,Integration,1955.0,1966.0,1971.0,3.0,Power Hitter 2,0,136.0,1251.0,0.7446175493961227,,,,,,0.0027351065076564093,0
chipmbo01,Bob Chipman,Pitcher,P,Live-ball/pre-integration,1941.0,1952.0,1957.0,1.0,Dominant Reliever / Closer,0,0.0,32.0,0.3093584905660377,51.0,14.0,3.719909159727479,,,0.0027351065076564093,0
chitiha01,Harry Chiti,Hitter,C,Integration,1950.0,1962.0,1967.0,3.0,Power Hitter 2,0,41.0,356.0,0.6589022472209634,,,,,,0.0027351065076564093,0
lopatst01,Stan Lopata,Hitter,C,Integration,1948.0,1960.0,1965.0,3.0,Power Hitter 2,0,116.0,661.0,0.8028413192400927,,,,0.0,2.0,0.0027351065076564093,0
loesbi01,Billy Loes,Pitcher,P,Integration,1950.0,1961.0,1966.0,1.0,Dominant Reliever / Closer,0,0.0,38.0,0.2670429736188185,80.0,32.0,3.886306356762812,,1.0,0.0027351065076564093,0
clappjo01,John Clapp,Hitter,C,19th century,1872.0,1883.0,1888.0,3.0,Power Hitter 2,0,7.0,713.0,0.6682257575655017,,,,,,0.0027351065076564093,0
lockmwh01,Whitey Lockman,Hitter,1B,Live-ball/pre-integration,1945.0,1960.0,1965.0,3.0,Power Hitter 2,0,114.0,1658.0,0.7321292400973676,,,,0.0,1.0,0.0027351065076564093,0
johnsbo02,Bob Johnson,Hitter,PH,Integration,1960.0,1970.0,1975.0,3.0,Power Hitter 2,0,44.0,628.0,0.6967588666293929,,,,,,0.0027351065076564093,0
johnsde01,Deron Johnson,Hitter,1B,Integration,1960.0,1976.0,1981.0,0.0,Power Hitter,0,245.0,1447.0,0.7305426574065796,,,,1.0,,0.0027351065076564093,0
johnsha01,Hank Johnson,Pitcher,P,Live-ball/pre-integration,1925.0,1939.0,1944.0,3.0,Power Hitter 2,0,2.0,81.0,0.555582419944122,63.0,11.0,4.751797436698968,,,0.0027351065076564093,0
clenddo01,Donn Clendenon,Hitter,1B,Expansion,1961.0,1972.0,1977.0,3.0,Power Hitter 2,0,159.0,1273.0,0.7707019301093341,,,,1.0,,0.0027351065076564093,0
donovdi01,Dick Donovan,Pitcher,P,Integration,1950.0,1965.0,1970.0,4.0,Workhorse Starting Pitcher,0,15.0,113.0,0.5045435975576092,122.0,5.0,3.667217448777264,2.0,4.0,0.0027351065076564093,0
lillibo01,Bob Lillis,Hitter,SS,Integration,1958.0,1967.0,1972.0,3.0,Power Hitter 2,0,3.0,549.0,0.5463181449187582,,,,,,0.0027351065076564093,0
clinety01,Ty Cline,Hitter,OF,Integration,1960.0,1971.0,1976.0,3.0,Power Hitter 2,0,6.0,437.0,0.607930931315054,,,,,,0.0027351065076564093,0
coangi01,Gil Coan,Hitter,OF,Live-ball/pre-integration,1946.0,1956.0,1961.0,3.0,Power Hitter 2,0,39.0,731.0,0.6751077937610448,,,,0.0,,0.0027351065076564093,0
coffmdi01,Dick Coffman,Pitcher,P,Live-ball/pre-integration,1927.0,1945.0,1950.0,1.0,Dominant Reliever / Closer,0,0.0,51.0,0.3329857819905213,72.0,38.0,4.653047249486419,0.0,,0.0027351065076564093,0
gotayju01,Julio Gotay,Hitter,SS,Integration,1960.0,1969.0,1974.0,3.0,Power Hitter 2,0,6.0,257.0,0.6316563636155108,,,,,,0.0027351065076564093,0
lepcite01,Ted Lepcio,Hitter,2B,Integration,1952.0,1961.0,1966.0,3.0,Power Hitter 2,0,69.0,512.0,0.7153021114566835,,,,,,0.0027351065076564093,0
lemonji01,Jim Lemon,Hitter,OF,Integration,1950.0,1963.0,1968.0,3.0,Power Hitter 2,0,164.0,901.0,0.7915773452688957,,,,0.0,2.0,0.0027351065076564093,0
jonesma01,Mack Jones,Hitter,OF,Expansion,1961.0,1971.0,1976.0,3.0,Power Hitter 2,0,133.0,778.0,0.7904216536607559,,,,,,0.0027351065076564093,0
lemasde01,Denny Lemaster,Pitcher,P,Expansion,1962.0,1972.0,1977.0,4.0,Workhorse Starting Pitcher,0,4.0,72.0,0.3461432354888545,90.0,8.0,3.584560880104419,,1.0,0.0027351065076564093,0
collipa01,Pat Collins,Hitter,C,Dead-ball,1919.0,1929.0,1934.0,3.0,Power Hitter 2,0,33.0,306.0,0.762236872701989,,,,,,0.0027351065076564093,0
colliri01,Rip Collins,Pitcher,P,Live-ball/pre-integration,1920.0,1931.0,1936.0,4.0,Workhorse Starting Pitcher,0,1.0,96.0,0.4283688653121142,108.0,5.0,3.9945493478684058,,,0.0027351065076564093,0
joneswi01,Willie Jones,Hitter,3B,Integration,1947.0,1961.0,1966.0,0.0,Power Hitter,0,190.0,1502.0,0.7534528949991521,,,,0.0,2.0,0.0027351065076564093,0
jorgear01,Arndt Jorgens,Hitter,C,Live-ball/pre-integration,1929.0,1939.0,1944.0,3.0,Power Hitter 2,0,4.0,176.0,0.6274305452653555,,,,,,0.0027351065076564093,0
naragha01,Hal Naragon,Hitter,C,Integration,1951.0,1962.0,1967.0,3.0,Power Hitter 2,0,6.0,262.0,0.654642122544487,,,,,,0.0027351065076564093,0
klimclo01,Lou Klimchock,Hitter,PH,Integration,1958.0,1970.0,1975.0,3.0,Power Hitter 2,0,13.0,155.0,0.5948416750707741,,,,,,0.0027351065076564093,0
blakesh01,Sheriff Blake,Pitcher,P,Live-ball/pre-integration,1920.0,1937.0,1942.0,4.0,Workhorse Starting Pitcher,0,0.0,118.0,0.4574638142694791,87.0,8.0,4.133333333333334,,,0.0027351065076564093,0
azcuejo01,Joe Azcue,Hitter,C,Integration,1960.0,1972.0,1977.0,3.0,Power Hitter 2,0,50.0,712.0,0.6479149582551362,,,,,1.0,0.0027351065076564093,0
postwa01,Wally Post,Hitter,OF,Integration,1949.0,1964.0,1969.0,3.0,Power Hitter 2,0,210.0,1064.0,0.8076948654192979,,,,0.0,,0.0027351065076564093,0
battsma01,Matt Batts,Hitter,C,Integration,1947.0,1956.0,1961.0,3.0,Power Hitter 2,0,26.0,432.0,0.71981138100611,,,,,,0.0027351065076564093,0
foytapa01,Paul Foytack,Pitcher,P,Integration,1953.0,1964.0,1969.0,4.0,Workhorse Starting Pitcher,0,1.0,82.0,0.4213320742783076,86.0,7.0,4.1395193591455275,,,0.0027351065076564093,0
powelja03,Jake Powell,Hitter,OF,Live-ball/pre-integration,1930.0,1945.0,1950.0,3.0,Power Hitter 2,0,22.0,689.0,0.6838704082694509,,,,,,0.0027351065076564093,0
paganjo01,Jose Pagan,Hitter,SS,Integration,1959.0,1973.0,1978.0,3.0,Power Hitter 2,0,52.0,922.0,0.6412452477658619,,,,0.0,,0.0027351065076564093,0
pagliji01,Jim Pagliaroni,Hitter,C,Integration,1955.0,1969.0,1974.0,3.0,Power Hitter 2,0,90.0,622.0,0.7514374901312992,,,,,,0.0027351065076564093,0
olivege01,Gene Oliver,Hitter,C,Integration,1959.0,1969.0,1974.0,3.0,Power Hitter 2,0,93.0,546.0,0.7420862085651359,,,,,,0.0027351065076564093,0
amaroru01,Ruben Amaro,Hitter,SS,Integration,1958.0,1969.0,1974.0,3.0,Power Hitter 2,0,8.0,505.0,0.6009956337272373,,,,1.0,,0.0027351065076564093,0
fowledi01,Dick Fowler,Pitcher,P,Live-ball/pre-integration,1941.0,1952.0,1957.0,4.0,Workhorse Starting Pitcher,0,1.0,88.0,0.4313350930814115,66.0,4.0,4.10974673829624,,,0.0027351065076564093,0
haynejo01,Joe Haynes,Pitcher,P,Live-ball/pre-integration,1939.0,1952.0,1957.0,4.0,Workhorse Starting Pitcher,0,1.0,111.0,0.4982944684220386,76.0,21.0,4.007590132827325,,1.0,0.0027351065076564093,0
priddje01,Jerry Priddy,Hitter,2B,Live-ball/pre-integration,1941.0,1953.0,1958.0,3.0,Power Hitter 2,0,61.0,1252.0,0.7252922281317332,,,,0.0,,0.0027351065076564093,0
amalfjo01,Joey Amalfitano,Hitter,2B,Integration,1954.0,1967.0,1972.0,3.0,Power Hitter 2,0,9.0,418.0,0.6410122084548104,,,,,,0.0027351065076564093,0
bengobe01,Benny Bengough,Hitter,C,Live-ball/pre-integration,1923.0,1932.0,1937.0,3.0,Power Hitter 2,0,0.0,287.0,0.6125393888421643,,,,0.0,,0.0027351065076564093,0
oconnda02,Danny O'Connell,Hitter,2B,Integration,1950.0,1962.0,1967.0,3.0,Power Hitter 2,0,39.0,1049.0,0.6844365738109712,,,,0.0,,0.0027351065076564093,0
foileha01,Hank Foiles,Hitter,C,Integration,1953.0,1964.0,1969.0,3.0,Power Hitter 2,0,46.0,353.0,0.7126572227963602,,,,,1.0,0.0027351065076564093,0
barbest01,Steve Barber,Pitcher,P,Integration,1960.0,1974.0,1979.0,4.0,Workhorse Starting Pitcher,0,5.0,65.0,0.3319227647536259,121.0,13.0,3.363181590795398,0.0,2.0,0.0027351065076564093,0
owensji01,Jim Owens,Pitcher,P,Integration,1955.0,1967.0,1972.0,1.0,Dominant Reliever / Closer,0,0.0,22.0,0.2780643383076741,42.0,21.0,4.3102409638554215,,,0.0027351065076564093,0
geigega01,Gary Geiger,Hitter,OF,Integration,1958.0,1970.0,1975.0,3.0,Power Hitter 2,0,77.0,633.0,0.7312770724203748,0.0,0.0,9.0,,,0.0027351065076564093,0
beckbo01,Boom-Boom Beck,Pitcher,P,Live-ball/pre-integration,1924.0,1945.0,1950.0,4.0,Workhorse Starting Pitcher,0,0.0,61.0,0.425732420521633,38.0,6.0,4.299806576402321,,,0.0027351065076564093,0
outlaji01,Jimmy Outlaw,Hitter,OF,Live-ball/pre-integration,1937.0,1949.0,1954.0,3.0,Power Hitter 2,0,6.0,529.0,0.6675260154037559,,,,,,0.0027351065076564093,0
beaucji01,Jim Beauchamp,Hitter,PH,Expansion,1963.0,1973.0,1978.0,3.0,Power Hitter 2,0,14.0,153.0,0.6220131390794355,,,,,,0.0027351065076564093,0
astrojo01,Joe Astroth,Hitter,C,Live-ball/pre-integration,1945.0,1956.0,1961.0,3.0,Power Hitter 2,0,13.0,401.0,0.6578969671460791,,,,,,0.0027351065076564093,0
asprobo01,Bob Aspromonte,Hitter,3B,Integration,1956.0,1971.0,1976.0,3.0,Power Hitter 2,0,60.0,1103.0,0.6440406895930988,,,,,,0.0027351065076564093,0
gharrpa01,Patsy Gharrity,Hitter,C,Dead-ball,1916.0,1930.0,1935.0,3.0,Power Hitter 2,0,20.0,513.0,0.6961891889534315,,,,,,0.0027351065076564093,0
phillbu02,Bubba Phillips,Hitter,3B,Integration,1955.0,1964.0,1969.0,3.0,Power Hitter 2,0,62.0,835.0,0.654755728992368,,,,0.0,,0.0027351065076564093,0
freesge02,Gene Freese,Hitter,3B,Integration,1955.0,1966.0,1971.0,3.0,Power Hitter 2,0,115.0,877.0,0.7227247927957934,,,,,,0.0027351065076564093,0
gumpera01,Randy Gumpert,Pitcher,P,Live-ball/pre-integration,1936.0,1952.0,1957.0,4.0,Workhorse Starting Pitcher,0,0.0,60.0,0.3949395235405403,51.0,7.0,4.172260924635845,,1.0,0.0027351065076564093,0
gibbojo01,Joe Gibbon,Pitcher,P,Integration,1960.0,1972.0,1977.0,1.0,Dominant Reliever / Closer,0,0.0,38.0,0.3386805806111404,61.0,32.0,3.5206906817505206,,,0.0027351065076564093,0
gernedi01,Dick Gernert,Hitter,1B,Integration,1952.0,1962.0,1967.0,3.0,Power Hitter 2,0,103.0,632.0,0.7762500072969387,,,,0.0,,0.0027351065076564093,0
ortegph01,Phil Ortega,Pitcher,P,Integration,1960.0,1969.0,1974.0,4.0,Workhorse Starting Pitcher,0,0.0,29.0,0.321517674431643,46.0,2.0,4.425919439579685,,,0.0027351065076564093,0
gibbsja01,Jake Gibbs,Hitter,C,Expansion,1962.0,1971.0,1976.0,3.0,Power Hitter 2,0,25.0,382.0,0.6104010789634244,,,,,,0.0027351065076564093,0
baumafr01,Frank Baumann,Pitcher,P,Integration,1955.0,1965.0,1970.0,3.0,Power Hitter 2,0,2.0,49.0,0.5942204655248133,45.0,13.0,4.108695652173913,,,0.0027351065076564093,0
francti01,Tito Francona,Hitter,OF,Integration,1956.0,1970.0,1975.0,3.0,Power Hitter 2,0,125.0,1395.0,0.7461552084722256,,,,0.0,1.0,0.0027351065076564093,0
grothjo01,Johnny Groth,Hitter,OF,Live-ball/pre-integration,1946.0,1960.0,1965.0,3.0,Power Hitter 2,0,60.0,1064.0,0.7462247899159664,,,,0.0,,0.0027351065076564093,0
batteea01,Earl Battey,Hitter,C,Integration,1955.0,1967.0,1972.0,3.0,Power Hitter 2,0,104.0,969.0,0.7573646729216874,,,,5.0,5.0,0.0027351065076564093,0
bergmo01,Moe Berg,Hitter,C,Live-ball/pre-integration,1923.0,1939.0,1944.0,3.0,Power Hitter 2,0,6.0,441.0,0.5768467500798328,,,,,,0.0027351065076564093,0
nixonru01,Russ Nixon,Hitter,C,Integration,1957.0,1968.0,1973.0,3.0,Power Hitter 2,0,27.0,670.0,0.6708553883359909,,,,,,0.0027351065076564093,0
bertore01,Reno Bertoia,Hitter,3B,Integration,1953.0,1962.0,1967.0,3.0,Power Hitter 2,0,27.0,425.0,0.6385165150690149,,,,,,0.0027351065076564093,0
gastoro01,Robert Gaston,Hitter,C,Live-ball/pre-integration,1932.0,1948.0,1953.0,3.0,Power Hitter 2,0,2.0,128.0,0.6184947798145204,,,,,,0.0027351065076564093,0
adairje01,Jerry Adair,Hitter,2B,Integration,1958.0,1970.0,1975.0,3.0,Power Hitter 2,0,57.0,1022.0,0.6386166062164009,,,,0.0,,0.0027351065076564093,0
bettshu01,Huck Betts,Pitcher,P,Live-ball/pre-integration,1920.0,1935.0,1940.0,3.0,Power Hitter 2,0,0.0,86.0,0.4517724690286435,61.0,16.0,3.9258355696511344,,,0.0027351065076564093,0
hannaji01,Jim Hannan,Pitcher,P,Expansion,1962.0,1971.0,1976.0,1.0,Dominant Reliever / Closer,0,0.0,19.0,0.2187629721876297,41.0,7.0,3.875912408759124,,,0.0027351065076564093,0
greenle01,Lenny Green,Hitter,OF,Integration,1957.0,1968.0,1973.0,3.0,Power Hitter 2,0,47.0,788.0,0.7305479877415455,,,,,,0.0027351065076564093,0
bilkost01,Steve Bilko,Hitter,1B,Integration,1949.0,1962.0,1967.0,3.0,Power Hitter 2,0,76.0,432.0,0.7799632732618585,,,,,,0.0027351065076564093,0
halleto01,Tom Haller,Hitter,C,Expansion,1961.0,1972.0,1977.0,3.0,Power Hitter 2,0,134.0,1011.0,0.7533750950719033,,,,0.0,3.0,0.0027351065076564093,0
gonzato01,Tony Gonzalez,Hitter,OF,Integration,1960.0,1971.0,1976.0,3.0,Power Hitter 2,0,103.0,1485.0,0.7635138985423332,,,,0.0,,0.0027351065076564093,0
goochjo01,Johnny Gooch,Hitter,C,Live-ball/pre-integration,1921.0,1933.0,1938.0,3.0,Power Hitter 2,0,7.0,662.0,0.6967753970198454,,,,,,0.0027351065076564093,0
fitzged01,Ed FitzGerald,Hitter,C,Integration,1948.0,1959.0,1964.0,3.0,Power Hitter 2,0,19.0,542.0,0.6590393666735949,,,,,,0.0027351065076564093,0
pavledo01,Don Pavletich,Hitter,C,Integration,1957.0,1971.0,1976.0,3.0,Power Hitter 2,0,46.0,349.0,0.7474413787232432,,,,,,0.0027351065076564093,0
gardnbi02,Billy Gardner,Hitter,2B,Integration,1954.0,1963.0,1968.0,3.0,Power Hitter 2,0,41.0,841.0,0.6190785388235363,,,,0.0,,0.0027351065076564093,0
grammal01,Alex Grammas,Hitter,SS,Integration,1954.0,1963.0,1968.0,3.0,Power Hitter 2,0,12.0,512.0,0.6351430272304075,,,,,,0.0027351065076564093,0
gomezru01,Ruben Gomez,Pitcher,P,Integration,1953.0,1967.0,1972.0,4.0,Workhorse Starting Pitcher,0,3.0,95.0,0.4688602546402822,76.0,5.0,4.085281980742779,0.0,,0.0027351065076564093,0
norenir01,Irv Noren,Hitter,OF,Integration,1950.0,1960.0,1965.0,3.0,Power Hitter 2,0,65.0,857.0,0.7578186899138526,,,,0.0,1.0,0.0027351065076564093,0
overmst01,Stubby Overmire,Pitcher,P,Live-ball/pre-integration,1943.0,1952.0,1957.0,3.0,Power Hitter 2,0,0.0,54.0,0.4586297237218164,58.0,10.0,3.964033018867924,,,0.0027351065076564093,0
parmero01,Roy Parmelee,Pitcher,P,Live-ball/pre-integration,1929.0,1939.0,1944.0,3.0,Power Hitter 2,0,5.0,82.0,0.5201526265095947,59.0,3.0,4.273728057125855,,,0.0027351065076564093,0
northji01,Jim Northrup,Hitter,OF,Expansion,1964.0,1975.0,1980.0,3.0,Power Hitter 2,0,153.0,1254.0,0.7627236212210637,,,,0.0,,0.0027351065076564093,0
allenbe01,Bernie Allen,Hitter,2B,Expansion,1962.0,1973.0,1978.0,3.0,Power Hitter 2,0,73.0,815.0,0.6712567999062157,,,,0.0,,0.0027351065076564093,0
purkebo01,Bob Purkey,Pitcher,P,Integration,1954.0,1966.0,1971.0,4.0,Workhorse Starting Pitcher,0,6.0,71.0,0.3245351077653806,129.0,9.0,3.792087011349307,1.0,4.0,0.0027351065076564093,0
heldwo01,Woodie Held,Hitter,SS,Integration,1954.0,1969.0,1974.0,3.0,Power Hitter 2,0,179.0,963.0,0.7526624914220886,,,,0.0,,0.0027351065076564093,0
kingje01,Jeff King,Hitter,3B,Free-agency,1989.0,1999.0,2004.0,3.0,Power Hitter 2,0,154.0,1091.0,0.7487969195974415,,,,3.0,,0.0027179212042312117,0
batisto01,Tony Batista,Hitter,3B,Steroid,1996.0,2007.0,2012.0,3.0,Power Hitter 2,0,221.0,1146.0,0.7519837632821504,,,,1.0,2.0,0.0026550539736454265,0
ugglada01,Dan Uggla,Hitter,2B,Post-steroid,2006.0,2015.0,2020.0,3.0,Power Hitter 2,0,235.0,1149.0,0.782790383705827,,,,5.0,3.0,0.0026550539736454265,0
maybejo01,John Mayberry,Hitter,1B,Expansion,1968.0,1982.0,1987.0,0.0,Power Hitter,0,255.0,1379.0,0.799019861772116,,,,5.0,2.0,0.0026550539736454265,0
jacksda02,Danny Jackson,Pitcher,P,Free-agency,1983.0,1997.0,2002.0,4.0,Workhorse Starting Pitcher,0,0.0,54.0,0.3112786745964316,112.0,1.0,4.007880347378578,5.0,2.0,0.002628574166751197,0
hurstbr01,Bruce Hurst,Pitcher,P,Free-agency,1980.0,1994.0,1999.0,4.0,Workhorse Starting Pitcher,0,0.0,31.0,0.3048562490689707,145.0,0.0,3.916712630998345,5.0,1.0,0.002628574166751197,0
mcgresc01,Scott McGregor,Pitcher,P,Free-agency,1976.0,1988.0,1993.0,4.0,Workhorse Starting Pitcher,0,0.0,0.0,,138.0,5.0,3.9898785425101218,2.0,1.0,0.002628574166751197,0
brilene01,Nelson Briles,Pitcher,P,Expansion,1965.0,1978.0,1983.0,4.0,Workhorse Starting Pitcher,0,3.0,72.0,0.3923456311516012,129.0,22.0,3.4394632991318077,0.0,,0.002628574166751197,0
doranbi02,Bill Doran,Hitter,2B,Free-agency,1982.0,1993.0,1998.0,3.0,Power Hitter 2,0,84.0,1366.0,0.7275265423618584,,,,3.0,,0.0025990697767070987,0
villoro01,Ron Villone,Pitcher,P,Steroid,1995.0,2009.0,2014.0,1.0,Dominant Reliever / Closer,0,1.0,22.0,0.3160054719562243,61.0,8.0,4.7311643835616435,,,0.0025990697767070987,0
garlajo01,Jon Garland,Pitcher,P,Steroid,2000.0,2013.0,2018.0,4.0,Workhorse Starting Pitcher,0,1.0,24.0,0.3528800611153552,136.0,1.0,4.371707468236752,2.0,1.0,0.0025990697767070987,0
gastoci01,Cito Gaston,Hitter,OF,Expansion,1967.0,1978.0,1983.0,3.0,Power Hitter 2,0,91.0,799.0,0.69508264590121,,,,0.0,1.0,0.0025990697767070987,0
gardnma01,Mark Gardner,Pitcher,P,Free-agency,1989.0,2001.0,2006.0,4.0,Workhorse Starting Pitcher,0,1.0,62.0,0.2975955204216074,99.0,1.0,4.559501322251605,,,0.0025990697767070987,0
villaca01,Carlos Villanueva,Pitcher,P,Post-steroid,2006.0,2016.0,2021.0,1.0,Dominant Reliever / Closer,0,0.0,11.0,0.2054878048780487,51.0,11.0,4.307743658210948,,,0.0025990697767070987,0
geronce01,Cesar Geronimo,Hitter,OF,Expansion,1969.0,1983.0,1988.0,3.0,Power Hitter 2,0,51.0,977.0,0.6930490838605396,,,,4.0,,0.0025990697767070987,0
doumiry01,Ryan Doumit,Hitter,C,Post-steroid,2005.0,2014.0,2019.0,3.0,Power Hitter 2,0,104.0,818.0,0.7556503389063588,,,,1.0,,0.0025990697767070987,0
garzama01,Matt Garza,Pitcher,P,Post-steroid,2006.0,2017.0,2022.0,4.0,Workhorse Starting Pitcher,0,0.0,22.0,0.2007815119548116,93.0,1.0,4.087879968823071,2.0,,0.0025990697767070987,0
gaudich01,Chad Gaudin,Pitcher,P,Steroid,2003.0,2013.0,2018.0,1.0,Dominant Reliever / Closer,0,0.0,2.0,0.1177257525083612,45.0,2.0,4.444400159426066,1.0,,0.0025990697767070987,0
dobsopa01,Pat Dobson,Pitcher,P,Expansion,1967.0,1977.0,1982.0,4.0,Workhorse Starting Pitcher,0,0.0,39.0,0.2906618852655499,122.0,19.0,3.535764816852696,0.0,1.0,0.0025990697767070987,0
thompro01,Robby Thompson,Hitter,2B,Free-agency,1986.0,1996.0,2001.0,3.0,Power Hitter 2,0,119.0,1187.0,0.7327350025532743,,,,5.0,2.0,0.0025990697767070987,0
gedmari01,Rich Gedman,Hitter,C,Free-agency,1980.0,1992.0,1997.0,3.0,Power Hitter 2,0,88.0,795.0,0.7029928107114628,,,,2.0,2.0,0.0025990697767070987,0
dotsori01,Richard Dotson,Pitcher,P,Free-agency,1979.0,1990.0,1995.0,4.0,Workhorse Starting Pitcher,0,0.0,0.0,,111.0,0.0,4.225412778176597,2.0,1.0,0.0025990697767070987,0
dragodi01,Dick Drago,Pitcher,P,Expansion,1969.0,1981.0,1986.0,1.0,Dominant Reliever / Closer,0,0.0,21.0,0.236511146182679,108.0,58.0,3.624,0.0,,0.0025990697767070987,0
veryzto01,Tom Veryzer,Hitter,SS,Expansion,1973.0,1984.0,1989.0,3.0,Power Hitter 2,0,14.0,687.0,0.5769340702975003,,,,,,0.0025990697767070987,0
garrewa01,Wayne Garrett,Hitter,3B,Expansion,1969.0,1978.0,1983.0,3.0,Power Hitter 2,0,61.0,786.0,0.6911111660170122,,,,1.0,,0.0025990697767070987,0
diazbo01,Bo Diaz,Hitter,C,Free-agency,1977.0,1989.0,1994.0,3.0,Power Hitter 2,0,87.0,834.0,0.6844549462064371,,,,2.0,2.0,0.0025990697767070987,0
dobbsgr01,Greg Dobbs,Hitter,PH,Steroid,2004.0,2014.0,2019.0,3.0,Power Hitter 2,0,46.0,548.0,0.6918216499761565,,,,,,0.0025990697767070987,0
disarga01,Gary Disarcina,Hitter,SS,Free-agency,1989.0,2000.0,2005.0,3.0,Power Hitter 2,0,28.0,966.0,0.6331002085426864,,,,0.0,1.0,0.0025990697767070987,0
derosma01,Mark DeRosa,Hitter,3B,Steroid,1998.0,2013.0,2018.0,3.0,Power Hitter 2,0,100.0,975.0,0.7510496486033107,,,,1.0,,0.0025990697767070987,0
vukovjo01,John Vukovich,Hitter,3B,Expansion,1970.0,1981.0,1986.0,3.0,Power Hitter 2,0,6.0,90.0,0.4251860314787811,,,,,,0.0025990697767070987,0
goltzda01,Dave Goltz,Pitcher,P,Expansion,1972.0,1983.0,1988.0,4.0,Workhorse Starting Pitcher,0,0.0,10.0,0.3063829787234042,113.0,8.0,3.68883804543226,0.0,,0.0025990697767070987,0
terrewa01,Walt Terrell,Pitcher,P,Free-agency,1982.0,1992.0,1997.0,4.0,Workhorse Starting Pitcher,0,3.0,23.0,0.3391729797979798,111.0,0.0,4.217617449664429,1.0,,0.0025990697767070987,0
gomezch02,Chris Gomez,Hitter,SS,Steroid,1993.0,2008.0,2013.0,3.0,Power Hitter 2,0,60.0,1206.0,0.6851542884772934,,,,0.0,,0.0025990697767070987,0
gomezje01,Jeanmar Gomez,Pitcher,P,Post-steroid,2010.0,2019.0,2024.0,1.0,Dominant Reliever / Closer,0,0.0,3.0,0.3157894736842105,28.0,40.0,4.505402160864345,,,0.0025990697767070987,0
gonzaal01,Alex Gonzalez,Hitter,SS,Steroid,1994.0,2006.0,2011.0,3.0,Power Hitter 2,0,137.0,1209.0,0.6936406183095194,,,,,,0.0025990697767070987,0
delluda01,David Dellucci,Hitter,OF,Steroid,1997.0,2009.0,2014.0,3.0,Power Hitter 2,0,101.0,736.0,0.7734242285990045,,,,,,0.0025990697767070987,0
gonzaal02,Alex Gonzalez,Hitter,SS,Steroid,1998.0,2014.0,2019.0,3.0,Power Hitter 2,0,157.0,1418.0,0.6851884688922081,,,,1.0,1.0,0.0025990697767070987,0
gonzaed01,Edgar Gonzalez,Pitcher,P,Steroid,2003.0,2013.0,2018.0,1.0,Dominant Reliever / Closer,0,0.0,12.0,0.3805555555555555,17.0,0.0,5.918478260869565,,,0.0025990697767070987,0
gonzagi01,Gio Gonzalez,Pitcher,P,Post-steroid,2008.0,2020.0,2025.0,4.0,Workhorse Starting Pitcher,0,3.0,37.0,0.2469153515064562,131.0,0.0,3.701500258665287,2.0,2.0,0.0025990697767070987,0
delarjo01,Jorge De La Rosa,Pitcher,P,Steroid,2004.0,2018.0,2023.0,4.0,Workhorse Starting Pitcher,0,0.0,48.0,0.2815330631341294,104.0,1.0,4.580779334500876,,,0.0025990697767070987,0
dejesiv01,Ivan de Jesus,Hitter,SS,Expansion,1974.0,1988.0,1993.0,3.0,Power Hitter 2,0,21.0,1167.0,0.6491159261977242,,,,,,0.0025990697767070987,0
dejeami01,Mike DeJean,Pitcher,P,Steroid,1997.0,2006.0,2011.0,1.0,Dominant Reliever / Closer,0,0.0,1.0,0.1764705882352941,30.0,52.0,4.302673796791444,1.0,,0.0025990697767070987,0
waitsri01,Rick Waits,Pitcher,P,Expansion,1973.0,1985.0,1990.0,4.0,Workhorse Starting Pitcher,0,0.0,0.0,0.0,79.0,8.0,4.250875963559916,1.0,,0.0025990697767070987,0
gloadro01,Ross Gload,Hitter,1B,Steroid,2000.0,2011.0,2016.0,3.0,Power Hitter 2,0,34.0,470.0,0.7331105335636184,0.0,0.0,0.0,1.0,,0.0025990697767070987,0
gleatje01,Jerry Don Gleaton,Pitcher,P,Free-agency,1979.0,1992.0,1997.0,1.0,Dominant Reliever / Closer,0,0.0,0.0,0.3333333333333333,15.0,26.0,4.245156482861401,,,0.0025990697767070987,0
vosbeed01,Ed Vosberg,Pitcher,P,Free-agency,1986.0,2002.0,2007.0,1.0,Dominant Reliever / Closer,0,0.0,0.0,0.0,10.0,13.0,4.319999999999999,,,0.0025990697767070987,0
diazei01,Einar Diaz,Hitter,C,Steroid,1996.0,2006.0,2011.0,3.0,Power Hitter 2,0,21.0,523.0,0.6487279670455952,,,,,,0.0025990697767070987,0
thomade01,Derrel Thomas,Hitter,2B,Expansion,1971.0,1985.0,1990.0,3.0,Power Hitter 2,0,43.0,1163.0,0.6492104836522649,,,,,,0.0025990697767070987,0
gilkebe01,Bernard Gilkey,Hitter,OF,Free-agency,1990.0,2001.0,2006.0,3.0,Power Hitter 2,0,118.0,1115.0,0.785164000775055,,,,0.0,,0.0025990697767070987,0
difelmi01,Mike Difelice,Hitter,C,Steroid,1996.0,2008.0,2013.0,3.0,Power Hitter 2,0,28.0,368.0,0.6433583092829809,,,,,,0.0025990697767070987,0
gimench01,Chris Gimenez,Hitter,C,Post-steroid,2009.0,2018.0,2023.0,3.0,Power Hitter 2,0,24.0,202.0,0.6515211993556165,0.0,0.0,13.090909090909092,,,0.0025990697767070987,0
thamema01,Marcus Thames,Hitter,OF,Steroid,2002.0,2011.0,2016.0,3.0,Power Hitter 2,0,115.0,450.0,0.7939757799671593,,,,,,0.0025990697767070987,0
virgioz02,Ozzie Virgil,Hitter,C,Free-agency,1980.0,1990.0,1995.0,3.0,Power Hitter 2,0,98.0,549.0,0.7401578403950809,,,,,2.0,0.0025990697767070987,0
vizcalu01,Luis Vizcaino,Pitcher,P,Steroid,1999.0,2009.0,2014.0,1.0,Dominant Reliever / Closer,0,0.0,0.0,0.0,35.0,8.0,4.329878048780488,,,0.0025990697767070987,0
volqued01,Edinson Volquez,Pitcher,P,Post-steroid,2005.0,2020.0,2025.0,4.0,Workhorse Starting Pitcher,0,1.0,28.0,0.2207075259125732,95.0,0.0,4.452468204354387,1.0,1.0,0.0025990697767070987,0
tewksbo01,Bob Tewksbury,Pitcher,P,Free-agency,1986.0,1998.0,2003.0,4.0,Workhorse Starting Pitcher,0,0.0,50.0,0.3270573566084788,110.0,1.0,3.919756502490315,1.0,1.0,0.0025990697767070987,0
teufeti01,Tim Teufel,Hitter,2B,Free-agency,1983.0,1993.0,1998.0,3.0,Power Hitter 2,0,86.0,789.0,0.7396668642259011,,,,0.0,,0.0025990697767070987,0
desseel01,Elmer Dessens,Pitcher,P,Steroid,1996.0,2010.0,2015.0,4.0,Workhorse Starting Pitcher,0,0.0,39.0,0.420324427480916,52.0,5.0,4.437411297189895,,,0.0025990697767070987,0
vogelry01,Ryan Vogelsong,Pitcher,P,Steroid,2000.0,2016.0,2021.0,4.0,Workhorse Starting Pitcher,0,1.0,43.0,0.3690410667902629,61.0,0.0,4.477310924369748,0.0,1.0,0.0025990697767070987,0
deshaji01,Jim Deshaies,Pitcher,P,Free-agency,1984.0,1995.0,2000.0,4.0,Workhorse Starting Pitcher,0,0.0,33.0,0.2298859912800931,84.0,0.0,4.142950819672131,0.0,,0.0025990697767070987,0
girarjo01,Joe Girardi,Hitter,C,Free-agency,1989.0,2003.0,2008.0,3.0,Power Hitter 2,0,36.0,1100.0,0.6655978475935087,,,,,1.0,0.0025990697767070987,0
driesda01,Dan Driessen,Hitter,1B,Expansion,1973.0,1987.0,1992.0,3.0,Power Hitter 2,0,153.0,1464.0,0.7665969604974646,,,,2.0,,0.0025990697767070987,0
gallemi01,Mike Gallego,Hitter,2B,Free-agency,1985.0,1997.0,2002.0,3.0,Power Hitter 2,0,42.0,700.0,0.6475119078173623,,,,,,0.0025990697767070987,0
duceyro01,Rob Ducey,Hitter,OF,Free-agency,1987.0,2001.0,2006.0,3.0,Power Hitter 2,0,31.0,309.0,0.7262338242568334,,,,,,0.0025990697767070987,0
fordda01,Dan Ford,Hitter,OF,Expansion,1975.0,1985.0,1990.0,3.0,Power Hitter 2,0,121.0,1123.0,0.7502805501141598,,,,1.0,,0.0025990697767070987,0
evereca01,Carl Everett,Hitter,OF,Steroid,1993.0,2006.0,2011.0,3.0,Power Hitter 2,0,202.0,1304.0,0.8023407551361643,,,,2.0,2.0,0.0025990697767070987,0
evelada01,Dana Eveland,Pitcher,P,Post-steroid,2005.0,2016.0,2021.0,1.0,Dominant Reliever / Closer,0,0.0,1.0,0.1704545454545454,20.0,2.0,5.464525765496639,,,0.0025990697767070987,0
floydga01,Gavin Floyd,Pitcher,P,Steroid,2004.0,2016.0,2021.0,4.0,Workhorse Starting Pitcher,0,0.0,5.0,0.1575757575757576,74.0,0.0,4.3704,1.0,,0.0025990697767070987,0
turneje01,Jerry Turner,Hitter,OF,Expansion,1974.0,1983.0,1988.0,3.0,Power Hitter 2,0,45.0,448.0,0.7062043675776881,,,,,,0.0025990697767070987,0
torboje01,Jeff Torborg,Hitter,C,Expansion,1964.0,1973.0,1978.0,3.0,Power Hitter 2,0,8.0,297.0,0.5331812885792906,,,,,,0.0025990697767070987,0
etchean01,Andy Etchebarren,Hitter,C,Expansion,1962.0,1978.0,1983.0,3.0,Power Hitter 2,0,49.0,615.0,0.6487364022791371,,,,0.0,2.0,0.0025990697767070987,0
flynndo01,Doug Flynn,Hitter,2B,Expansion,1975.0,1985.0,1990.0,3.0,Power Hitter 2,0,7.0,918.0,0.5596355505833157,,,,2.0,,0.0025990697767070987,0
twitcwa01,Wayne Twitchell,Pitcher,P,Expansion,1970.0,1979.0,1984.0,1.0,Dominant Reliever / Closer,0,0.0,33.0,0.3101086645696311,48.0,2.0,3.9793038570084662,1.0,1.0,0.0025990697767070987,0
estrama01,Marco Estrada,Pitcher,P,Post-steroid,2008.0,2019.0,2024.0,4.0,Workhorse Starting Pitcher,0,0.0,19.0,0.3534689619196661,62.0,0.0,4.286627597229622,0.0,1.0,0.0025990697767070987,0
velezot01,Otto Velez,Hitter,OF,Expansion,1973.0,1983.0,1988.0,3.0,Power Hitter 2,0,78.0,452.0,0.8102295883711452,,,,2.0,,0.0025990697767070987,0
tysonmi01,Mike Tyson,Hitter,2B,Expansion,1972.0,1981.0,1986.0,3.0,Power Hitter 2,0,27.0,714.0,0.6123335426432539,,,,,,0.0025990697767070987,0
estessh01,Shawn Estes,Pitcher,P,Steroid,1995.0,2008.0,2013.0,4.0,Workhorse Starting Pitcher,0,4.0,79.0,0.4081422213952334,101.0,0.0,4.713604766633566,,1.0,0.0025990697767070987,0
tomkobr01,Brett Tomko,Pitcher,P,Steroid,1997.0,2011.0,2016.0,4.0,Workhorse Starting Pitcher,0,0.0,71.0,0.3645142267433289,100.0,2.0,4.65363436123348,0.0,,0.0025990697767070987,0
fossera01,Ray Fosse,Hitter,C,Expansion,1967.0,1979.0,1984.0,3.0,Power Hitter 2,0,61.0,758.0,0.6727165883817732,,,,3.0,2.0,0.0025990697767070987,0
underto01,Tom Underwood,Pitcher,P,Expansion,1974.0,1984.0,1989.0,4.0,Workhorse Starting Pitcher,0,0.0,18.0,0.2985448286653105,86.0,18.0,3.8871374527112232,,,0.0025990697767070987,0
unserde01,Del Unser,Hitter,OF,Expansion,1968.0,1982.0,1987.0,3.0,Power Hitter 2,0,87.0,1344.0,0.6772650089305314,,,,1.0,,0.0025990697767070987,0
foxch02,Chad Fox,Pitcher,P,Steroid,1997.0,2009.0,2014.0,1.0,Dominant Reliever / Closer,0,0.0,0.0,0.0,10.0,6.0,3.789473684210526,,,0.0025990697767070987,0
upshawi01,Willie Upshaw,Hitter,1B,Free-agency,1978.0,1988.0,1993.0,3.0,Power Hitter 2,0,123.0,1103.0,0.7543030553429597,,,,1.0,,0.0025990697767070987,0
torreca01,Carlos Torres,Pitcher,P,Post-steroid,2009.0,2019.0,2024.0,1.0,Dominant Reliever / Closer,0,0.0,4.0,0.284313725490196,30.0,5.0,4.085526315789474,,,0.0025990697767070987,0
flowety01,Tyler Flowers,Hitter,C,Post-steroid,2009.0,2020.0,2025.0,3.0,Power Hitter 2,0,86.0,582.0,0.710189963854459,,,,,,0.0025990697767070987,0
farnsky01,Kyle Farnsworth,Pitcher,P,Steroid,1999.0,2014.0,2019.0,1.0,Dominant Reliever / Closer,0,0.0,4.0,0.2132822477650063,43.0,57.0,4.260283209710047,,,0.0025990697767070987,0
flannti01,Tim Flannery,Hitter,2B,Free-agency,1979.0,1989.0,1994.0,3.0,Power Hitter 2,0,9.0,631.0,0.6524246610362694,,,,,,0.0025990697767070987,0
fiersmi01,Mike Fiers,Pitcher,P,Post-steroid,2011.0,2021.0,2026.0,4.0,Workhorse Starting Pitcher,0,0.0,7.0,0.1627906976744186,75.0,0.0,4.073848827106864,2.0,,0.0025990697767070987,0
fistedo01,Doug Fister,Pitcher,P,Post-steroid,2009.0,2018.0,2023.0,4.0,Workhorse Starting Pitcher,0,0.0,16.0,0.3568783068783069,83.0,1.0,3.7206468244668383,1.0,,0.0025990697767070987,0
trevial01,Alex Trevino,Hitter,C,Free-agency,1978.0,1990.0,1995.0,3.0,Power Hitter 2,0,23.0,604.0,0.6429818000498628,,,,,,0.0025990697767070987,0
fickro01,Robert Fick,Hitter,1B,Steroid,1998.0,2007.0,2012.0,3.0,Power Hitter 2,0,69.0,613.0,0.7323582846587028,,,,1.0,1.0,0.0025990697767070987,0
trachst01,Steve Trachsel,Pitcher,P,Steroid,1993.0,2008.0,2013.0,4.0,Workhorse Starting Pitcher,0,3.0,106.0,0.40260663026046,143.0,0.0,4.386645341863255,2.0,1.0,0.0025990697767070987,0
fitzgmi02,Mike Fitzgerald,Hitter,C,Free-agency,1983.0,1992.0,1997.0,3.0,Power Hitter 2,0,48.0,545.0,0.6668626769573706,,,,,,0.0025990697767070987,0
fitzmal01,Al Fitzmorris,Pitcher,P,Expansion,1969.0,1978.0,1983.0,3.0,Power Hitter 2,0,0.0,24.0,0.5826489190975173,77.0,7.0,3.650743931088489,1.0,,0.0025990697767070987,0
torreyo01,Yorvit Torrealba,Hitter,C,Steroid,2001.0,2013.0,2018.0,3.0,Power Hitter 2,0,56.0,737.0,0.6940456908950106,,,,,,0.0025990697767070987,0
trombmi01,Mike Trombley,Pitcher,P,Free-agency,1992.0,2002.0,2007.0,1.0,Dominant Reliever / Closer,0,0.0,0.0,0.0,37.0,44.0,4.47926267281106,,,0.0025990697767070987,0
fernaal01,Alex Fernandez,Pitcher,P,Free-agency,1990.0,2000.0,2005.0,4.0,Workhorse Starting Pitcher,0,3.0,22.0,0.5374649859943977,107.0,0.0,3.73736034841886,2.0,,0.0025990697767070987,0
flahejo01,John Flaherty,Hitter,C,Free-agency,1992.0,2005.0,2010.0,3.0,Power Hitter 2,0,80.0,849.0,0.6667303623617605,,,,,,0.0025990697767070987,0
fermife01,Felix Fermin,Hitter,SS,Free-agency,1987.0,1996.0,2001.0,3.0,Power Hitter 2,0,4.0,718.0,0.6079626045832022,,,,,,0.0025990697767070987,0
fergujo01,Joe Ferguson,Hitter,C,Expansion,1970.0,1983.0,1988.0,3.0,Power Hitter 2,0,122.0,719.0,0.7668348606097201,,,,0.0,,0.0025990697767070987,0
troutst01,Steve Trout,Pitcher,P,Free-agency,1978.0,1989.0,1994.0,4.0,Workhorse Starting Pitcher,0,0.0,38.0,0.3575833559230144,88.0,4.0,4.178285968028419,,,0.0025990697767070987,0
felizpe01,Pedro Feliz,Hitter,3B,Steroid,2000.0,2010.0,2015.0,3.0,Power Hitter 2,0,140.0,1065.0,0.6978559051519074,,,,2.0,,0.0025990697767070987,0
fasansa01,Sal Fasano,Hitter,C,Steroid,1996.0,2008.0,2013.0,3.0,Power Hitter 2,0,47.0,245.0,0.6874601889575596,,,,,,0.0025990697767070987,0
tuckemi01,Michael Tucker,Hitter,OF,Steroid,1995.0,2006.0,2011.0,3.0,Power Hitter 2,0,125.0,1047.0,0.7625077805608964,,,,1.0,,0.0025990697767070987,0
escobyu01,Yunel Escobar,Hitter,SS,Post-steroid,2007.0,2017.0,2022.0,3.0,Power Hitter 2,0,90.0,1501.0,0.7359097163176374,,,,1.0,,0.0025990697767070987,0
uribejo01,Jose Uribe,Hitter,SS,Free-agency,1984.0,1993.0,1998.0,3.0,Power Hitter 2,0,19.0,738.0,0.61348847633048,,,,,,0.0025990697767070987,0
francfr01,Frank Francisco,Pitcher,P,Steroid,2004.0,2014.0,2019.0,1.0,Dominant Reliever / Closer,0,0.0,0.0,,20.0,73.0,4.006902502157032,1.0,,0.0025990697767070987,0
vanpoto01,Todd Van Poppel,Pitcher,P,Free-agency,1991.0,2004.0,2009.0,1.0,Dominant Reliever / Closer,0,0.0,9.0,0.3618792744573297,40.0,4.0,5.5766262403528115,,,0.0025990697767070987,0
tidrodi01,Dick Tidrow,Pitcher,P,Expansion,1972.0,1984.0,1989.0,1.0,Dominant Reliever / Closer,0,0.0,9.0,0.2171858216970998,100.0,55.0,3.6841603053435112,2.0,,0.0025990697767070987,0
vargaja01,Jason Vargas,Pitcher,P,Post-steroid,2005.0,2019.0,2024.0,4.0,Workhorse Starting Pitcher,0,0.0,24.0,0.410427807486631,99.0,0.0,4.294583079732197,2.0,1.0,0.0025990697767070987,0
fischmi01,Mike Fischlin,Hitter,SS,Free-agency,1977.0,1987.0,1992.0,3.0,Power Hitter 2,0,3.0,207.0,0.5645806311598094,,,,,,0.0025990697767070987,0
garcica01,Carlos Garcia,Hitter,2B,Free-agency,1990.0,1999.0,2004.0,3.0,Power Hitter 2,0,33.0,580.0,0.6816579170781571,,,,0.0,1.0,0.0025990697767070987,0
garcida01,Damaso Garcia,Hitter,2B,Free-agency,1978.0,1989.0,1994.0,3.0,Power Hitter 2,0,36.0,1108.0,0.6801447856634366,,,,3.0,2.0,0.0025990697767070987,0
easteja01,Jamie Easterly,Pitcher,P,Expansion,1974.0,1987.0,1992.0,1.0,Dominant Reliever / Closer,0,0.0,10.0,0.3842805939580133,23.0,14.0,4.622682660850599,,,0.0025990697767070987,0
dyerdu01,Duffy Dyer,Hitter,C,Expansion,1968.0,1981.0,1986.0,3.0,Power Hitter 2,0,30.0,441.0,0.6203788816413001,,,,,,0.0025990697767070987,0
durhale01,Leon Durham,Hitter,1B,Free-agency,1980.0,1989.0,1994.0,3.0,Power Hitter 2,0,147.0,992.0,0.8308885954090559,,,,2.0,2.0,0.0025990697767070987,0
duncada01,Dave Duncan,Hitter,C,Expansion,1964.0,1976.0,1981.0,3.0,Power Hitter 2,0,109.0,617.0,0.6360024785166964,,,,,1.0,0.0025990697767070987,0
thornan01,Andre Thornton,Hitter,DH,Expansion,1973.0,1987.0,1992.0,0.0,Power Hitter,0,253.0,1342.0,0.8112921156399417,,,,10.0,2.0,0.0025990697767070987,0
duffyfr01,Frank Duffy,Hitter,SS,Expansion,1970.0,1979.0,1984.0,3.0,Power Hitter 2,0,26.0,619.0,0.590481183092374,,,,,,0.0025990697767070987,0
dudalu01,Lucas Duda,Hitter,1B,Post-steroid,2010.0,2019.0,2024.0,3.0,Power Hitter 2,0,156.0,741.0,0.7821092000245247,,,,1.0,,0.0025990697767070987,0
garcija02,Jaime Garcia,Pitcher,P,Post-steroid,2008.0,2018.0,2023.0,4.0,Workhorse Starting Pitcher,0,3.0,45.0,0.3705050747943531,70.0,0.0,3.845814977973568,1.0,,0.0025990697767070987,0
thomsjo01,John Thomson,Pitcher,P,Steroid,1997.0,2007.0,2012.0,4.0,Workhorse Starting Pitcher,0,0.0,63.0,0.4484956654767975,63.0,0.0,4.683022828653897,,,0.0025990697767070987,0
velarra01,Randy Velarde,Hitter,2B,Free-agency,1987.0,2002.0,2007.0,3.0,Power Hitter 2,0,100.0,1171.0,0.7603306670087984,,,,,,0.0025990697767070987,0
garcika01,Karim Garcia,Hitter,OF,Steroid,1995.0,2004.0,2009.0,3.0,Power Hitter 2,0,66.0,352.0,0.7026328934223671,,,,1.0,,0.0025990697767070987,0
garciki01,Kiko Garcia,Hitter,SS,Free-agency,1976.0,1985.0,1990.0,3.0,Power Hitter 2,0,12.0,351.0,0.608843537414966,,,,,,0.0025990697767070987,0
eganto01,Tom Egan,Hitter,C,Expansion,1965.0,1975.0,1980.0,3.0,Power Hitter 2,0,22.0,196.0,0.5648954227024743,,,,,,0.0025990697767070987,0
eilanda01,Dave Eiland,Pitcher,P,Free-agency,1988.0,2000.0,2005.0,4.0,Workhorse Starting Pitcher,0,1.0,2.0,0.3181818181818182,12.0,0.0,5.742627345844504,,,0.0025990697767070987,0
ericksc01,Scott Erickson,Pitcher,P,Free-agency,1990.0,2006.0,2011.0,4.0,Workhorse Starting Pitcher,0,0.0,4.0,0.3479853479853479,142.0,0.0,4.586416266591359,2.0,,0.0025990697767070987,0
vandejo02,John Vander Wal,Hitter,PH,Free-agency,1991.0,2004.0,2009.0,3.0,Power Hitter 2,0,97.0,717.0,0.7921158195089155,,,,,,0.0025990697767070987,0
francje01,Jeff Francis,Pitcher,P,Steroid,2004.0,2015.0,2020.0,4.0,Workhorse Starting Pitcher,0,0.0,35.0,0.3217970445693218,72.0,1.0,4.970565453137103,0.0,,0.0025990697767070987,0
encarju01,Juan Encarnacion,Hitter,OF,Steroid,1997.0,2007.0,2012.0,3.0,Power Hitter 2,0,156.0,1264.0,0.7578721490188085,,,,,,0.0025990697767070987,0
vailmi01,Mike Vail,Hitter,OF,Expansion,1975.0,1984.0,1989.0,3.0,Power Hitter 2,0,34.0,447.0,0.7132264757952447,,,,,,0.0025990697767070987,0
valbulu01,Luis Valbuena,Hitter,3B,Post-steroid,2008.0,2018.0,2023.0,3.0,Power Hitter 2,0,114.0,710.0,0.7032407232348801,,,,,,0.0025990697767070987,0
embreal01,Alan Embree,Pitcher,P,Free-agency,1992.0,2009.0,2014.0,1.0,Dominant Reliever / Closer,0,0.0,0.0,0.25,39.0,25.0,4.593023255813954,,,0.0025990697767070987,0
valenbo02,Bobby Valentine,Hitter,SS,Expansion,1969.0,1979.0,1984.0,3.0,Power Hitter 2,0,12.0,441.0,0.6411007739659818,,,,1.0,,0.0025990697767070987,0
valenel01,Ellis Valentine,Hitter,OF,Expansion,1975.0,1985.0,1990.0,3.0,Power Hitter 2,0,123.0,881.0,0.7729985950144556,,,,1.0,1.0,0.0025990697767070987,0
tillmch01,Chris Tillman,Pitcher,P,Post-steroid,2009.0,2018.0,2023.0,4.0,Workhorse Starting Pitcher,0,0.0,0.0,0.0,74.0,0.0,4.574672489082969,,1.0,0.0025990697767070987,0
elsteke01,Kevin Elster,Hitter,SS,Free-agency,1986.0,2000.0,2005.0,3.0,Power Hitter 2,0,88.0,648.0,0.676902518450262,,,,1.0,,0.0025990697767070987,0
valenja01,Javier Valentin,Hitter,C,Steroid,1997.0,2008.0,2013.0,3.0,Power Hitter 2,0,45.0,379.0,0.7119486199223795,,,,,,0.0025990697767070987,0
ellswdi01,Dick Ellsworth,Pitcher,P,Integration,1958.0,1971.0,1976.0,4.0,Workhorse Starting Pitcher,0,0.0,59.0,0.247134952755453,115.0,5.0,3.71578784598732,0.0,1.0,0.0025990697767070987,0
valenjo03,Jose Valentin,Hitter,SS,Free-agency,1992.0,2007.0,2012.0,0.0,Power Hitter,0,249.0,1348.0,0.7688279216775451,,,,0.0,,0.0025990697767070987,0
valleda01,Dave Valle,Hitter,C,Free-agency,1984.0,1996.0,2001.0,3.0,Power Hitter 2,0,77.0,658.0,0.6871002451214465,,,,,,0.0025990697767070987,0
ellisjo01,John Ellis,Hitter,1B,Expansion,1969.0,1981.0,1986.0,3.0,Power Hitter 2,0,69.0,699.0,0.70413587116389,,,,,,0.0025990697767070987,0
ellisaj01,A. J. Ellis,Hitter,C,Post-steroid,2008.0,2018.0,2023.0,3.0,Power Hitter 2,0,44.0,466.0,0.6925254506347083,,,,,,0.0025990697767070987,0
gagliph01,Phil Gagliano,Hitter,PH,Expansion,1963.0,1974.0,1979.0,3.0,Power Hitter 2,0,14.0,336.0,0.629009446448695,,,,,,0.0025990697767070987,0
elartsc01,Scott Elarton,Pitcher,P,Steroid,1998.0,2008.0,2013.0,4.0,Workhorse Starting Pitcher,0,0.0,23.0,0.3441265060240964,56.0,3.0,5.288485607008761,1.0,,0.0025990697767070987,0
rasmuco01,Colby Rasmus,Hitter,OF,Post-steroid,2009.0,2018.0,2023.0,3.0,Power Hitter 2,0,166.0,891.0,0.7452921447725974,,,,2.0,,0.0025990697767070987,0
washiul01,U. L. Washington,Hitter,SS,Free-agency,1977.0,1987.0,1992.0,3.0,Power Hitter 2,0,27.0,703.0,0.6561790461951349,,,,,,0.0025990697767070987,0
deerro01,Rob Deer,Hitter,OF,Free-agency,1984.0,1996.0,2001.0,3.0,Power Hitter 2,0,230.0,853.0,0.7661368049814579,,,,1.0,,0.0025990697767070987,0
bennega01,Gary Bennett,Hitter,C,Steroid,1995.0,2008.0,2013.0,3.0,Power Hitter 2,0,22.0,408.0,0.6301737013709252,,,,,,0.0025990697767070987,0
bevacku01,Kurt Bevacqua,Hitter,PH,Expansion,1971.0,1985.0,1990.0,3.0,Power Hitter 2,0,27.0,499.0,0.6322694009540452,,,,,,0.0025990697767070987,0
betemwi01,Wilson Betemit,Hitter,3B,Steroid,2001.0,2013.0,2018.0,3.0,Power Hitter 2,0,75.0,558.0,0.774136720699752,,,,,,0.0025990697767070987,0
berryse01,Sean Berry,Hitter,3B,Free-agency,1990.0,2000.0,2005.0,3.0,Power Hitter 2,0,81.0,657.0,0.7786299027036389,,,,,,0.0025990697767070987,0
berryke01,Ken Berry,Hitter,OF,Expansion,1962.0,1975.0,1980.0,3.0,Power Hitter 2,0,58.0,1053.0,0.6522423605017014,,,,2.0,1.0,0.0025990697767070987,0
berryda01,Damon Berryhill,Hitter,C,Free-agency,1987.0,1997.0,2002.0,3.0,Power Hitter 2,0,47.0,488.0,0.6559693765492141,,,,0.0,,0.0025990697767070987,0
berroge01,Geronimo Berroa,Hitter,DH,Free-agency,1989.0,2000.0,2005.0,3.0,Power Hitter 2,0,101.0,692.0,0.7979941944642592,,,,2.0,,0.0025990697767070987,0
berrada01,Dale Berra,Hitter,SS,Free-agency,1977.0,1987.0,1992.0,3.0,Power Hitter 2,0,49.0,603.0,0.6379499786538237,,,,,,0.0025990697767070987,0
bernato01,Tony Bernazard,Hitter,2B,Free-agency,1979.0,1991.0,1996.0,3.0,Power Hitter 2,0,75.0,970.0,0.7255437734385103,,,,1.0,,0.0025990697767070987,0
berenju01,Juan Berenguer,Pitcher,P,Free-agency,1978.0,1992.0,1997.0,1.0,Dominant Reliever / Closer,0,0.0,2.0,0.2371794871794871,67.0,32.0,3.8976769911504423,1.0,,0.0025990697767070987,0
bereja01,Jason Bere,Pitcher,P,Steroid,1993.0,2003.0,2008.0,4.0,Workhorse Starting Pitcher,0,0.0,30.0,0.4420854507811029,71.0,0.0,5.135913591359136,0.0,1.0,0.0025990697767070987,0
benedbr01,Bruce Benedict,Hitter,C,Free-agency,1978.0,1989.0,1994.0,3.0,Power Hitter 2,0,18.0,696.0,0.6188803524395371,,,,,2.0,0.0025990697767070987,0
birddo01,Doug Bird,Pitcher,P,Expansion,1973.0,1983.0,1988.0,1.0,Dominant Reliever / Closer,0,0.0,11.0,0.3011033681765389,73.0,60.0,3.989563306783851,,,0.0025990697767070987,0
wittbo01,Bobby Witt,Pitcher,P,Free-agency,1986.0,2001.0,2006.0,4.0,Workhorse Starting Pitcher,0,1.0,9.0,0.3985541044776119,142.0,0.0,4.834077079107505,2.0,,0.0025990697767070987,0
wittmi01,Mike Witt,Pitcher,P,Free-agency,1981.0,1993.0,1998.0,4.0,Workhorse Starting Pitcher,0,0.0,0.0,,117.0,6.0,3.833359683794466,4.0,2.0,0.0025990697767070987,0
belliro01,Ronnie Belliard,Hitter,2B,Steroid,1998.0,2010.0,2015.0,3.0,Power Hitter 2,0,114.0,1377.0,0.7529458683078607,,,,,1.0,0.0025990697767070987,0
wockejo01,John Wockenfuss,Hitter,C,Expansion,1974.0,1985.0,1990.0,3.0,Power Hitter 2,0,86.0,543.0,0.7816722972972974,,,,,,0.0025990697767070987,0
bellhma01,Mark Bellhorn,Hitter,2B,Steroid,1997.0,2007.0,2012.0,3.0,Power Hitter 2,0,69.0,484.0,0.7353196108172466,,,,,,0.0025990697767070987,0
wohlfji01,Jim Wohlford,Hitter,OF,Expansion,1972.0,1986.0,1991.0,3.0,Power Hitter 2,0,21.0,793.0,0.656022538954453,,,,,,0.0025990697767070987,0
belinst01,Stan Belinda,Pitcher,P,Free-agency,1989.0,2000.0,2005.0,1.0,Dominant Reliever / Closer,0,0.0,4.0,0.4222222222222222,41.0,79.0,4.149805447470817,,,0.0025990697767070987,0
wolfra02,Randy Wolf,Pitcher,P,Steroid,1999.0,2015.0,2020.0,4.0,Workhorse Starting Pitcher,0,5.0,128.0,0.4737110011276783,133.0,1.0,4.240372226198998,1.0,1.0,0.0025990697767070987,0
bedarer01,Erik Bedard,Pitcher,P,Steroid,2002.0,2014.0,2019.0,4.0,Workhorse Starting Pitcher,0,0.0,9.0,0.3440860215053763,71.0,1.0,3.990283814881104,1.0,,0.0025990697767070987,0
beckhgo01,Gordon Beckham,Hitter,2B,Post-steroid,2009.0,2019.0,2024.0,3.0,Power Hitter 2,0,80.0,807.0,0.6670283324716464,,,,3.0,,0.0025990697767070987,0
bibbyji01,Jim Bibby,Pitcher,P,Expansion,1972.0,1984.0,1989.0,4.0,Workhorse Starting Pitcher,0,5.0,31.0,0.4567684295211076,111.0,8.0,3.756385448916408,2.0,1.0,0.0025990697767070987,0
blackbu02,Buddy Black,Pitcher,P,Free-agency,1981.0,1995.0,2000.0,4.0,Workhorse Starting Pitcher,0,0.0,26.0,0.3315321915926367,121.0,11.0,3.8396103896103897,1.0,,0.0025990697767070987,0
woodwch01,Chris Woodward,Hitter,SS,Steroid,1999.0,2011.0,2016.0,3.0,Power Hitter 2,0,33.0,408.0,0.6610298186845788,,,,,,0.0025990697767070987,0
bochtbr01,Bruce Bochte,Hitter,1B,Expansion,1974.0,1986.0,1991.0,3.0,Power Hitter 2,0,100.0,1478.0,0.755902731052291,,,,2.0,1.0,0.0025990697767070987,0
bosweke01,Ken Boswell,Hitter,2B,Expansion,1967.0,1977.0,1982.0,3.0,Power Hitter 2,0,31.0,625.0,0.6496611291159919,,,,,,0.0025990697767070987,0
bostoda01,Daryl Boston,Hitter,OF,Free-agency,1984.0,1994.0,1999.0,3.0,Power Hitter 2,0,83.0,655.0,0.7221645068072495,,,,,,0.0025990697767070987,0
bosmadi01,Dick Bosman,Pitcher,P,Expansion,1966.0,1976.0,1981.0,4.0,Workhorse Starting Pitcher,0,0.0,41.0,0.3122314222827795,82.0,2.0,3.6656191074795728,1.0,,0.0025990697767070987,0
bosleth01,Thad Bosley,Hitter,OF,Free-agency,1977.0,1990.0,1995.0,3.0,Power Hitter 2,0,20.0,430.0,0.686431820138702,,,,,,0.0025990697767070987,0
bosioch01,Chris Bosio,Pitcher,P,Free-agency,1986.0,1996.0,2001.0,4.0,Workhorse Starting Pitcher,0,0.0,0.0,,94.0,9.0,3.963157894736842,1.0,,0.0025990697767070987,0
bonneba01,Barry Bonnell,Hitter,OF,Free-agency,1977.0,1986.0,1991.0,3.0,Power Hitter 2,0,56.0,833.0,0.7117377918513297,,,,,,0.0025990697767070987,0
bonhabi01,Bill Bonham,Pitcher,P,Expansion,1971.0,1980.0,1985.0,4.0,Workhorse Starting Pitcher,0,0.0,81.0,0.4035411915808236,75.0,11.0,4.005826983415509,,,0.0025990697767070987,0
bonesri01,Ricky Bones,Pitcher,P,Free-agency,1991.0,2001.0,2006.0,4.0,Workhorse Starting Pitcher,0,0.0,2.0,0.3,63.0,1.0,4.850847457627119,,1.0,0.0025990697767070987,0
bohanbr01,Brian Bohanon,Pitcher,P,Free-agency,1990.0,2001.0,2006.0,3.0,Power Hitter 2,0,3.0,53.0,0.583934583934584,54.0,2.0,5.185483870967742,,,0.0025990697767070987,0
boehrbr01,Brian Boehringer,Pitcher,P,Steroid,1995.0,2004.0,2009.0,1.0,Dominant Reliever / Closer,0,0.0,2.0,0.2438330170777988,26.0,3.0,4.359725685785537,,,0.0025990697767070987,0
boccajo01,John Boccabella,Hitter,C,Expansion,1963.0,1974.0,1979.0,3.0,Power Hitter 2,0,26.0,320.0,0.5839979068641168,,,,,,0.0025990697767070987,0
blackti01,Tim Blackwell,Hitter,C,Expansion,1974.0,1983.0,1988.0,3.0,Power Hitter 2,0,6.0,238.0,0.6324122706858492,,,,,,0.0025990697767070987,0
williwa02,Walt Williams,Hitter,OF,Expansion,1964.0,1975.0,1980.0,3.0,Power Hitter 2,0,33.0,640.0,0.6752417263383019,,,,,,0.0025990697767070987,0
williwo02,Woody Williams,Pitcher,P,Steroid,1993.0,2007.0,2012.0,4.0,Workhorse Starting Pitcher,0,4.0,105.0,0.4886946386946387,132.0,0.0,4.186644608211761,1.0,1.0,0.0025990697767070987,0
blumge01,Geoff Blum,Hitter,3B,Steroid,1999.0,2012.0,2017.0,3.0,Power Hitter 2,0,99.0,990.0,0.6940118322141774,,,,,,0.0025990697767070987,0
blowemi01,Mike Blowers,Hitter,3B,Free-agency,1989.0,1999.0,2004.0,3.0,Power Hitter 2,0,78.0,591.0,0.7448807308408052,,,,1.0,,0.0025990697767070987,0
blasiwa01,Wade Blasingame,Pitcher,P,Expansion,1963.0,1972.0,1977.0,3.0,Power Hitter 2,0,3.0,44.0,0.497808271393177,46.0,5.0,4.52257815515245,,,0.0025990697767070987,0
wilsobo02,Bobby Wilson,Hitter,C,Post-steroid,2008.0,2019.0,2024.0,3.0,Power Hitter 2,0,18.0,189.0,0.5617761474872618,,,,,,0.0025990697767070987,0
blantjo01,Joe Blanton,Pitcher,P,Steroid,2004.0,2017.0,2022.0,4.0,Workhorse Starting Pitcher,0,0.0,23.0,0.2630032206119163,101.0,2.0,4.378653592306241,2.0,,0.0025990697767070987,0
wilsoda01,Dan Wilson,Hitter,C,Free-agency,1992.0,2005.0,2010.0,3.0,Power Hitter 2,0,88.0,1097.0,0.6910884962091198,,,,,1.0,0.0025990697767070987,0
blanche01,Henry Blanco,Hitter,C,Steroid,1997.0,2013.0,2018.0,3.0,Power Hitter 2,0,72.0,615.0,0.6493320904162783,,,,,,0.0025990697767070987,0
blairwi01,Willie Blair,Pitcher,P,Free-agency,1990.0,2001.0,2006.0,1.0,Dominant Reliever / Closer,0,0.0,11.0,0.1914706914706914,60.0,4.0,5.036891679748822,,,0.0025990697767070987,0
bautida01,Danny Bautista,Hitter,OF,Steroid,1993.0,2004.0,2009.0,3.0,Power Hitter 2,0,62.0,685.0,0.7238948611266958,,,,1.0,,0.0025990697767070987,0
batemjo01,John Bateman,Hitter,C,Expansion,1963.0,1972.0,1977.0,3.0,Power Hitter 2,0,81.0,765.0,0.6212369673043829,,,,,,0.0025990697767070987,0
boydoi01,Oil Can Boyd,Pitcher,P,Free-agency,1982.0,1991.0,1996.0,4.0,Workhorse Starting Pitcher,0,0.0,6.0,0.1549946294307196,78.0,0.0,4.0412568961381625,,,0.0025990697767070987,0
alicelu01,Luis Alicea,Hitter,2B,Free-agency,1988.0,2002.0,2007.0,3.0,Power Hitter 2,0,47.0,1031.0,0.715396804307125,,,,,,0.0025990697767070987,0
anderda02,Dave Anderson,Hitter,SS,Free-agency,1983.0,1992.0,1997.0,3.0,Power Hitter 2,0,19.0,490.0,0.6294232752001755,,,,,,0.0025990697767070987,0
youngjo02,Joel Youngblood,Hitter,OF,Free-agency,1976.0,1989.0,1994.0,3.0,Power Hitter 2,0,80.0,969.0,0.7214940015643996,,,,,1.0,0.0025990697767070987,0
youngke01,Kevin Young,Hitter,1B,Free-agency,1992.0,2003.0,2008.0,3.0,Power Hitter 2,0,144.0,1007.0,0.7618694629453713,,,,1.0,,0.0025990697767070987,0
youngma01,Matt Young,Pitcher,P,Free-agency,1983.0,1993.0,1998.0,1.0,Dominant Reliever / Closer,0,0.0,0.0,0.0,55.0,25.0,4.4029139815074245,,1.0,0.0025990697767070987,0
anderbr04,Brett Anderson,Pitcher,P,Post-steroid,2009.0,2021.0,2026.0,4.0,Workhorse Starting Pitcher,0,0.0,12.0,0.3064347826086956,67.0,3.0,4.072493422975739,1.0,,0.0025990697767070987,0
alvarwi01,Wilson Alvarez,Pitcher,P,Free-agency,1989.0,2005.0,2010.0,4.0,Workhorse Starting Pitcher,0,0.0,13.0,0.3085592769803296,102.0,4.0,3.9601373259584207,2.0,1.0,0.0025990697767070987,0
alouje01,Jesus Alou,Hitter,OF,Expansion,1963.0,1979.0,1984.0,3.0,Power Hitter 2,0,32.0,1216.0,0.6583660495580677,,,,,,0.0025990697767070987,0
almonbi01,Bill Almon,Hitter,SS,Expansion,1974.0,1988.0,1993.0,3.0,Power Hitter 2,0,36.0,846.0,0.6477838834685308,,,,0.0,,0.0025990697767070987,0
alleyge01,Gene Alley,Hitter,SS,Expansion,1963.0,1973.0,1978.0,3.0,Power Hitter 2,0,55.0,999.0,0.6645719602578679,,,,4.0,2.0,0.0025990697767070987,0
allenne01,Neil Allen,Pitcher,P,Free-agency,1979.0,1989.0,1994.0,1.0,Dominant Reliever / Closer,0,0.0,15.0,0.3351510685335298,58.0,75.0,3.879258010118044,3.0,,0.0025990697767070987,0
zaungr01,Gregg Zaun,Hitter,C,Steroid,1995.0,2010.0,2015.0,3.0,Power Hitter 2,0,88.0,878.0,0.7321681733170187,,,,,,0.0025990697767070987,0
andujjo01,Joaquin Andujar,Pitcher,P,Free-agency,1976.0,1988.0,1993.0,4.0,Workhorse Starting Pitcher,0,5.0,77.0,0.3456358162090139,127.0,9.0,3.582443102647469,7.0,4.0,0.0025990697767070987,0
alfonan01,Antonio Alfonseca,Pitcher,P,Steroid,1997.0,2007.0,2012.0,1.0,Dominant Reliever / Closer,0,0.0,2.0,0.2857142857142857,35.0,129.0,4.1109298531810765,2.0,,0.0025990697767070987,0
akerja01,Jack Aker,Pitcher,P,Expansion,1964.0,1974.0,1979.0,1.0,Dominant Reliever / Closer,0,0.0,7.0,0.1935707678075856,47.0,123.0,3.2815013404825737,1.0,,0.0025990697767070987,0
aguaylu01,Luis Aguayo,Hitter,SS,Free-agency,1980.0,1989.0,1994.0,3.0,Power Hitter 2,0,37.0,260.0,0.697180982679392,,,,,,0.0025990697767070987,0
agostju01,Juan Agosto,Pitcher,P,Free-agency,1981.0,1993.0,1998.0,1.0,Dominant Reliever / Closer,0,0.0,2.0,0.2428571428571428,40.0,29.0,4.0090473656200105,,,0.0025990697767070987,0
adamste01,Terry Adams,Pitcher,P,Steroid,1995.0,2005.0,2010.0,1.0,Dominant Reliever / Closer,0,0.0,4.0,0.1920095408467501,51.0,42.0,4.172162576687116,,,0.0025990697767070987,0
zimmejo02,Jordan Zimmermann,Pitcher,P,Post-steroid,2009.0,2021.0,2026.0,4.0,Workhorse Starting Pitcher,0,1.0,56.0,0.3842315798528969,95.0,0.0,4.070631970260223,4.0,2.0,0.0025990697767070987,0
ackerji01,Jim Acker,Pitcher,P,Free-agency,1983.0,1992.0,1997.0,1.0,Dominant Reliever / Closer,0,0.0,9.0,0.3816137566137566,33.0,30.0,3.970880943604865,,,0.0025990697767070987,0
abbotpa01,Paul Abbott,Pitcher,P,Free-agency,1990.0,2004.0,2009.0,3.0,Power Hitter 2,0,0.0,5.0,0.55,43.0,0.0,4.9204440333024975,,,0.0025990697767070987,0
abbotji01,Jim Abbott,Pitcher,P,Free-agency,1989.0,1999.0,2004.0,4.0,Workhorse Starting Pitcher,0,0.0,2.0,0.1904761904761904,87.0,0.0,4.252688172043011,3.0,,0.0025990697767070987,0
abbotgl01,Glenn Abbott,Pitcher,P,Expansion,1973.0,1984.0,1989.0,3.0,Power Hitter 2,0,0.0,0.0,,62.0,0.0,4.388024883359254,,,0.0025990697767070987,0
andinro01,Robert Andino,Hitter,2B,Post-steroid,2005.0,2016.0,2021.0,3.0,Power Hitter 2,0,18.0,313.0,0.6115858843537415,,,,,,0.0025990697767070987,0
ariasal01,Alex Arias,Hitter,SS,Free-agency,1992.0,2002.0,2007.0,3.0,Power Hitter 2,0,18.0,470.0,0.6878734340637804,,,,,,0.0025990697767070987,0
basske01,Kevin Bass,Hitter,OF,Free-agency,1982.0,1995.0,2000.0,3.0,Power Hitter 2,0,118.0,1308.0,0.7346316938381886,,,,3.0,1.0,0.0025990697767070987,0
bankhsc01,Scott Bankhead,Pitcher,P,Free-agency,1986.0,1995.0,2000.0,3.0,Power Hitter 2,0,0.0,2.0,0.4444444444444444,57.0,1.0,4.175360710321865,,,0.0025990697767070987,0
wrighcl01,Clyde Wright,Pitcher,P,Expansion,1966.0,1975.0,1980.0,4.0,Workhorse Starting Pitcher,0,4.0,69.0,0.4777482340934117,100.0,3.0,3.4986502121095255,1.0,1.0,0.0025990697767070987,0
bartobo01,Bob Barton,Hitter,C,Expansion,1965.0,1974.0,1979.0,3.0,Power Hitter 2,0,9.0,237.0,0.5737751651217625,,,,,,0.0025990697767070987,0
barremi01,Michael Barrett,Hitter,C,Steroid,1998.0,2009.0,2014.0,3.0,Power Hitter 2,0,98.0,925.0,0.7416139434244515,,,,2.0,,0.0025990697767070987,0
barmecl01,Clint Barmes,Hitter,SS,Steroid,2003.0,2015.0,2020.0,3.0,Power Hitter 2,0,89.0,932.0,0.6728441905698006,,,,1.0,,0.0025990697767070987,0
barfije01,Jesse Barfield,Hitter,OF,Free-agency,1981.0,1992.0,1997.0,3.0,Power Hitter 2,0,241.0,1219.0,0.8015049834917708,,,,4.0,1.0,0.0025990697767070987,0
wrighja02,Jaret Wright,Pitcher,P,Steroid,1997.0,2007.0,2012.0,4.0,Workhorse Starting Pitcher,0,1.0,11.0,0.3758599124452783,68.0,2.0,5.089102124742975,0.0,,0.0025990697767070987,0
bardjo01,Josh Bard,Hitter,C,Steroid,2002.0,2011.0,2016.0,3.0,Power Hitter 2,0,39.0,452.0,0.7046612824996672,,,,,,0.0025990697767070987,0
barajro01,Rod Barajas,Hitter,C,Steroid,1999.0,2012.0,2017.0,3.0,Power Hitter 2,0,136.0,812.0,0.6910740475985062,,,,,,0.0025990697767070987,0
wynegbu01,Butch Wynegar,Hitter,C,Free-agency,1976.0,1988.0,1993.0,3.0,Power Hitter 2,0,65.0,1102.0,0.6954860927005755,,,,1.0,2.0,0.0025990697767070987,0
bannifl01,Floyd Bannister,Pitcher,P,Free-agency,1977.0,1992.0,1997.0,4.0,Workhorse Starting Pitcher,0,0.0,14.0,0.3826219512195122,134.0,0.0,4.062814070351759,0.0,1.0,0.0025990697767070987,0
bakopa01,Paul Bako,Hitter,C,Steroid,1998.0,2009.0,2014.0,3.0,Power Hitter 2,0,24.0,508.0,0.6225771424237547,,,,,,0.0025990697767070987,0
arrigge01,Gerry Arrigo,Pitcher,P,Expansion,1961.0,1970.0,1975.0,1.0,Dominant Reliever / Closer,0,1.0,27.0,0.4037798644954237,35.0,4.0,4.137096774193548,,,0.0025990697767070987,0
bakersc02,Scott Baker,Pitcher,P,Post-steroid,2005.0,2015.0,2020.0,4.0,Workhorse Starting Pitcher,0,0.0,3.0,0.21875,66.0,0.0,4.260488415779586,,,0.0025990697767070987,0
bairdo01,Doug Bair,Pitcher,P,Free-agency,1976.0,1990.0,1995.0,1.0,Dominant Reliever / Closer,0,1.0,5.0,0.2692307692307692,55.0,81.0,3.63233137829912,1.0,,0.0025990697767070987,0
bailobo01,Bob Bailor,Hitter,OF,Expansion,1975.0,1985.0,1990.0,3.0,Power Hitter 2,0,9.0,775.0,0.6355283541820282,0.0,0.0,7.7142857142857135,,,0.0025990697767070987,0
baileho02,Homer Bailey,Pitcher,P,Post-steroid,2007.0,2020.0,2025.0,4.0,Workhorse Starting Pitcher,0,0.0,61.0,0.3745969847846523,81.0,0.0,4.5588585017835905,3.0,,0.0025990697767070987,0
ayalabe01,Benny Ayala,Hitter,PH,Expansion,1974.0,1985.0,1990.0,3.0,Power Hitter 2,0,38.0,217.0,0.7387891694554305,,,,,,0.0025990697767070987,0
avilemi01,Mike Aviles,Hitter,SS,Post-steroid,2008.0,2017.0,2022.0,3.0,Power Hitter 2,0,60.0,786.0,0.6709287032519462,,,,1.0,,0.0025990697767070987,0
averyst01,Steve Avery,Pitcher,P,Free-agency,1990.0,2003.0,2008.0,4.0,Workhorse Starting Pitcher,0,4.0,76.0,0.4455488462585308,96.0,0.0,4.185463121783877,4.0,1.0,0.0025990697767070987,0
augusje01,Jerry Augustine,Pitcher,P,Expansion,1975.0,1984.0,1989.0,3.0,Power Hitter 2,0,0.0,0.0,,55.0,11.0,4.233050847457627,,,0.0025990697767070987,0
auerbri01,Rick Auerbach,Hitter,SS,Expansion,1971.0,1981.0,1986.0,3.0,Power Hitter 2,0,9.0,309.0,0.5717984281091077,,,,,,0.0025990697767070987,0
youngcu01,Curt Young,Pitcher,P,Free-agency,1983.0,1993.0,1998.0,4.0,Workhorse Starting Pitcher,0,0.0,0.0,0.0,69.0,0.0,4.308943089430894,,,0.0025990697767070987,0
bourjpe01,Peter Bourjos,Hitter,OF,Post-steroid,2010.0,2019.0,2024.0,3.0,Power Hitter 2,0,43.0,502.0,0.6687369816634338,,,,,,0.0025990697767070987,0
willije02,Jerome Williams,Pitcher,P,Steroid,2003.0,2016.0,2021.0,1.0,Dominant Reliever / Closer,0,0.0,18.0,0.2552659387108137,52.0,2.0,4.588863709938491,,,0.0025990697767070987,0
deazaal01,Alejandro De Aza,Hitter,OF,Post-steroid,2007.0,2017.0,2022.0,3.0,Power Hitter 2,0,51.0,669.0,0.7208772258413843,,,,1.0,,0.0025990697767070987,0
clarkma01,Mark Clark,Pitcher,P,Free-agency,1991.0,2000.0,2005.0,4.0,Workhorse Starting Pitcher,0,1.0,14.0,0.1702940304896118,74.0,0.0,4.607114201658198,1.0,,0.0025990697767070987,0
colomje01,Jesus Colome,Pitcher,P,Steroid,2001.0,2010.0,2015.0,1.0,Dominant Reliever / Closer,0,0.0,0.0,0.0,19.0,6.0,4.686473807662236,,,0.0025990697767070987,0
wasdijo01,John Wasdin,Pitcher,P,Steroid,1995.0,2007.0,2012.0,1.0,Dominant Reliever / Closer,0,0.0,3.0,0.4105263157894737,39.0,7.0,5.275210084033613,,,0.0025990697767070987,0
washbja01,Jarrod Washburn,Pitcher,P,Steroid,1998.0,2009.0,2014.0,4.0,Workhorse Starting Pitcher,0,0.0,9.0,0.5238600212089077,107.0,1.0,4.095152924342694,1.0,,0.0025990697767070987,0
colesda01,Darnell Coles,Hitter,3B,Free-agency,1983.0,1997.0,2002.0,3.0,Power Hitter 2,0,75.0,709.0,0.6886290052001975,,,,,,0.0025990697767070987,0
colboji01,Jim Colborn,Pitcher,P,Expansion,1969.0,1978.0,1983.0,4.0,Workhorse Starting Pitcher,0,0.0,4.0,0.2143540669856459,83.0,7.0,3.803213689482471,1.0,1.0,0.0025990697767070987,0
washiro01,Ron Washington,Hitter,SS,Free-agency,1977.0,1989.0,1994.0,3.0,Power Hitter 2,0,20.0,414.0,0.6592829969947742,,,,,,0.0025990697767070987,0
colbena01,Nate Colbert,Hitter,1B,Expansion,1966.0,1976.0,1981.0,3.0,Power Hitter 2,0,173.0,833.0,0.7724735126355275,,,,0.0,3.0,0.0025990697767070987,0
clinege01,Gene Clines,Hitter,OF,Expansion,1970.0,1979.0,1984.0,3.0,Power Hitter 2,0,5.0,645.0,0.6698847506893226,,,,0.0,,0.0025990697767070987,0
clevere01,Reggie Cleveland,Pitcher,P,Expansion,1969.0,1981.0,1986.0,4.0,Workhorse Starting Pitcher,0,0.0,49.0,0.4704022988505747,105.0,25.0,4.014925373134329,1.0,,0.0025990697767070987,0
weaveje01,Jeff Weaver,Pitcher,P,Steroid,1999.0,2010.0,2015.0,4.0,Workhorse Starting Pitcher,0,0.0,43.0,0.4777504472271914,104.0,2.0,4.705658324265506,,,0.0025990697767070987,0
webstle01,Lenny Webster,Hitter,C,Free-agency,1989.0,2000.0,2005.0,3.0,Power Hitter 2,0,33.0,368.0,0.6989582170309615,,,,,,0.0025990697767070987,0
cookaa01,Aaron Cook,Pitcher,P,Steroid,2002.0,2012.0,2017.0,4.0,Workhorse Starting Pitcher,0,0.0,58.0,0.3749000593196296,76.0,0.0,4.601327328750889,,1.0,0.0025990697767070987,0
webstmi01,Mitch Webster,Hitter,OF,Free-agency,1983.0,1995.0,2000.0,3.0,Power Hitter 2,0,70.0,900.0,0.73026534732801,,,,,,0.0025990697767070987,0
clarkda05,Dave Clark,Hitter,OF,Free-agency,1986.0,1998.0,2003.0,3.0,Power Hitter 2,0,62.0,518.0,0.7454034422966362,,,,,,0.0025990697767070987,0
wegmabi01,Bill Wegman,Pitcher,P,Free-agency,1985.0,1995.0,2000.0,4.0,Workhorse Starting Pitcher,0,0.0,0.0,,81.0,2.0,4.158048561151079,1.0,,0.0025990697767070987,0
wehnejo01,John Wehner,Hitter,PH,Free-agency,1991.0,2001.0,2006.0,3.0,Power Hitter 2,0,4.0,200.0,0.625686832579441,,,,,,0.0025990697767070987,0
clancji01,Jim Clancy,Pitcher,P,Free-agency,1977.0,1991.0,1996.0,4.0,Workhorse Starting Pitcher,0,0.0,9.0,0.3252247488101533,140.0,10.0,4.225900423728813,3.0,1.0,0.0025990697767070987,0
chrisja01,Jason Christiansen,Pitcher,P,Steroid,1995.0,2005.0,2010.0,1.0,Dominant Reliever / Closer,0,0.0,1.0,0.2,27.0,16.0,4.295926210607225,,,0.0025990697767070987,0
chavera01,Raul Chavez,Hitter,C,Steroid,1996.0,2009.0,2014.0,3.0,Power Hitter 2,0,7.0,157.0,0.5704284777978044,,,,,,0.0025990697767070987,0
chaveen01,Endy Chavez,Hitter,OF,Steroid,2001.0,2014.0,2019.0,3.0,Power Hitter 2,0,30.0,849.0,0.6720038107335662,,,,2.0,,0.0025990697767070987,0
chatwty01,Tyler Chatwood,Pitcher,P,Post-steroid,2011.0,2021.0,2026.0,4.0,Workhorse Starting Pitcher,0,0.0,42.0,0.4737661742814611,52.0,5.0,4.445371775417299,,,0.0025990697767070987,0
chaneda01,Darrel Chaney,Hitter,SS,Expansion,1969.0,1979.0,1984.0,3.0,Power Hitter 2,0,14.0,458.0,0.5839488022623744,,,,,,0.0025990697767070987,0
contrjo01,Jose Contreras,Pitcher,P,Steroid,2003.0,2013.0,2018.0,1.0,Dominant Reliever / Closer,0,0.0,0.0,0.09375,78.0,9.0,4.565217391304348,3.0,1.0,0.0025990697767070987,0
wardtu01,Turner Ward,Hitter,OF,Free-agency,1990.0,2001.0,2006.0,3.0,Power Hitter 2,0,39.0,389.0,0.7206340755152987,,,,,,0.0025990697767070987,0
cedenro02,Ronny Cedeno,Hitter,SS,Post-steroid,2005.0,2014.0,2019.0,3.0,Power Hitter 2,0,40.0,629.0,0.641358285739509,,,,,,0.0025990697767070987,0
daalom01,Omar Daal,Pitcher,P,Steroid,1993.0,2003.0,2008.0,4.0,Workhorse Starting Pitcher,0,2.0,53.0,0.4840636411058946,68.0,1.0,4.550055617352614,,,0.0025990697767070987,0
davisst02,Storm Davis,Pitcher,P,Free-agency,1982.0,1994.0,1999.0,4.0,Workhorse Starting Pitcher,0,0.0,1.0,0.125,113.0,11.0,4.023212280044927,1.0,,0.0025990697767070987,0
walkbo01,Bob Walk,Pitcher,P,Free-agency,1980.0,1993.0,1998.0,4.0,Workhorse Starting Pitcher,0,1.0,74.0,0.3605047272192179,105.0,5.0,4.030012004801921,0.0,1.0,0.0025990697767070987,0
davisro02,Ron Davis,Pitcher,P,Free-agency,1978.0,1988.0,1993.0,1.0,Dominant Reliever / Closer,0,0.0,0.0,0.0,47.0,130.0,4.05,1.0,1.0,0.0025990697767070987,0
davismi02,Mike Davis,Hitter,OF,Free-agency,1980.0,1989.0,1994.0,3.0,Power Hitter 2,0,91.0,778.0,0.7275721921560903,,,,1.0,,0.0025990697767070987,0
davisjo02,Jody Davis,Hitter,C,Free-agency,1981.0,1990.0,1995.0,3.0,Power Hitter 2,0,127.0,877.0,0.7101519822254856,,,,2.0,2.0,0.0025990697767070987,0
davisdo02,Doug Davis,Pitcher,P,Steroid,1999.0,2011.0,2016.0,4.0,Workhorse Starting Pitcher,0,0.0,34.0,0.1952431829795141,92.0,0.0,4.437925004857198,,,0.0025990697767070987,0
dauerri01,Rich Dauer,Hitter,2B,Free-agency,1976.0,1985.0,1990.0,3.0,Power Hitter 2,0,43.0,984.0,0.6529021640637993,,,,,,0.0025990697767070987,0
danksjo01,John Danks,Pitcher,P,Post-steroid,2007.0,2016.0,2021.0,4.0,Workhorse Starting Pitcher,0,0.0,2.0,0.2033333333333333,79.0,0.0,4.376274944567628,,,0.0025990697767070987,0
walkene01,Neil Walker,Hitter,2B,Post-steroid,2009.0,2020.0,2025.0,3.0,Power Hitter 2,0,149.0,1224.0,0.7643353376798041,0.0,0.0,0.0,1.0,,0.0025990697767070987,0
dacqujo01,John D'Acquisto,Pitcher,P,Expansion,1973.0,1982.0,1987.0,1.0,Dominant Reliever / Closer,0,1.0,23.0,0.384142005360757,34.0,15.0,4.559640872167593,1.0,,0.0025990697767070987,0
custja01,Jack Cust,Hitter,DH,Steroid,2001.0,2011.0,2016.0,3.0,Power Hitter 2,0,105.0,510.0,0.8132863518167059,,,,2.0,,0.0025990697767070987,0
coraal01,Alex Cora,Hitter,SS,Steroid,1998.0,2011.0,2016.0,3.0,Power Hitter 2,0,35.0,828.0,0.6475115749402544,,,,,,0.0025990697767070987,0
curtijo01,John Curtis,Pitcher,P,Expansion,1970.0,1984.0,1989.0,4.0,Workhorse Starting Pitcher,0,0.0,63.0,0.4191320920686117,89.0,11.0,3.959780621572212,,,0.0025990697767070987,0
curtich01,Chad Curtis,Hitter,OF,Free-agency,1992.0,2001.0,2006.0,3.0,Power Hitter 2,0,101.0,1061.0,0.745070182659572,,,,,,0.0025990697767070987,0
cummimi01,Midre Cummings,Hitter,OF,Steroid,1993.0,2005.0,2010.0,3.0,Power Hitter 2,0,22.0,286.0,0.7026165902267045,,,,,,0.0025990697767070987,0
culpra01,Ray Culp,Pitcher,P,Expansion,1963.0,1973.0,1978.0,4.0,Workhorse Starting Pitcher,0,1.0,74.0,0.3084128686043871,122.0,1.0,3.57945566286216,1.0,2.0,0.0025990697767070987,0
cromawa01,Warren Cromartie,Hitter,OF,Expansion,1974.0,1991.0,1996.0,3.0,Power Hitter 2,0,61.0,1104.0,0.7387761428682145,,,,3.0,,0.0025990697767070987,0
credejo01,Joe Crede,Hitter,3B,Steroid,2000.0,2009.0,2014.0,3.0,Power Hitter 2,0,140.0,787.0,0.7476755887112699,,,,5.0,1.0,0.0025990697767070987,0
crawfwi01,Willie Crawford,Hitter,OF,Expansion,1964.0,1977.0,1982.0,3.0,Power Hitter 2,0,86.0,921.0,0.7565663855034812,,,,2.0,,0.0025990697767070987,0
crawfst01,Steve Crawford,Pitcher,P,Free-agency,1980.0,1991.0,1996.0,3.0,Power Hitter 2,0,0.0,0.0,,30.0,19.0,4.174763033175355,,,0.0025990697767070987,0
wardda01,Daryle Ward,Hitter,PH,Steroid,1998.0,2008.0,2013.0,3.0,Power Hitter 2,0,90.0,588.0,0.7676511079418804,,,,1.0,,0.0025990697767070987,0
correke01,Kevin Correia,Pitcher,P,Steroid,2003.0,2015.0,2020.0,4.0,Workhorse Starting Pitcher,0,0.0,36.0,0.2911254019292604,76.0,0.0,4.62389174055063,,1.0,0.0025990697767070987,0
cervefr01,Francisco Cervelli,Hitter,C,Post-steroid,2008.0,2020.0,2025.0,3.0,Power Hitter 2,0,41.0,605.0,0.74005986601805,,,,,,0.0025990697767070987,0
cecilbr01,Brett Cecil,Pitcher,P,Post-steroid,2009.0,2018.0,2023.0,1.0,Dominant Reliever / Closer,0,0.0,0.0,0.0,44.0,12.0,4.285714285714286,,1.0,0.0025990697767070987,0
bradfbu01,Buddy Bradford,Hitter,OF,Expansion,1966.0,1976.0,1981.0,3.0,Power Hitter 2,0,52.0,363.0,0.6756459593183067,,,,,,0.0025990697767070987,0
wiggity01,Ty Wigginton,Hitter,3B,Steroid,2002.0,2013.0,2018.0,3.0,Power Hitter 2,0,169.0,1170.0,0.7580435721410279,,,,1.0,1.0,0.0025990697767070987,0
whitfte01,Terry Whitfield,Hitter,OF,Expansion,1974.0,1986.0,1991.0,3.0,Power Hitter 2,0,33.0,537.0,0.723902235176161,,,,,,0.0025990697767070987,0
buckjo01,John Buck,Hitter,C,Steroid,2004.0,2014.0,2019.0,3.0,Power Hitter 2,0,134.0,844.0,0.6983644774342448,,,,0.0,1.0,0.0025990697767070987,0
brownol02,Ollie Brown,Hitter,OF,Expansion,1965.0,1977.0,1982.0,3.0,Power Hitter 2,0,102.0,964.0,0.7183629263530417,,,,,,0.0025990697767070987,0
whitsed01,Ed Whitson,Pitcher,P,Free-agency,1977.0,1991.0,1996.0,4.0,Workhorse Starting Pitcher,0,1.0,72.0,0.2973484848484848,126.0,8.0,3.7928571428571423,1.0,1.0,0.0025990697767070987,0
whitter01,Ernie Whitt,Hitter,C,Free-agency,1976.0,1991.0,1996.0,3.0,Power Hitter 2,0,134.0,938.0,0.7338039604634315,,,,1.0,1.0,0.0025990697767070987,0
brownla01,Larry Brown,Hitter,SS,Expansion,1963.0,1974.0,1979.0,3.0,Power Hitter 2,0,47.0,803.0,0.6122132457668015,,,,,,0.0025990697767070987,0
brownje01,Jerry Browne,Hitter,2B,Free-agency,1986.0,1995.0,2000.0,3.0,Power Hitter 2,0,23.0,866.0,0.7016069609925617,,,,,,0.0025990697767070987,0
brookto01,Tom Brookens,Hitter,3B,Free-agency,1979.0,1990.0,1995.0,3.0,Power Hitter 2,0,71.0,950.0,0.6633814433116738,,,,1.0,,0.0025990697767070987,0
widgech01,Chris Widger,Hitter,C,Steroid,1995.0,2006.0,2011.0,3.0,Power Hitter 2,0,55.0,435.0,0.6893939393939394,,,,,,0.0025990697767070987,0
wietema01,Matt Wieters,Hitter,C,Post-steroid,2009.0,2020.0,2025.0,3.0,Power Hitter 2,0,146.0,996.0,0.7221787699632631,,,,2.0,4.0,0.0025990697767070987,0
brookhu01,Hubie Brooks,Hitter,OF,Free-agency,1980.0,1994.0,1999.0,3.0,Power Hitter 2,0,149.0,1608.0,0.7174237599730846,,,,6.0,2.0,0.0025990697767070987,0
burbada01,Dave Burba,Pitcher,P,Free-agency,1990.0,2004.0,2009.0,4.0,Workhorse Starting Pitcher,0,3.0,26.0,0.3700330297267541,115.0,3.0,4.485655353459591,,,0.0025990697767070987,0
brockgr01,Greg Brock,Hitter,1B,Free-agency,1982.0,1991.0,1996.0,3.0,Power Hitter 2,0,110.0,794.0,0.7365849808543574,,,,0.0,,0.0025990697767070987,0
wilforo01,Rob Wilfong,Hitter,2B,Free-agency,1977.0,1987.0,1992.0,3.0,Power Hitter 2,0,39.0,668.0,0.6479185711093505,,,,,,0.0025990697767070987,0
wilkecu01,Curt Wilkerson,Hitter,SS,Free-agency,1983.0,1993.0,1998.0,3.0,Power Hitter 2,0,8.0,600.0,0.5914259393178348,,,,,,0.0025990697767070987,0
wilkiri01,Rick Wilkins,Hitter,C,Free-agency,1991.0,2001.0,2006.0,3.0,Power Hitter 2,0,81.0,515.0,0.742357119848753,,,,,,0.0025990697767070987,0
brettke01,Ken Brett,Pitcher,P,Expansion,1967.0,1981.0,1986.0,3.0,Power Hitter 2,0,10.0,91.0,0.6975488488456789,83.0,11.0,3.9270583096746017,1.0,1.0,0.0025990697767070987,0
breamsi01,Sid Bream,Hitter,1B,Free-agency,1983.0,1994.0,1999.0,3.0,Power Hitter 2,0,90.0,819.0,0.7554642460464378,,,,2.0,,0.0025990697767070987,0
braunst01,Steve Braun,Hitter,OF,Expansion,1971.0,1985.0,1990.0,3.0,Power Hitter 2,0,52.0,989.0,0.7376828114425737,,,,,,0.0025990697767070987,0
braggda01,Darren Bragg,Hitter,OF,Steroid,1994.0,2004.0,2009.0,3.0,Power Hitter 2,0,46.0,627.0,0.7212383694347582,,,,,,0.0025990697767070987,0
bradlmi01,Milton Bradley,Hitter,OF,Steroid,2000.0,2011.0,2016.0,3.0,Power Hitter 2,0,125.0,976.0,0.8042949207326253,,,,1.0,1.0,0.0025990697767070987,0
willied01,Eddie Williams,Hitter,1B,Free-agency,1986.0,1998.0,2003.0,3.0,Power Hitter 2,0,39.0,288.0,0.7171849326111341,,,,,,0.0025990697767070987,0
buechst01,Steve Buechele,Hitter,3B,Free-agency,1985.0,1995.0,2000.0,3.0,Power Hitter 2,0,137.0,1046.0,0.7101031411157994,,,,,,0.0025990697767070987,0
whitero02,Rondell White,Hitter,OF,Steroid,1993.0,2007.0,2012.0,0.0,Power Hitter,0,198.0,1519.0,0.7987974987468225,,,,2.0,1.0,0.0025990697767070987,0
caterda01,Danny Cater,Hitter,1B,Expansion,1964.0,1975.0,1980.0,3.0,Power Hitter 2,0,66.0,1229.0,0.6925219219350387,,,,0.0,,0.0025990697767070987,0
callaal01,Alberto Callaspo,Hitter,3B,Post-steroid,2006.0,2015.0,2020.0,3.0,Power Hitter 2,0,52.0,941.0,0.692860506602919,,,,,,0.0025990697767070987,0
castrst01,Starlin Castro,Hitter,SS,Post-steroid,2010.0,2021.0,2026.0,3.0,Power Hitter 2,0,138.0,1722.0,0.7316109050363939,,,,2.0,4.0,0.0025990697767070987,0
castifr01,Frank Castillo,Pitcher,P,Free-agency,1991.0,2005.0,2010.0,4.0,Workhorse Starting Pitcher,0,0.0,37.0,0.2515129101667563,82.0,2.0,4.563936481404095,,,0.0025990697767070987,0
castica01,Carmelo Castillo,Hitter,OF,Free-agency,1982.0,1991.0,1996.0,3.0,Power Hitter 2,0,55.0,383.0,0.7156499405166725,,,,,,0.0025990697767070987,0
castial01,Alberto Castillo,Hitter,C,Steroid,1995.0,2007.0,2012.0,3.0,Power Hitter 2,0,12.0,226.0,0.5902090545554043,,,,,,0.0025990697767070987,0
casanpa01,Paul Casanova,Hitter,C,Expansion,1965.0,1974.0,1979.0,3.0,Power Hitter 2,0,50.0,627.0,0.57113380011604,,,,1.0,1.0,0.0025990697767070987,0
carmofa01,Roberto Hernandez,Pitcher,P,Post-steroid,2006.0,2016.0,2021.0,4.0,Workhorse Starting Pitcher,0,0.0,4.0,0.1223620881155127,71.0,1.0,4.604907975460123,2.0,1.0,0.0025990697767070987,0
carmado01,Don Carman,Pitcher,P,Free-agency,1983.0,1992.0,1997.0,1.0,Dominant Reliever / Closer,0,0.0,12.0,0.1237669788430576,53.0,11.0,4.111030741410488,,,0.0025990697767070987,0
capuach01,Chris Capuano,Pitcher,P,Steroid,2003.0,2016.0,2021.0,4.0,Workhorse Starting Pitcher,0,1.0,46.0,0.3074671495956873,77.0,0.0,4.381440895313593,1.0,1.0,0.0025990697767070987,0
campbbi02,Bill Campbell,Pitcher,P,Expansion,1973.0,1987.0,1992.0,1.0,Dominant Reliever / Closer,0,0.0,4.0,0.4205128205128205,83.0,126.0,3.5433839479392626,5.0,1.0,0.0025990697767070987,0
camacer01,Ernie Camacho,Pitcher,P,Free-agency,1980.0,1990.0,1995.0,1.0,Dominant Reliever / Closer,0,0.0,0.0,0.0,10.0,45.0,4.214467005076142,,,0.0025990697767070987,0
caldeiv01,Ivan Calderon,Hitter,OF,Free-agency,1984.0,1993.0,1998.0,3.0,Power Hitter 2,0,104.0,901.0,0.7745148327363869,,,,,1.0,0.0025990697767070987,0
burleri01,Rick Burleson,Hitter,SS,Expansion,1974.0,1987.0,1992.0,3.0,Power Hitter 2,0,50.0,1401.0,0.6888202623553755,,,,5.0,4.0,0.0025990697767070987,0
cahiltr01,Trevor Cahill,Pitcher,P,Post-steroid,2009.0,2021.0,2026.0,4.0,Workhorse Starting Pitcher,0,0.0,23.0,0.2894540014958863,86.0,1.0,4.256245854521335,1.0,1.0,0.0025990697767070987,0
cadargr01,Greg Cadaret,Pitcher,P,Free-agency,1987.0,1998.0,2003.0,1.0,Dominant Reliever / Closer,0,0.0,0.0,0.0,38.0,14.0,3.988495167970547,,,0.0025990697767070987,0
cabelen01,Enos Cabell,Hitter,3B,Expansion,1972.0,1986.0,1991.0,3.0,Power Hitter 2,0,60.0,1647.0,0.6775170753785384,,,,0.0,,0.0025990697767070987,0
byrdati01,Tim Byrdak,Pitcher,P,Steroid,1998.0,2013.0,2018.0,1.0,Dominant Reliever / Closer,0,0.0,2.0,0.3846153846153846,13.0,4.0,4.345436702649656,,,0.0025990697767070987,0
buterdr01,Drew Butera,Hitter,C,Post-steroid,2010.0,2021.0,2026.0,3.0,Power Hitter 2,0,19.0,262.0,0.5419260825832409,0.0,0.0,7.5,,,0.0025990697767070987,0
whitega01,Gabe White,Pitcher,P,Steroid,1994.0,2005.0,2010.0,1.0,Dominant Reliever / Closer,0,1.0,4.0,0.3124156545209177,34.0,17.0,4.510514018691589,,,0.0025990697767070987,0
whiteje01,Jerry White,Hitter,OF,Expansion,1974.0,1986.0,1991.0,3.0,Power Hitter 2,0,21.0,303.0,0.699640960062955,,,,,,0.0025990697767070987,0
bushra01,Randy Bush,Hitter,OF,Free-agency,1982.0,1993.0,1998.0,3.0,Power Hitter 2,0,96.0,763.0,0.7467169203456501,,,,,,0.0025990697767070987,0
burrira01,Ray Burris,Pitcher,P,Expansion,1973.0,1987.0,1992.0,4.0,Workhorse Starting Pitcher,0,1.0,76.0,0.392727597074389,108.0,4.0,4.173773987206824,1.0,,0.0025990697767070987,0
whiteri01,Rick White,Pitcher,P,Steroid,1994.0,2007.0,2012.0,1.0,Dominant Reliever / Closer,0,0.0,4.0,0.2299154334038055,42.0,16.0,4.454580745341615,,,0.0025990697767070987,0
gosgeji01,Jim Gosger,Hitter,OF,Expansion,1963.0,1974.0,1979.0,3.0,Power Hitter 2,0,30.0,411.0,0.6399977412888367,,,,,,0.0025990697767070987,0
hansoer01,Erik Hanson,Pitcher,P,Free-agency,1988.0,1998.0,2003.0,4.0,Workhorse Starting Pitcher,0,0.0,6.0,0.3333333333333333,89.0,0.0,4.148949849978568,1.0,1.0,0.0025990697767070987,0
graffto01,Tony Graffanino,Hitter,2B,Steroid,1996.0,2009.0,2014.0,3.0,Power Hitter 2,0,58.0,746.0,0.7287730314309957,,,,,,0.0025990697767070987,0
medicdo01,Doc Medich,Pitcher,P,Expansion,1972.0,1982.0,1987.0,4.0,Workhorse Starting Pitcher,0,0.0,5.0,0.247765006385696,124.0,2.0,3.777295492487479,1.0,,0.0025990697767070987,0
milleno01,Norm Miller,Hitter,OF,Expansion,1965.0,1974.0,1979.0,3.0,Power Hitter 2,0,24.0,325.0,0.6783607435693069,,,,,,0.0025990697767070987,0
milleda02,Damian Miller,Hitter,C,Steroid,1997.0,2007.0,2012.0,3.0,Power Hitter 2,0,87.0,834.0,0.7400579817342423,,,,,1.0,0.0025990697767070987,0
ruhleve01,Vern Ruhle,Pitcher,P,Expansion,1974.0,1986.0,1991.0,4.0,Workhorse Starting Pitcher,0,0.0,27.0,0.4197266148485661,67.0,11.0,3.730514879546528,,,0.0025990697767070987,0
mientdo01,Doug Mientkiewicz,Hitter,1B,Steroid,1998.0,2009.0,2014.0,3.0,Power Hitter 2,0,66.0,899.0,0.7646625363391817,,,,1.0,,0.0025990697767070987,0
michaja01,Jason Michaels,Hitter,OF,Steroid,2001.0,2011.0,2016.0,3.0,Power Hitter 2,0,59.0,613.0,0.7424901470414937,,,,1.0,,0.0025990697767070987,0
ruschgl01,Glendon Rusch,Pitcher,P,Steroid,1997.0,2009.0,2014.0,4.0,Workhorse Starting Pitcher,0,3.0,50.0,0.3693065534991273,67.0,4.0,5.038131768953069,,,0.0025990697767070987,0
meyerda01,Dan Meyer,Hitter,1B,Expansion,1974.0,1985.0,1990.0,3.0,Power Hitter 2,0,86.0,944.0,0.6728825044552271,,,,2.0,,0.0025990697767070987,0
mercejo03,Jordy Mercer,Hitter,SS,Post-steroid,2012.0,2021.0,2026.0,3.0,Power Hitter 2,0,66.0,796.0,0.7005990331634357,,,,,,0.0025990697767070987,0
menkede01,Denis Menke,Hitter,SS,Expansion,1962.0,1974.0,1979.0,3.0,Power Hitter 2,0,101.0,1270.0,0.7128581623933343,,,,0.0,2.0,0.0025990697767070987,0
melvibo01,Bob Melvin,Hitter,C,Free-agency,1985.0,1994.0,1999.0,3.0,Power Hitter 2,0,35.0,456.0,0.6041717328413903,,,,,,0.0025990697767070987,0
meltobi01,Bill Melton,Hitter,3B,Expansion,1968.0,1977.0,1982.0,3.0,Power Hitter 2,0,160.0,1004.0,0.7556040384700029,,,,0.0,1.0,0.0025990697767070987,0
mechegi01,Gil Meche,Pitcher,P,Steroid,1999.0,2010.0,2015.0,4.0,Workhorse Starting Pitcher,0,0.0,3.0,0.2608695652173913,84.0,0.0,4.486385850593438,1.0,1.0,0.0025990697767070987,0
milletr02,Trever Miller,Pitcher,P,Steroid,1996.0,2011.0,2016.0,1.0,Dominant Reliever / Closer,0,0.0,1.0,0.5,18.0,11.0,4.178980891719745,,,0.0025990697767070987,0
mcwilla01,Larry McWilliams,Pitcher,P,Free-agency,1978.0,1990.0,1995.0,4.0,Workhorse Starting Pitcher,0,0.0,60.0,0.3174712800210111,78.0,3.0,3.9850267379679143,2.0,,0.0025990697767070987,0
ruthvdi01,Dick Ruthven,Pitcher,P,Expansion,1973.0,1986.0,1991.0,4.0,Workhorse Starting Pitcher,0,1.0,123.0,0.43500747313231,123.0,1.0,4.139402560455192,1.0,2.0,0.0025990697767070987,0
mcraebr01,Brian McRae,Hitter,CF,Free-agency,1990.0,1999.0,2004.0,3.0,Power Hitter 2,0,103.0,1336.0,0.7264937186496844,,,,1.0,,0.0025990697767070987,0
mcmulke01,Ken McMullen,Hitter,3B,Expansion,1962.0,1977.0,1982.0,3.0,Power Hitter 2,0,156.0,1273.0,0.6989775193306165,,,,0.0,,0.0025990697767070987,0
mcgowdu01,Dustin McGowan,Pitcher,P,Post-steroid,2005.0,2017.0,2022.0,1.0,Dominant Reliever / Closer,0,0.0,2.0,0.1481481481481481,35.0,2.0,4.497693490517683,1.0,,0.0025990697767070987,0
mcgloly01,Lynn McGlothen,Pitcher,P,Expansion,1972.0,1982.0,1987.0,4.0,Workhorse Starting Pitcher,0,0.0,79.0,0.4020156774916013,86.0,2.0,3.984197640774538,0.0,1.0,0.0025990697767070987,0
ryanmi02,Mike Ryan,Hitter,C,Expansion,1964.0,1974.0,1979.0,3.0,Power Hitter 2,0,28.0,370.0,0.5322447492413352,,,,,,0.0025990697767070987,0
mccrato01,Tommy McCraw,Hitter,1B,Expansion,1963.0,1975.0,1980.0,3.0,Power Hitter 2,0,75.0,972.0,0.670157910650597,,,,,,0.0025990697767070987,0
mccraqu01,Quinton McCracken,Hitter,OF,Steroid,1995.0,2006.0,2011.0,3.0,Power Hitter 2,0,21.0,675.0,0.7093416997180675,,,,1.0,,0.0025990697767070987,0
rzepcma01,Marc Rzepczynski,Pitcher,P,Post-steroid,2009.0,2018.0,2023.0,1.0,Dominant Reliever / Closer,0,0.0,0.0,0.0,14.0,2.0,3.892638036809816,,,0.0025990697767070987,0
mccaski01,Kirk McCaskill,Pitcher,P,Free-agency,1985.0,1996.0,2001.0,4.0,Workhorse Starting Pitcher,0,0.0,0.0,,106.0,7.0,4.117408906882591,,,0.0025990697767070987,0
milleri01,Rick Miller,Hitter,OF,Expansion,1971.0,1985.0,1990.0,3.0,Power Hitter 2,0,28.0,1046.0,0.6962602187598752,,,,1.0,,0.0025990697767070987,0
millsal01,Alan Mills,Pitcher,P,Free-agency,1990.0,2001.0,2006.0,1.0,Dominant Reliever / Closer,0,0.0,0.0,0.1666666666666666,39.0,15.0,4.117924528301887,,,0.0025990697767070987,0
grebecr01,Craig Grebeck,Hitter,2B,Free-agency,1990.0,2001.0,2006.0,3.0,Power Hitter 2,0,19.0,518.0,0.6957849811183687,,,,,,0.0025990697767070987,0
moosebo01,Bob Moose,Pitcher,P,Expansion,1967.0,1976.0,1981.0,4.0,Workhorse Starting Pitcher,0,1.0,56.0,0.3809735809267178,76.0,19.0,3.499233128834356,,,0.0025990697767070987,0
romered01,Ed Romero,Hitter,SS,Free-agency,1977.0,1990.0,1995.0,3.0,Power Hitter 2,0,8.0,473.0,0.6001325805313303,,,,,,0.0025990697767070987,0
morrilo01,Logan Morrison,Hitter,1B,Post-steroid,2010.0,2020.0,2025.0,3.0,Power Hitter 2,0,140.0,792.0,0.7488493401177543,,,,,,0.0025990697767070987,0
morriji01,Jim Morrison,Hitter,3B,Free-agency,1977.0,1988.0,1993.0,3.0,Power Hitter 2,0,112.0,876.0,0.72400129812178,0.0,0.0,0.0,,,0.0025990697767070987,0
morelke01,Keith Moreland,Hitter,OF,Free-agency,1978.0,1989.0,1994.0,3.0,Power Hitter 2,0,121.0,1279.0,0.746374500693675,,,,1.0,,0.0025990697767070987,0
roofph01,Phil Roof,Hitter,C,Expansion,1961.0,1977.0,1982.0,3.0,Power Hitter 2,0,43.0,463.0,0.6028042676408328,,,,,,0.0025990697767070987,0
mordemi01,Mike Mordecai,Hitter,PH,Steroid,1994.0,2005.0,2010.0,3.0,Power Hitter 2,0,24.0,333.0,0.6653246392869381,,,,,,0.0025990697767070987,0
morame01,Melvin Mora,Hitter,3B,Steroid,1999.0,2011.0,2016.0,3.0,Power Hitter 2,0,171.0,1503.0,0.7813819465530931,,,,6.0,2.0,0.0025990697767070987,0
rosalad01,Adam Rosales,Hitter,2B,Post-steroid,2008.0,2018.0,2023.0,3.0,Power Hitter 2,0,48.0,367.0,0.6563388432567119,0.0,0.0,9.0,,,0.0025990697767070987,0
moraljo01,Jose Morales,Hitter,PH,Expansion,1973.0,1984.0,1989.0,3.0,Power Hitter 2,0,26.0,375.0,0.7405845958057484,,,,1.0,,0.0025990697767070987,0
moralje01,Jerry Morales,Hitter,OF,Expansion,1969.0,1983.0,1988.0,3.0,Power Hitter 2,0,95.0,1173.0,0.6946988280282343,,,,,1.0,0.0025990697767070987,0
moralfr01,Franklin Morales,Pitcher,P,Post-steroid,2007.0,2016.0,2021.0,1.0,Dominant Reliever / Closer,0,0.0,11.0,0.4046920821114369,23.0,11.0,4.555102040816327,,,0.0025990697767070987,0
moorech02,Charlie Moore,Hitter,C,Expansion,1973.0,1987.0,1992.0,3.0,Power Hitter 2,0,36.0,1052.0,0.6747473223485029,,,,,,0.0025990697767070987,0
milnejo01,John Milner,Hitter,1B,Expansion,1971.0,1982.0,1987.0,3.0,Power Hitter 2,0,131.0,855.0,0.7574140309537145,,,,2.0,,0.0025990697767070987,0
montawi01,Willie Montanez,Hitter,1B,Expansion,1966.0,1982.0,1987.0,3.0,Power Hitter 2,0,139.0,1604.0,0.7293752732747848,,,,2.0,1.0,0.0025990697767070987,0
rossga01,Gary Ross,Pitcher,P,Expansion,1968.0,1977.0,1982.0,1.0,Dominant Reliever / Closer,0,0.0,7.0,0.2601797990481227,25.0,7.0,3.921999065857076,,,0.0025990697767070987,0
mongesi01,Sid Monge,Pitcher,P,Expansion,1975.0,1984.0,1989.0,1.0,Dominant Reliever / Closer,0,0.0,2.0,0.2316017316017316,49.0,56.0,3.5340314136125652,1.0,1.0,0.0025990697767070987,0
moneydo01,Don Money,Hitter,3B,Expansion,1968.0,1983.0,1988.0,0.0,Power Hitter,0,176.0,1623.0,0.733866339398722,,,,2.0,4.0,0.0025990697767070987,0
moffira01,Randy Moffitt,Pitcher,P,Expansion,1972.0,1983.0,1988.0,1.0,Dominant Reliever / Closer,0,0.0,12.0,0.345137420718816,43.0,96.0,3.651450511945392,,,0.0025990697767070987,0
moellch01,Chad Moeller,Hitter,C,Steroid,2000.0,2010.0,2015.0,3.0,Power Hitter 2,0,29.0,315.0,0.6396017765903653,,,,,,0.0025990697767070987,0
moehlbr01,Brian Moehler,Pitcher,P,Steroid,1996.0,2010.0,2015.0,4.0,Workhorse Starting Pitcher,0,0.0,9.0,0.1525862866660498,84.0,1.0,4.806252658443216,,,0.0025990697767070987,0
mlickda01,Dave Mlicki,Pitcher,P,Free-agency,1992.0,2002.0,2007.0,4.0,Workhorse Starting Pitcher,0,0.0,26.0,0.3428710606574042,66.0,1.0,4.716603569497026,1.0,,0.0025990697767070987,0
roystje01,Jerry Royster,Hitter,3B,Expansion,1973.0,1988.0,1993.0,3.0,Power Hitter 2,0,40.0,1049.0,0.6481617686030876,,,,,,0.0025990697767070987,0
mittege01,George Mitterwald,Hitter,C,Expansion,1966.0,1977.0,1982.0,3.0,Power Hitter 2,0,76.0,623.0,0.6577491376823532,,,,,,0.0025990697767070987,0
miltoer01,Eric Milton,Pitcher,P,Steroid,1998.0,2009.0,2014.0,4.0,Workhorse Starting Pitcher,0,2.0,36.0,0.4546207205191318,89.0,0.0,4.993890878449547,1.0,1.0,0.0025990697767070987,0
mccarbr01,Brandon McCarthy,Pitcher,P,Post-steroid,2005.0,2018.0,2023.0,4.0,Workhorse Starting Pitcher,0,0.0,9.0,0.1914714980114891,69.0,0.0,4.199673113593026,,,0.0025990697767070987,0
mazzile01,Lee Mazzilli,Hitter,OF,Free-agency,1976.0,1989.0,1994.0,3.0,Power Hitter 2,0,93.0,1068.0,0.7435737217838619,,,,,1.0,0.0025990697767070987,0
maymi01,Milt May,Hitter,C,Expansion,1970.0,1984.0,1989.0,3.0,Power Hitter 2,0,77.0,971.0,0.6893909484073741,,,,0.0,,0.0025990697767070987,0
lobatjo01,Jose Lobaton,Hitter,C,Post-steroid,2009.0,2021.0,2026.0,3.0,Power Hitter 2,0,21.0,244.0,0.6074344638071528,,,,,,0.0025990697767070987,0
ludwiry01,Ryan Ludwick,Hitter,OF,Steroid,2002.0,2014.0,2019.0,3.0,Power Hitter 2,0,154.0,923.0,0.7811954151557017,,,,4.0,1.0,0.0025990697767070987,0
lowenjo01,John Lowenstein,Hitter,OF,Expansion,1970.0,1985.0,1990.0,3.0,Power Hitter 2,0,116.0,881.0,0.7406257326540211,,,,1.0,,0.0025990697767070987,0
schmida01,Dave Schmidt,Pitcher,P,Free-agency,1981.0,1992.0,1997.0,1.0,Dominant Reliever / Closer,0,0.0,0.0,0.0,54.0,50.0,3.8813747228381374,,,0.0025990697767070987,0
lopezlu02,Luis Lopez,Hitter,SS,Steroid,1993.0,2005.0,2010.0,3.0,Power Hitter 2,0,22.0,390.0,0.635941086054787,,,,,,0.0025990697767070987,0
lopezfe01,Felipe Lopez,Hitter,SS,Steroid,2001.0,2011.0,2016.0,3.0,Power Hitter 2,0,90.0,1145.0,0.7240419200861294,0.0,0.0,0.0,3.0,1.0,0.0025990697767070987,0
lopezal02,Albie Lopez,Pitcher,P,Steroid,1993.0,2003.0,2008.0,1.0,Dominant Reliever / Closer,0,0.0,2.0,0.1455190771960958,47.0,4.0,4.94215530903328,1.0,,0.0025990697767070987,0
schnebr01,Brian Schneider,Hitter,C,Steroid,2000.0,2012.0,2017.0,3.0,Power Hitter 2,0,67.0,781.0,0.6886978057834883,,,,,,0.0025990697767070987,0
loneyja01,James Loney,Hitter,1B,Post-steroid,2006.0,2016.0,2021.0,3.0,Power Hitter 2,0,108.0,1425.0,0.7459694169143953,,,,2.0,,0.0025990697767070987,0
lohseky01,Kyle Lohse,Pitcher,P,Steroid,2001.0,2016.0,2021.0,4.0,Workhorse Starting Pitcher,0,0.0,78.0,0.344256712508186,147.0,2.0,4.404608294930876,0.0,,0.0025990697767070987,0
loganbo02,Boone Logan,Pitcher,P,Post-steroid,2006.0,2018.0,2023.0,1.0,Dominant Reliever / Closer,0,0.0,0.0,,30.0,3.0,4.5,,,0.0025990697767070987,0
loducpa01,Paul Lo Duca,Hitter,C,Steroid,1998.0,2008.0,2013.0,3.0,Power Hitter 2,0,80.0,1112.0,0.7456195204801953,,,,1.0,4.0,0.0025990697767070987,0
loaizes01,Esteban Loaiza,Pitcher,P,Steroid,1995.0,2008.0,2013.0,4.0,Workhorse Starting Pitcher,0,0.0,46.0,0.3700637370010063,126.0,1.0,4.647927584564078,4.0,2.0,0.0025990697767070987,0
sakatle01,Lenn Sakata,Hitter,2B,Free-agency,1977.0,1987.0,1992.0,3.0,Power Hitter 2,0,25.0,296.0,0.6159370814042281,,,,,,0.0025990697767070987,0
liriane01,Nelson Liriano,Hitter,2B,Free-agency,1987.0,1998.0,2003.0,3.0,Power Hitter 2,0,25.0,576.0,0.6894843458995701,,,,1.0,,0.0025990697767070987,0
lindbpa01,Paul Lindblad,Pitcher,P,Expansion,1965.0,1978.0,1983.0,1.0,Dominant Reliever / Closer,0,1.0,26.0,0.4690402476780185,68.0,64.0,3.285086514693765,0.0,,0.0025990697767070987,0
schumsk01,Skip Schumaker,Hitter,OF,Post-steroid,2005.0,2015.0,2020.0,3.0,Power Hitter 2,0,28.0,905.0,0.7006922876640334,0.0,0.0,4.5,,,0.0025990697767070987,0
limajo01,Jose Lima,Pitcher,P,Steroid,1994.0,2006.0,2011.0,4.0,Workhorse Starting Pitcher,0,0.0,38.0,0.2938356164383561,89.0,5.0,5.264512013608335,3.0,1.0,0.0025990697767070987,0
sciosmi01,Mike Scioscia,Hitter,C,Free-agency,1980.0,1992.0,1997.0,3.0,Power Hitter 2,0,68.0,1131.0,0.7001172930675776,,,,1.0,2.0,0.0025990697767070987,0
lillyte01,Ted Lilly,Pitcher,P,Steroid,1999.0,2013.0,2018.0,4.0,Workhorse Starting Pitcher,0,0.0,35.0,0.2475148139753262,130.0,0.0,4.144418291862811,,2.0,0.0025990697767070987,0
liebemi01,Mike Lieberthal,Hitter,C,Steroid,1994.0,2007.0,2012.0,3.0,Power Hitter 2,0,150.0,1155.0,0.7832161094420265,,,,4.0,2.0,0.0025990697767070987,0
liebejo01,Jon Lieber,Pitcher,P,Steroid,1994.0,2008.0,2013.0,4.0,Workhorse Starting Pitcher,0,0.0,85.0,0.3452380952380952,131.0,2.0,4.270700636942675,1.0,1.0,0.0025990697767070987,0
scottto01,Tony Scott,Hitter,OF,Expansion,1973.0,1984.0,1989.0,3.0,Power Hitter 2,0,17.0,699.0,0.6245092186707076,,,,,,0.0025990697767070987,0
leyriji01,Jim Leyritz,Hitter,C,Free-agency,1990.0,2000.0,2005.0,3.0,Power Hitter 2,0,90.0,667.0,0.7767257540003787,,,,,,0.0025990697767070987,0
seageky01,Kyle Seager,Hitter,3B,Post-steroid,2011.0,2021.0,2026.0,3.0,Power Hitter 2,0,242.0,1395.0,0.763187668922011,,,,3.0,1.0,0.0025990697767070987,0
lummi01,Mike Lum,Hitter,OF,Expansion,1967.0,1981.0,1986.0,3.0,Power Hitter 2,0,90.0,877.0,0.6892721434127809,,,,,,0.0025990697767070987,0
schaapa01,Paul Schaal,Hitter,3B,Expansion,1964.0,1974.0,1979.0,3.0,Power Hitter 2,0,57.0,869.0,0.6855601641916143,,,,,,0.0025990697767070987,0
macfami01,Mike Macfarlane,Hitter,C,Free-agency,1987.0,1999.0,2004.0,3.0,Power Hitter 2,0,129.0,906.0,0.7516060243138472,,,,,,0.0025990697767070987,0
maddoel01,Elliott Maddox,Hitter,OF,Expansion,1970.0,1980.0,1985.0,3.0,Power Hitter 2,0,18.0,742.0,0.6918083637874548,,,,0.0,,0.0025990697767070987,0
mayje01,Jerry May,Hitter,C,Expansion,1964.0,1973.0,1978.0,3.0,Power Hitter 2,0,15.0,357.0,0.6249932901757438,,,,,,0.0025990697767070987,0
salazlu01,Luis Salazar,Hitter,3B,Free-agency,1980.0,1992.0,1997.0,3.0,Power Hitter 2,0,94.0,1070.0,0.6734753041263648,0.0,0.0,4.5,,,0.0025990697767070987,0
mayde01,Derrick May,Hitter,OF,Free-agency,1990.0,1999.0,2004.0,3.0,Power Hitter 2,0,52.0,596.0,0.7166529966047381,,,,,,0.0025990697767070987,0
saltaja01,Jarrod Saltalamacchia,Hitter,C,Post-steroid,2007.0,2018.0,2023.0,3.0,Power Hitter 2,0,110.0,662.0,0.7147293902164782,,,,,,0.0025990697767070987,0
mayda01,Dave May,Hitter,OF,Expansion,1967.0,1978.0,1983.0,3.0,Power Hitter 2,0,96.0,920.0,0.6937034402222788,,,,0.0,1.0,0.0025990697767070987,0
mayca01,Carlos May,Hitter,OF,Expansion,1968.0,1977.0,1982.0,3.0,Power Hitter 2,0,90.0,1127.0,0.7490725643749434,,,,1.0,2.0,0.0025990697767070987,0
sanchre01,Rey Sanchez,Hitter,SS,Free-agency,1991.0,2005.0,2010.0,3.0,Power Hitter 2,0,15.0,1317.0,0.641596307625825,,,,,,0.0025990697767070987,0
mathemi01,Mike Matheny,Hitter,C,Steroid,1994.0,2006.0,2011.0,3.0,Power Hitter 2,0,67.0,925.0,0.6368327247121853,,,,4.0,,0.0025990697767070987,0
marzajo01,John Marzano,Hitter,C,Free-agency,1987.0,1998.0,2003.0,3.0,Power Hitter 2,0,11.0,191.0,0.6332102789591716,,,,,,0.0025990697767070987,0
martiti01,Tippy Martinez,Pitcher,P,Expansion,1974.0,1988.0,1993.0,1.0,Dominant Reliever / Closer,0,0.0,0.0,,55.0,115.0,3.4532374100719423,1.0,1.0,0.0025990697767070987,0
martira03,Ramon Martinez,Hitter,SS,Steroid,1998.0,2009.0,2014.0,3.0,Power Hitter 2,0,29.0,512.0,0.6888100387151412,,,,,,0.0025990697767070987,0
martije01,Jerry Martin,Hitter,OF,Expansion,1974.0,1984.0,1989.0,3.0,Power Hitter 2,0,85.0,666.0,0.7158884735611077,,,,,,0.0025990697767070987,0
marshmi02,Mike Marshall,Hitter,OF,Free-agency,1981.0,1991.0,1996.0,3.0,Power Hitter 2,0,148.0,971.0,0.7678064439568617,,,,2.0,1.0,0.0025990697767070987,0
manzajo01,Josias Manzanillo,Pitcher,P,Free-agency,1991.0,2004.0,2009.0,1.0,Dominant Reliever / Closer,0,0.0,1.0,0.1666666666666666,13.0,6.0,4.7105263157894735,,,0.0025990697767070987,0
manwaki01,Kirt Manwaring,Hitter,C,Free-agency,1987.0,1999.0,2004.0,3.0,Power Hitter 2,0,21.0,733.0,0.6290475090983056,,,,1.0,,0.0025990697767070987,0
santihe01,Hector Santiago,Pitcher,P,Post-steroid,2011.0,2021.0,2026.0,1.0,Dominant Reliever / Closer,0,0.0,3.0,0.3,48.0,6.0,4.124604012671594,,1.0,0.0025990697767070987,0
santira01,Ramon Santiago,Hitter,SS,Steroid,2002.0,2014.0,2019.0,3.0,Power Hitter 2,0,30.0,592.0,0.6432918885839105,,,,,,0.0025990697767070987,0
manniri01,Rick Manning,Hitter,OF,Expansion,1975.0,1987.0,1992.0,3.0,Power Hitter 2,0,56.0,1349.0,0.6583928895951583,,,,3.0,,0.0025990697767070987,0
satrito01,Tom Satriano,Hitter,C,Expansion,1961.0,1970.0,1975.0,3.0,Power Hitter 2,0,21.0,365.0,0.6185715669503721,,,,,,0.0025990697767070987,0
maldoca01,Candy Maldonado,Hitter,OF,Free-agency,1981.0,1995.0,2000.0,3.0,Power Hitter 2,0,146.0,1042.0,0.7459179845047494,,,,2.0,,0.0025990697767070987,0
mahompa01,Pat Mahomes,Pitcher,P,Free-agency,1992.0,2003.0,2008.0,3.0,Power Hitter 2,0,0.0,11.0,0.6215644820295982,42.0,5.0,5.471086036671368,,,0.0025990697767070987,0
mahleri01,Rick Mahler,Pitcher,P,Free-agency,1979.0,1991.0,1996.0,4.0,Workhorse Starting Pitcher,0,1.0,104.0,0.421689591897697,96.0,6.0,3.994192005466348,1.0,,0.0025990697767070987,0
maddumi01,Mike Maddux,Pitcher,P,Free-agency,1986.0,2000.0,2005.0,1.0,Dominant Reliever / Closer,0,0.0,6.0,0.1985359361135758,39.0,20.0,4.052611218568665,,,0.0025990697767070987,0
morsemi01,Mike Morse,Hitter,OF,Post-steroid,2005.0,2017.0,2022.0,3.0,Power Hitter 2,0,105.0,705.0,0.7879843029852087,,,,1.0,,0.0025990697767070987,0
mosesjo01,John Moses,Hitter,OF,Free-agency,1982.0,1992.0,1997.0,3.0,Power Hitter 2,0,11.0,438.0,0.6461695333326776,0.0,0.0,9.0,,,0.0025990697767070987,0
mossbr01,Brandon Moss,Hitter,OF,Post-steroid,2007.0,2017.0,2022.0,3.0,Power Hitter 2,0,160.0,742.0,0.765759100043848,,,,3.0,1.0,0.0025990697767070987,0
reynoar02,Armando Reynoso,Pitcher,P,Free-agency,1991.0,2002.0,2007.0,4.0,Workhorse Starting Pitcher,0,3.0,50.0,0.3793190162450334,68.0,1.0,4.743130595862921,0.0,,0.0025990697767070987,0
plummbi01,Bill Plummer,Hitter,C,Expansion,1968.0,1978.0,1983.0,3.0,Power Hitter 2,0,14.0,168.0,0.5458812487960469,,,,,,0.0025990697767070987,0
pichahi01,Hipolito Pichardo,Pitcher,P,Free-agency,1992.0,2002.0,2007.0,1.0,Dominant Reliever / Closer,0,0.0,0.0,0.0,50.0,20.0,4.443482026851451,,,0.0025990697767070987,0
phillmi01,Mike Phillips,Hitter,SS,Expansion,1973.0,1983.0,1988.0,3.0,Power Hitter 2,0,11.0,412.0,0.6046868707209021,,,,1.0,,0.0025990697767070987,0
retteme01,Merv Rettenmund,Hitter,OF,Expansion,1968.0,1980.0,1985.0,3.0,Power Hitter 2,0,66.0,693.0,0.7863843372081489,,,,1.0,,0.0025990697767070987,0
phelpke01,Ken Phelps,Hitter,DH,Free-agency,1980.0,1990.0,1995.0,3.0,Power Hitter 2,0,123.0,443.0,0.8536214526582235,,,,,,0.0025990697767070987,0
petryda01,Dan Petry,Pitcher,P,Free-agency,1979.0,1991.0,1996.0,4.0,Workhorse Starting Pitcher,0,0.0,1.0,0.4,125.0,1.0,3.945521551033488,0.0,1.0,0.0025990697767070987,0
petrori01,Rico Petrocelli,Hitter,SS,Expansion,1963.0,1976.0,1981.0,3.0,Power Hitter 2,0,210.0,1352.0,0.7522610976987054,,,,2.0,2.0,0.0025990697767070987,0
petrage01,Geno Petralli,Hitter,C,Free-agency,1982.0,1993.0,1998.0,3.0,Power Hitter 2,0,24.0,501.0,0.7033937091113684,,,,,,0.0025990697767070987,0
perryge01,Gerald Perry,Hitter,1B,Free-agency,1983.0,1995.0,2000.0,3.0,Power Hitter 2,0,59.0,832.0,0.7083065868609761,,,,1.0,1.0,0.0025990697767070987,0
perezod01,Odalis Perez,Pitcher,P,Steroid,1998.0,2008.0,2013.0,4.0,Workhorse Starting Pitcher,0,1.0,45.0,0.3204441430750975,73.0,0.0,4.456179775280899,1.0,1.0,0.0025990697767070987,0
perezma01,Marty Perez,Hitter,SS,Expansion,1969.0,1978.0,1983.0,3.0,Power Hitter 2,0,22.0,771.0,0.6171066408631658,,,,,,0.0025990697767070987,0
perezed02,Eddie Perez,Hitter,C,Steroid,1995.0,2005.0,2010.0,3.0,Power Hitter 2,0,40.0,386.0,0.6869815598852258,,,,1.0,,0.0025990697767070987,0
parrila01,Larry Parrish,Hitter,3B,Expansion,1974.0,1988.0,1993.0,0.0,Power Hitter,0,256.0,1789.0,0.7572953385372387,,,,3.0,2.0,0.0025990697767070987,0
perezed01,Eduardo Perez,Hitter,1B,Steroid,1993.0,2006.0,2011.0,3.0,Power Hitter 2,0,79.0,445.0,0.7572301470186369,,,,,,0.0025990697767070987,0
reynoha01,Harold Reynolds,Hitter,2B,Free-agency,1983.0,1994.0,1999.0,3.0,Power Hitter 2,0,21.0,1233.0,0.668224556857098,,,,6.0,2.0,0.0025990697767070987,0
pepitjo01,Joe Pepitone,Hitter,1B,Expansion,1962.0,1973.0,1978.0,3.0,Power Hitter 2,0,219.0,1315.0,0.7327981788958791,,,,4.0,3.0,0.0025990697767070987,0
pennybr01,Brad Penny,Pitcher,P,Steroid,2000.0,2014.0,2019.0,4.0,Workhorse Starting Pitcher,0,3.0,83.0,0.3799657261982581,121.0,0.0,4.287272727272727,0.0,2.0,0.0025990697767070987,0
penabr01,Brayan Peña,Hitter,C,Post-steroid,2005.0,2016.0,2021.0,3.0,Power Hitter 2,0,23.0,468.0,0.649981034730275,,,,1.0,,0.0025990697767070987,0
pelfrmi01,Mike Pelfrey,Pitcher,P,Post-steroid,2006.0,2017.0,2022.0,4.0,Workhorse Starting Pitcher,0,0.0,28.0,0.2745427790624343,68.0,1.0,4.675773312260104,1.0,,0.0025990697767070987,0
paytoja01,Jay Payton,Hitter,OF,Steroid,1998.0,2010.0,2015.0,3.0,Power Hitter 2,0,119.0,1157.0,0.7481989782809627,,,,1.0,,0.0025990697767070987,0
pavanca01,Carl Pavano,Pitcher,P,Steroid,1998.0,2012.0,2017.0,4.0,Workhorse Starting Pitcher,0,2.0,44.0,0.3544202043225202,108.0,0.0,4.3926574729780095,1.0,1.0,0.0025990697767070987,0
pattima01,Marty Pattin,Pitcher,P,Expansion,1968.0,1980.0,1985.0,4.0,Workhorse Starting Pitcher,0,2.0,38.0,0.3091477209321199,114.0,25.0,3.620013080444735,,1.0,0.0025990697767070987,0
pattebo01,Bob Patterson,Pitcher,P,Free-agency,1985.0,1998.0,2003.0,1.0,Dominant Reliever / Closer,0,0.0,7.0,0.2980295566502463,39.0,28.0,4.082073434125269,,,0.0025990697767070987,0
pasquda01,Dan Pasqua,Hitter,OF,Free-agency,1985.0,1994.0,1999.0,3.0,Power Hitter 2,0,117.0,638.0,0.7684922451833873,,,,,,0.0025990697767070987,0
pocorbi01,Biff Pocoroba,Hitter,C,Expansion,1975.0,1984.0,1989.0,3.0,Power Hitter 2,0,21.0,374.0,0.6903696062351958,,,,1.0,1.0,0.0025990697767070987,0
ponsosi01,Sidney Ponson,Pitcher,P,Steroid,1998.0,2009.0,2014.0,4.0,Workhorse Starting Pitcher,0,0.0,9.0,0.3610859728506788,91.0,1.0,5.025752698352585,0.0,,0.0025990697767070987,0
reitzke01,Ken Reitz,Hitter,3B,Expansion,1972.0,1982.0,1987.0,3.0,Power Hitter 2,0,68.0,1243.0,0.6485944689131291,,,,4.0,1.0,0.0025990697767070987,0
portuma01,Mark Portugal,Pitcher,P,Free-agency,1985.0,1999.0,2004.0,4.0,Workhorse Starting Pitcher,0,2.0,89.0,0.491578947368421,109.0,5.0,4.026099653221391,1.0,,0.0025990697767070987,0
rapppa01,Pat Rapp,Pitcher,P,Free-agency,1992.0,2001.0,2006.0,4.0,Workhorse Starting Pitcher,0,1.0,29.0,0.2667167297897349,70.0,0.0,4.677318596828448,,,0.0025990697767070987,0
ransoco01,Cody Ransom,Hitter,SS,Steroid,2001.0,2013.0,2018.0,3.0,Power Hitter 2,0,30.0,160.0,0.7029750269403303,,,,,,0.0025990697767070987,0
randlle01,Lenny Randle,Hitter,3B,Expansion,1971.0,1982.0,1987.0,3.0,Power Hitter 2,0,27.0,1016.0,0.6561039337654241,,,,1.0,,0.0025990697767070987,0
randajo01,Joe Randa,Hitter,3B,Steroid,1995.0,2006.0,2011.0,3.0,Power Hitter 2,0,123.0,1543.0,0.76510673016347,,,,3.0,,0.0025990697767070987,0
readyra01,Randy Ready,Hitter,2B,Free-agency,1983.0,1995.0,2000.0,3.0,Power Hitter 2,0,40.0,547.0,0.7454651638596296,,,,,,0.0025990697767070987,0
ramoswi01,Wilson Ramos,Hitter,C,Post-steroid,2010.0,2021.0,2026.0,3.0,Power Hitter 2,0,136.0,946.0,0.7503725751905865,,,,1.0,2.0,0.0025990697767070987,0
rebouje01,Jeff Reboulet,Hitter,2B,Free-agency,1992.0,2003.0,2008.0,3.0,Power Hitter 2,0,20.0,536.0,0.6491316175374455,,,,,,0.0025990697767070987,0
ramosdo01,Domingo Ramos,Hitter,SS,Free-agency,1978.0,1990.0,1995.0,3.0,Power Hitter 2,0,8.0,261.0,0.5994351539421805,,,,,,0.0025990697767070987,0
ramirra01,Rafael Ramirez,Hitter,SS,Free-agency,1980.0,1992.0,1997.0,3.0,Power Hitter 2,0,53.0,1432.0,0.6369670688065876,,,,0.0,1.0,0.0025990697767070987,0
radkebr01,Brad Radke,Pitcher,P,Steroid,1995.0,2006.0,2011.0,4.0,Workhorse Starting Pitcher,0,0.0,3.0,0.2068965517241379,148.0,0.0,4.222766217870257,3.0,1.0,0.0025990697767070987,0
redmama01,Mark Redman,Pitcher,P,Steroid,1999.0,2008.0,2013.0,4.0,Workhorse Starting Pitcher,0,0.0,8.0,0.1394480519480519,68.0,0.0,4.853606027987083,1.0,1.0,0.0025990697767070987,0
redmomi01,Mike Redmond,Hitter,C,Steroid,1998.0,2010.0,2015.0,3.0,Power Hitter 2,0,13.0,649.0,0.7001510315741479,,,,,,0.0025990697767070987,0
raderdo02,Doug Rader,Hitter,3B,Expansion,1967.0,1977.0,1982.0,3.0,Power Hitter 2,0,155.0,1302.0,0.7251441883052929,,,,5.0,,0.0025990697767070987,0
raderda01,Dave Rader,Hitter,C,Expansion,1971.0,1980.0,1985.0,3.0,Power Hitter 2,0,30.0,619.0,0.675399818523188,,,,1.0,,0.0025990697767070987,0
quinthu01,Humberto Quintero,Hitter,C,Steroid,2003.0,2014.0,2019.0,3.0,Power Hitter 2,0,20.0,315.0,0.5938916693676364,,,,,,0.0025990697767070987,0
reedjo01,Jody Reed,Hitter,2B,Free-agency,1987.0,1997.0,2002.0,3.0,Power Hitter 2,0,27.0,1231.0,0.6997278804546813,,,,1.0,,0.0025990697767070987,0
reedri01,Rick Reed,Pitcher,P,Free-agency,1988.0,2003.0,2008.0,4.0,Workhorse Starting Pitcher,0,2.0,51.0,0.4285714285714285,93.0,1.0,4.029329307742074,1.0,2.0,0.0025990697767070987,0
puhlte01,Terry Puhl,Hitter,OF,Free-agency,1977.0,1991.0,1996.0,3.0,Power Hitter 2,0,62.0,1361.0,0.737208253668447,,,,,1.0,0.0025990697767070987,0
pryorgr01,Greg Pryor,Hitter,3B,Free-agency,1976.0,1986.0,1991.0,3.0,Power Hitter 2,0,14.0,471.0,0.6180375961949057,,,,,,0.0025990697767070987,0
pridecu01,Curtis Pride,Hitter,OF,Steroid,1993.0,2006.0,2011.0,3.0,Power Hitter 2,0,20.0,199.0,0.7314889052001581,,,,,,0.0025990697767070987,0
reeseri01,Rich Reese,Hitter,1B,Expansion,1964.0,1973.0,1978.0,3.0,Power Hitter 2,0,52.0,512.0,0.6953164828677989,,,,0.0,,0.0025990697767070987,0
pricejo02,Joe Price,Pitcher,P,Free-agency,1980.0,1990.0,1995.0,1.0,Dominant Reliever / Closer,0,0.0,19.0,0.2725146198830409,45.0,13.0,3.6456953642384105,1.0,,0.0025990697767070987,0
pradoma01,Martin Prado,Hitter,3B,Post-steroid,2006.0,2019.0,2024.0,3.0,Power Hitter 2,0,100.0,1542.0,0.746620398230341,,,,4.0,1.0,0.0025990697767070987,0
richacl01,Clayton Richard,Pitcher,P,Post-steroid,2008.0,2019.0,2024.0,4.0,Workhorse Starting Pitcher,0,3.0,37.0,0.3164253393665158,69.0,1.0,4.511676180591594,,,0.0025990697767070987,0
parreje01,Jeff Parrett,Pitcher,P,Free-agency,1986.0,1996.0,2001.0,1.0,Dominant Reliever / Closer,0,0.0,4.0,0.27599486521181,56.0,22.0,3.800367985280589,,,0.0025990697767070987,0
rolanji01,Jim Roland,Pitcher,P,Expansion,1962.0,1972.0,1977.0,1.0,Dominant Reliever / Closer,0,0.0,6.0,0.1748768472906404,19.0,9.0,3.217616580310881,,,0.0025990697767070987,0
rodrihe02,Henry Rodriguez,Hitter,OF,Free-agency,1992.0,2002.0,2007.0,3.0,Power Hitter 2,0,160.0,784.0,0.8015920690231668,,,,1.0,1.0,0.0025990697767070987,0
oberkke01,Ken Oberkfell,Hitter,3B,Free-agency,1977.0,1992.0,1997.0,3.0,Power Hitter 2,0,29.0,1354.0,0.7129232595780113,,,,,,0.0025990697767070987,0
oatesjo01,Johnny Oates,Hitter,C,Expansion,1970.0,1981.0,1986.0,3.0,Power Hitter 2,0,14.0,410.0,0.6215333096624096,,,,,,0.0025990697767070987,0
nunezed01,Ed Nunez,Pitcher,P,Free-agency,1982.0,1994.0,1999.0,1.0,Dominant Reliever / Closer,0,0.0,0.0,,28.0,54.0,4.194174757281553,,,0.0025990697767070987,0
novaiv01,Ivan Nova,Pitcher,P,Post-steroid,2010.0,2020.0,2025.0,4.0,Workhorse Starting Pitcher,0,0.0,6.0,0.0805369127516778,90.0,1.0,4.380905268365075,2.0,,0.0025990697767070987,0
nortogr01,Greg Norton,Hitter,PH,Steroid,1996.0,2009.0,2014.0,3.0,Power Hitter 2,0,89.0,600.0,0.7573233956893413,,,,2.0,,0.0025990697767070987,0
northbi01,Bill North,Hitter,OF,Expansion,1971.0,1981.0,1986.0,3.0,Power Hitter 2,0,20.0,1016.0,0.6878729067690961,,,,0.0,,0.0025990697767070987,0
norribu01,Bud Norris,Pitcher,P,Post-steroid,2009.0,2018.0,2023.0,1.0,Dominant Reliever / Closer,0,0.0,32.0,0.3818741450068399,67.0,47.0,4.4508733624454155,,,0.0025990697767070987,0
nolesdi01,Dickie Noles,Pitcher,P,Free-agency,1979.0,1990.0,1995.0,1.0,Dominant Reliever / Closer,0,0.0,24.0,0.3223117532647958,36.0,11.0,4.5610228593568385,,,0.0025990697767070987,0
nolasri01,Ricky Nolasco,Pitcher,P,Post-steroid,2006.0,2017.0,2022.0,4.0,Workhorse Starting Pitcher,0,1.0,51.0,0.3615003593060261,114.0,0.0,4.562775913826593,2.0,,0.0025990697767070987,0
nolanjo01,Joe Nolan,Hitter,C,Expansion,1972.0,1985.0,1990.0,3.0,Power Hitter 2,0,27.0,382.0,0.7139537880233068,,,,,,0.0025990697767070987,0
nokesma01,Matt Nokes,Hitter,C,Free-agency,1985.0,1995.0,2000.0,3.0,Power Hitter 2,0,136.0,695.0,0.7496523937672632,,,,2.0,1.0,0.0025990697767070987,0
nixla01,Laynce Nix,Hitter,OF,Steroid,2003.0,2013.0,2018.0,3.0,Power Hitter 2,0,69.0,460.0,0.7032935707338476,,,,,,0.0025990697767070987,0
parrage01,Gerardo Parra,Hitter,OF,Post-steroid,2009.0,2021.0,2026.0,3.0,Power Hitter 2,0,90.0,1335.0,0.7252158837140342,0.0,0.0,,3.0,,0.0025990697767070987,0
nitkocj01,C. J. Nitkowski,Pitcher,P,Steroid,1995.0,2005.0,2010.0,1.0,Dominant Reliever / Closer,0,0.0,2.0,0.2666666666666666,18.0,3.0,5.3736951983298535,,,0.0025990697767070987,0
nievewi01,Wil Nieves,Hitter,C,Steroid,2002.0,2015.0,2020.0,3.0,Power Hitter 2,0,10.0,281.0,0.5967530745516624,,,,,,0.0025990697767070987,0
nicasju01,Juan Nicasio,Pitcher,P,Post-steroid,2011.0,2020.0,2025.0,1.0,Dominant Reliever / Closer,0,0.0,15.0,0.2997498436522827,40.0,9.0,4.710319296621935,,,0.0025990697767070987,0
rodriwa01,Wandy Rodriguez,Pitcher,P,Post-steroid,2005.0,2015.0,2020.0,4.0,Workhorse Starting Pitcher,0,0.0,60.0,0.3094379805203052,97.0,0.0,4.103167808219179,1.0,,0.0025990697767070987,0
navarja01,Jaime Navarro,Pitcher,P,Free-agency,1989.0,2000.0,2005.0,4.0,Workhorse Starting Pitcher,0,0.0,22.0,0.3400546821599453,116.0,2.0,4.720402205643853,,,0.0025990697767070987,0
roeniga01,Gary Roenicke,Hitter,OF,Free-agency,1976.0,1988.0,1993.0,3.0,Power Hitter 2,0,121.0,670.0,0.7854162709997553,,,,,,0.0025990697767070987,0
navardi01,Dioner Navarro,Hitter,C,Steroid,2004.0,2016.0,2021.0,3.0,Power Hitter 2,0,77.0,802.0,0.6786505726110497,,,,,1.0,0.0025990697767070987,0
myersbr01,Brett Myers,Pitcher,P,Steroid,2002.0,2013.0,2018.0,4.0,Workhorse Starting Pitcher,0,0.0,63.0,0.334174900784751,97.0,40.0,4.247368421052632,0.0,,0.0025990697767070987,0
murreiv01,Ivan Murrell,Hitter,OF,Expansion,1963.0,1974.0,1979.0,3.0,Power Hitter 2,0,33.0,308.0,0.6306658193853767,,,,,,0.0025990697767070987,0
murphdw01,Dwayne Murphy,Hitter,OF,Free-agency,1978.0,1989.0,1994.0,3.0,Power Hitter 2,0,166.0,1069.0,0.7574143604539613,,,,7.0,,0.0025990697767070987,0
mullira01,Rance Mulliniks,Hitter,3B,Free-agency,1977.0,1992.0,1997.0,3.0,Power Hitter 2,0,73.0,972.0,0.7602929382343808,,,,,,0.0025990697767070987,0
obriech01,Charlie O'Brien,Hitter,C,Free-agency,1985.0,2000.0,2005.0,3.0,Power Hitter 2,0,56.0,493.0,0.6555475874394032,,,,,,0.0025990697767070987,0
robinbi02,Bill Robinson,Hitter,OF,Expansion,1966.0,1983.0,1988.0,3.0,Power Hitter 2,0,166.0,1127.0,0.7377891498527438,,,,0.0,,0.0025990697767070987,0
obriepe03,Pete O'Brien,Hitter,1B,Free-agency,1982.0,1993.0,1998.0,3.0,Power Hitter 2,0,169.0,1421.0,0.7453078435400924,,,,2.0,,0.0025990697767070987,0
odombl01,Blue Moon Odom,Pitcher,P,Expansion,1964.0,1976.0,1981.0,4.0,Workhorse Starting Pitcher,0,12.0,79.0,0.5507911667536081,84.0,1.0,3.697813121272366,,2.0,0.0025990697767070987,0
parenma01,Mark Parent,Hitter,C,Free-agency,1986.0,1998.0,2003.0,3.0,Power Hitter 2,0,53.0,279.0,0.6421757049139101,,,,,,0.0025990697767070987,0
paquecr01,Craig Paquette,Hitter,3B,Steroid,1993.0,2003.0,2008.0,3.0,Power Hitter 2,0,99.0,620.0,0.6845922288291493,,,,,,0.0025990697767070987,0
palmeor01,Orlando Palmeiro,Hitter,OF,Steroid,1995.0,2007.0,2012.0,3.0,Power Hitter 2,0,12.0,640.0,0.7009688113085379,,,,,,0.0025990697767070987,0
palldo01,Donn Pall,Pitcher,P,Free-agency,1988.0,1998.0,2003.0,1.0,Dominant Reliever / Closer,0,0.0,0.0,0.1666666666666666,24.0,10.0,3.633245382585752,,,0.0025990697767070987,0
pagnoto01,Tom Pagnozzi,Hitter,C,Free-agency,1987.0,1998.0,2003.0,3.0,Power Hitter 2,0,44.0,733.0,0.6580586686870797,,,,3.0,1.0,0.0025990697767070987,0
paglimi01,Mike Pagliarulo,Hitter,3B,Free-agency,1984.0,1995.0,2000.0,3.0,Power Hitter 2,0,134.0,942.0,0.7120727663233979,,,,,,0.0025990697767070987,0
owensp01,Spike Owen,Hitter,SS,Free-agency,1983.0,1995.0,2000.0,3.0,Power Hitter 2,0,46.0,1211.0,0.664716485007846,,,,1.0,,0.0025990697767070987,0
owchibo01,Bob Owchinko,Pitcher,P,Free-agency,1976.0,1986.0,1991.0,1.0,Dominant Reliever / Closer,0,0.0,22.0,0.3522378694924707,37.0,7.0,4.2844311377245505,1.0,,0.0025990697767070987,0
ripkebi01,Billy Ripken,Hitter,2B,Free-agency,1987.0,1998.0,2003.0,3.0,Power Hitter 2,0,20.0,674.0,0.6119563510784545,,,,,,0.0025990697767070987,0
ortizru01,Russ Ortiz,Pitcher,P,Steroid,1998.0,2010.0,2015.0,4.0,Workhorse Starting Pitcher,0,7.0,104.0,0.5492124850631308,113.0,0.0,4.507223113964687,2.0,1.0,0.0025990697767070987,0
ortizra01,Ramon Ortiz,Pitcher,P,Steroid,1999.0,2013.0,2018.0,4.0,Workhorse Starting Pitcher,0,1.0,11.0,0.2184936614466816,87.0,0.0,4.946375143843499,,,0.0025990697767070987,0
ortizju01,Junior Ortiz,Hitter,C,Free-agency,1982.0,1994.0,1999.0,3.0,Power Hitter 2,0,5.0,484.0,0.6098197111971146,,,,,,0.0025990697767070987,0
riverlu01,Luis Rivera,Hitter,SS,Free-agency,1986.0,1998.0,2003.0,3.0,Power Hitter 2,0,28.0,516.0,0.6239335700836928,,,,,,0.0025990697767070987,0
orsuljo01,Joe Orsulak,Hitter,OF,Free-agency,1983.0,1997.0,2002.0,3.0,Power Hitter 2,0,57.0,1173.0,0.697828495269676,,,,0.0,,0.0025990697767070987,0
riverre01,Rene Rivera,Hitter,C,Steroid,2004.0,2021.0,2026.0,3.0,Power Hitter 2,0,43.0,330.0,0.6268402530618219,,,,,,0.0025990697767070987,0
oquenjo01,Jose Oquendo,Hitter,2B,Free-agency,1983.0,1995.0,2000.0,3.0,Power Hitter 2,0,14.0,821.0,0.6625277597216412,0.0,0.0,12.0,,,0.0025990697767070987,0
olivomi01,Miguel Olivo,Hitter,C,Steroid,2002.0,2014.0,2019.0,3.0,Power Hitter 2,0,145.0,905.0,0.6913809550530273,,,,,,0.0025990697767070987,0
olivejo01,Joe Oliver,Hitter,C,Free-agency,1989.0,2001.0,2006.0,3.0,Power Hitter 2,0,102.0,831.0,0.6897301771755919,,,,1.0,,0.0025990697767070987,0
oleartr01,Troy O'Leary,Hitter,OF,Steroid,1993.0,2003.0,2008.0,3.0,Power Hitter 2,0,127.0,1100.0,0.7795264959055257,,,,,,0.0025990697767070987,0
roberda05,Dave Roberts,Pitcher,P,Expansion,1969.0,1981.0,1986.0,4.0,Workhorse Starting Pitcher,0,7.0,103.0,0.4805058829627326,103.0,15.0,3.781800857551215,1.0,,0.0025990697767070987,0
ojedabo01,Bob Ojeda,Pitcher,P,Free-agency,1980.0,1994.0,1999.0,4.0,Workhorse Starting Pitcher,0,1.0,44.0,0.3001774060189607,115.0,1.0,3.649035910136211,1.0,,0.0025990697767070987,0
officro01,Rowland Office,Hitter,OF,Expansion,1972.0,1983.0,1988.0,3.0,Power Hitter 2,0,32.0,626.0,0.6651978620983697,,,,,,0.0025990697767070987,0
oestero01,Ron Oester,Hitter,2B,Free-agency,1978.0,1990.0,1995.0,3.0,Power Hitter 2,0,42.0,1118.0,0.6791032801060062,,,,1.0,,0.0025990697767070987,0
lewisma01,Mark Lewis,Hitter,2B,Free-agency,1991.0,2001.0,2006.0,3.0,Power Hitter 2,0,48.0,736.0,0.6919622885064822,,,,,,0.0025990697767070987,0
lewisco01,Colby Lewis,Pitcher,P,Steroid,2002.0,2016.0,2021.0,4.0,Workhorse Starting Pitcher,0,0.0,7.0,0.5555555555555556,77.0,0.0,4.703703703703703,1.0,,0.0025990697767070987,0
lemasjo01,Johnnie LeMaster,Hitter,SS,Expansion,1975.0,1987.0,1992.0,3.0,Power Hitter 2,0,22.0,709.0,0.5656872033276064,,,,,,0.0025990697767070987,0
stinsbo01,Bob Stinson,Hitter,C,Expansion,1969.0,1980.0,1985.0,3.0,Power Hitter 2,0,33.0,408.0,0.6934276820342534,,,,1.0,,0.0025990697767070987,0
hillaa01,Aaron Hill,Hitter,2B,Post-steroid,2005.0,2017.0,2022.0,3.0,Power Hitter 2,0,162.0,1501.0,0.7399661548727634,,,,5.0,1.0,0.0025990697767070987,0
stephjo02,John Stephenson,Hitter,C,Expansion,1964.0,1973.0,1978.0,3.0,Power Hitter 2,0,12.0,214.0,0.5668580982568554,,,,,,0.0025990697767070987,0
higgibo02,Bobby Higginson,Hitter,OF,Steroid,1995.0,2005.0,2010.0,3.0,Power Hitter 2,0,187.0,1336.0,0.8127889835740207,,,,4.0,,0.0025990697767070987,0
stevele01,Lee Stevens,Hitter,1B,Free-agency,1990.0,2002.0,2007.0,3.0,Power Hitter 2,0,144.0,847.0,0.7715845144188356,,,,,,0.0025990697767070987,0
hernaxa01,Xavier Hernandez,Pitcher,P,Free-agency,1989.0,1998.0,2003.0,1.0,Dominant Reliever / Closer,0,0.0,1.0,0.1039501039501039,40.0,35.0,3.903129657228018,,,0.0025990697767070987,0
hernara02,Ramon Hernandez,Hitter,C,Steroid,1999.0,2013.0,2018.0,3.0,Power Hitter 2,0,169.0,1345.0,0.7438587403443081,,,,,1.0,0.0025990697767070987,0
hernajo01,Jose Hernandez,Hitter,SS,Free-agency,1991.0,2006.0,2011.0,3.0,Power Hitter 2,0,168.0,1166.0,0.7293964641158789,,,,,1.0,0.0025990697767070987,0
stewasa01,Sammy Stewart,Pitcher,P,Free-agency,1978.0,1987.0,1992.0,3.0,Power Hitter 2,0,0.0,0.0,,59.0,45.0,3.593728222996516,,,0.0025990697767070987,0
hernada01,David Hernandez,Pitcher,P,Post-steroid,2009.0,2019.0,2024.0,1.0,Dominant Reliever / Closer,0,0.0,1.0,0.4,38.0,24.0,4.120760534429599,,,0.0025990697767070987,0
hernaca01,Carlos Hernandez,Hitter,C,Free-agency,1990.0,2000.0,2005.0,3.0,Power Hitter 2,0,24.0,315.0,0.6512989485964413,,,,,,0.0025990697767070987,0
stinnke01,Kelly Stinnett,Hitter,C,Steroid,1994.0,2007.0,2012.0,3.0,Power Hitter 2,0,65.0,476.0,0.6921834506757898,,,,,,0.0025990697767070987,0
hermadu01,Dustin Hermanson,Pitcher,P,Steroid,1995.0,2006.0,2011.0,1.0,Dominant Reliever / Closer,0,2.0,30.0,0.2784919832442583,73.0,56.0,4.208885424785659,,,0.0025990697767070987,0
hayesch01,Charlie Hayes,Hitter,3B,Free-agency,1988.0,2001.0,2006.0,3.0,Power Hitter 2,0,144.0,1379.0,0.7143042319301556,,,,1.0,,0.0025990697767070987,0
heredgi01,Gil Heredia,Pitcher,P,Free-agency,1991.0,2001.0,2006.0,3.0,Power Hitter 2,0,0.0,19.0,0.4638495359062042,57.0,4.0,4.462264150943396,,,0.0025990697767070987,0
henrydw01,Dwayne Henry,Pitcher,P,Free-agency,1984.0,1995.0,2000.0,1.0,Dominant Reliever / Closer,0,0.0,1.0,0.3333333333333333,14.0,14.0,4.652390438247012,,,0.0025990697767070987,0
hendeke01,Ken Henderson,Hitter,OF,Expansion,1965.0,1980.0,1985.0,3.0,Power Hitter 2,0,122.0,1168.0,0.7389089602810793,,,,0.0,,0.0025990697767070987,0
stoddti01,Tim Stoddard,Pitcher,P,Expansion,1975.0,1989.0,1994.0,1.0,Dominant Reliever / Closer,0,1.0,2.0,0.35,41.0,76.0,3.947007766103244,1.0,,0.0025990697767070987,0
helmswe01,Wes Helms,Hitter,3B,Steroid,1998.0,2011.0,2016.0,3.0,Power Hitter 2,0,75.0,694.0,0.7230928842814086,,,,,,0.0025990697767070987,0
helliri01,Rick Helling,Pitcher,P,Steroid,1994.0,2006.0,2011.0,4.0,Workhorse Starting Pitcher,0,0.0,6.0,0.2000510551395507,93.0,0.0,4.675911771129067,1.0,,0.0025990697767070987,0
heisebo01,Bob Heise,Hitter,SS,Expansion,1967.0,1977.0,1982.0,3.0,Power Hitter 2,0,1.0,283.0,0.5723662776491395,,,,,,0.0025990697767070987,0
stottto01,Todd Stottlemyre,Pitcher,P,Free-agency,1988.0,2002.0,2007.0,4.0,Workhorse Starting Pitcher,0,1.0,50.0,0.5450872359963268,138.0,1.0,4.27893536121673,3.0,,0.0025990697767070987,0
heganmi01,Mike Hegan,Hitter,1B,Expansion,1964.0,1977.0,1982.0,3.0,Power Hitter 2,0,53.0,504.0,0.7118086327265771,,,,,1.0,0.0025990697767070987,0
heepda01,Danny Heep,Hitter,OF,Free-agency,1979.0,1991.0,1996.0,3.0,Power Hitter 2,0,30.0,503.0,0.6874977296230507,0.0,0.0,9.0,,,0.0025990697767070987,0
heatone01,Neal Heaton,Pitcher,P,Free-agency,1982.0,1993.0,1998.0,4.0,Workhorse Starting Pitcher,0,0.0,32.0,0.3840569671109141,80.0,10.0,4.371599203715992,,1.0,0.0025990697767070987,0
stennre01,Rennie Stennett,Hitter,2B,Expansion,1971.0,1981.0,1986.0,3.0,Power Hitter 2,0,41.0,1239.0,0.6645988156495468,,,,2.0,,0.0025990697767070987,0
hillgl01,Glenallen Hill,Hitter,OF,Free-agency,1989.0,2001.0,2006.0,3.0,Power Hitter 2,0,186.0,1005.0,0.8036290084282878,,,,1.0,,0.0025990697767070987,0
steinte01,Terry Steinbach,Hitter,C,Free-agency,1986.0,1999.0,2004.0,3.0,Power Hitter 2,0,162.0,1453.0,0.7461225208264655,,,,1.0,3.0,0.0025990697767070987,0
hillke01,Ken Hill,Pitcher,P,Free-agency,1988.0,2001.0,2006.0,4.0,Workhorse Starting Pitcher,0,1.0,50.0,0.3950998352112558,117.0,0.0,4.064368981246832,1.0,1.0,0.0025990697767070987,0
splitpa01,Paul Splittorff,Pitcher,P,Expansion,1970.0,1984.0,1989.0,4.0,Workhorse Starting Pitcher,0,0.0,22.0,0.4391697097828176,166.0,1.0,3.811847599164927,0.0,,0.0025990697767070987,0
spraged02,Ed Sprague,Hitter,3B,Free-agency,1991.0,2001.0,2006.0,3.0,Power Hitter 2,0,152.0,1010.0,0.7372928315953856,,,,,1.0,0.0025990697767070987,0
hubbagl01,Glenn Hubbard,Hitter,2B,Free-agency,1978.0,1989.0,1994.0,3.0,Power Hitter 2,0,70.0,1084.0,0.6772618137726572,,,,1.0,1.0,0.0025990697767070987,0
howelro02,Roy Howell,Hitter,3B,Expansion,1974.0,1984.0,1989.0,3.0,Power Hitter 2,0,80.0,991.0,0.7098436624506297,,,,,1.0,0.0025990697767070987,0
howelja02,Jack Howell,Hitter,3B,Free-agency,1985.0,1999.0,2004.0,3.0,Power Hitter 2,0,108.0,632.0,0.741754917798475,,,,,,0.0025990697767070987,0
stahlla01,Larry Stahl,Hitter,OF,Expansion,1964.0,1973.0,1978.0,3.0,Power Hitter 2,0,36.0,400.0,0.6429139926514952,,,,,,0.0025990697767070987,0
howear01,Art Howe,Hitter,3B,Expansion,1974.0,1985.0,1990.0,3.0,Power Hitter 2,0,43.0,682.0,0.7084152577228631,,,,1.0,,0.0025990697767070987,0
howarth01,Thomas Howard,Hitter,OF,Free-agency,1990.0,2000.0,2005.0,3.0,Power Hitter 2,0,44.0,655.0,0.6948668516002273,,,,,,0.0025990697767070987,0
hooddo01,Don Hood,Pitcher,P,Expansion,1973.0,1983.0,1988.0,1.0,Dominant Reliever / Closer,0,0.0,4.0,0.4,34.0,6.0,3.787426326129666,,,0.0025990697767070987,0
stanhdo01,Don Stanhouse,Pitcher,P,Expansion,1972.0,1982.0,1987.0,1.0,Dominant Reliever / Closer,0,1.0,25.0,0.4693556570268898,38.0,64.0,3.835160017536168,,1.0,0.0025990697767070987,0
holmeda01,Darren Holmes,Pitcher,P,Free-agency,1990.0,2003.0,2008.0,1.0,Dominant Reliever / Closer,0,1.0,3.0,0.3476190476190476,35.0,59.0,4.248529411764705,,,0.0025990697767070987,0
stanlbo01,Bob Stanley,Pitcher,P,Free-agency,1977.0,1989.0,1994.0,1.0,Dominant Reliever / Closer,0,0.0,0.0,,115.0,132.0,3.637961335676626,3.0,2.0,0.0025990697767070987,0
stanlfr01,Fred Stanley,Hitter,SS,Expansion,1969.0,1982.0,1987.0,3.0,Power Hitter 2,0,10.0,356.0,0.5637296037296037,,,,,,0.0025990697767070987,0
stanlmi01,Mickey Stanley,Hitter,OF,Expansion,1964.0,1978.0,1983.0,3.0,Power Hitter 2,0,117.0,1243.0,0.6749792724340409,,,,4.0,,0.0025990697767070987,0
hollida01,Dave Hollins,Hitter,3B,Free-agency,1990.0,2002.0,2007.0,3.0,Power Hitter 2,0,112.0,870.0,0.7786261668027088,,,,2.0,1.0,0.0025990697767070987,0
holadbr01,Bryan Holaday,Hitter,C,Post-steroid,2012.0,2021.0,2026.0,3.0,Power Hitter 2,0,10.0,173.0,0.6126216949467458,0.0,0.0,7.2,,,0.0025990697767070987,0
hoilech01,Chris Hoiles,Hitter,C,Free-agency,1989.0,1998.0,2003.0,3.0,Power Hitter 2,0,151.0,739.0,0.8334714681298723,,,,3.0,,0.0025990697767070987,0
hodgero01,Ron Hodges,Hitter,C,Expansion,1973.0,1984.0,1989.0,3.0,Power Hitter 2,0,19.0,342.0,0.6634012522720645,,,,,,0.0025990697767070987,0
hockide01,Denny Hocking,Hitter,2B,Steroid,1993.0,2005.0,2010.0,3.0,Power Hitter 2,0,25.0,591.0,0.6539201510891907,,,,,,0.0025990697767070987,0
hitchst01,Sterling Hitchcock,Pitcher,P,Free-agency,1992.0,2004.0,2009.0,4.0,Workhorse Starting Pitcher,0,0.0,19.0,0.2102918586789554,74.0,3.0,4.795177599170339,1.0,,0.0025990697767070987,0
stearjo01,John Stearns,Hitter,C,Expansion,1974.0,1984.0,1989.0,3.0,Power Hitter 2,0,46.0,696.0,0.7165211245846481,,,,,4.0,0.0025990697767070987,0
hillma01,Marc Hill,Hitter,C,Expansion,1973.0,1986.0,1991.0,3.0,Power Hitter 2,0,34.0,404.0,0.6124412658927585,,,,,,0.0025990697767070987,0
steinbi02,Bill Stein,Hitter,3B,Expansion,1972.0,1985.0,1990.0,3.0,Power Hitter 2,0,44.0,751.0,0.6835719498356962,,,,,,0.0025990697767070987,0
heathmi02,Mike Heath,Hitter,C,Free-agency,1978.0,1991.0,1996.0,3.0,Power Hitter 2,0,86.0,1061.0,0.666562378783623,,,,,,0.0025990697767070987,0
hawkian01,Andy Hawkins,Pitcher,P,Free-agency,1982.0,1991.0,1996.0,4.0,Workhorse Starting Pitcher,0,0.0,38.0,0.2628571428571428,84.0,0.0,4.221818181818182,1.0,,0.0025990697767070987,0
spillda01,Dan Spillner,Pitcher,P,Expansion,1974.0,1985.0,1990.0,1.0,Dominant Reliever / Closer,0,0.0,10.0,0.279246257098606,75.0,50.0,4.214604734256365,,,0.0025990697767070987,0
tablepa01,Pat Tabler,Hitter,1B,Free-agency,1981.0,1992.0,1997.0,3.0,Power Hitter 2,0,47.0,1101.0,0.7239967820937883,,,,2.0,1.0,0.0025990697767070987,0
guthrje01,Jeremy Guthrie,Pitcher,P,Steroid,2004.0,2017.0,2022.0,4.0,Workhorse Starting Pitcher,0,0.0,6.0,0.2623655913978494,91.0,0.0,4.420128398791541,,,0.0025990697767070987,0
gurala01,Larry Gura,Pitcher,P,Expansion,1970.0,1985.0,1990.0,4.0,Workhorse Starting Pitcher,0,0.0,3.0,0.2337662337662337,126.0,14.0,3.759159745969712,2.0,1.0,0.0025990697767070987,0
sveumda01,Dale Sveum,Hitter,SS,Free-agency,1986.0,1999.0,2004.0,3.0,Power Hitter 2,0,69.0,597.0,0.6762002757528599,,,,,,0.0025990697767070987,0
swancr01,Craig Swan,Pitcher,P,Expansion,1973.0,1984.0,1989.0,4.0,Workhorse Starting Pitcher,0,1.0,54.0,0.3738640839009874,59.0,2.0,3.7437280820070136,,,0.0025990697767070987,0
swarzan01,Anthony Swarzak,Pitcher,P,Post-steroid,2009.0,2021.0,2026.0,1.0,Dominant Reliever / Closer,0,0.0,0.0,0.0,26.0,10.0,4.4219387755102035,,,0.0025990697767070987,0
sweenma01,Mark Sweeney,Hitter,PH,Steroid,1995.0,2008.0,2013.0,3.0,Power Hitter 2,0,42.0,464.0,0.7342934212188964,,,,,,0.0025990697767070987,0
gundeer01,Eric Gunderson,Pitcher,P,Free-agency,1990.0,2000.0,2005.0,1.0,Dominant Reliever / Closer,0,0.0,0.0,0.1428571428571428,8.0,2.0,4.951965065502184,,,0.0025990697767070987,0
guilljo01,Jose Guillen,Hitter,OF,Steroid,1997.0,2010.0,2015.0,3.0,Power Hitter 2,0,214.0,1591.0,0.7609442934782609,,,,2.0,,0.0025990697767070987,0
guillca01,Carlos Guillen,Hitter,SS,Steroid,1998.0,2011.0,2016.0,3.0,Power Hitter 2,0,124.0,1331.0,0.7981089975174671,,,,1.0,3.0,0.0025990697767070987,0
guettle01,Lee Guetterman,Pitcher,P,Free-agency,1984.0,1996.0,2001.0,3.0,Power Hitter 2,0,0.0,1.0,0.75,38.0,25.0,4.33367088607595,,,0.0025990697767070987,0
gubicma01,Mark Gubicza,Pitcher,P,Free-agency,1984.0,1997.0,2002.0,4.0,Workhorse Starting Pitcher,0,0.0,0.0,,132.0,2.0,3.958920539730135,3.0,2.0,0.0025990697767070987,0
groteje01,Jerry Grote,Hitter,C,Expansion,1963.0,1981.0,1986.0,3.0,Power Hitter 2,0,39.0,1092.0,0.6418903879148175,,,,,2.0,0.0025990697767070987,0
hattesc01,Scott Hatteberg,Hitter,1B,Steroid,1995.0,2008.0,2013.0,3.0,Power Hitter 2,0,106.0,1153.0,0.7717653463882298,,,,2.0,,0.0025990697767070987,0
grosswa01,Wayne Gross,Hitter,3B,Free-agency,1976.0,1986.0,1991.0,3.0,Power Hitter 2,0,121.0,727.0,0.7315001040810737,0.0,0.0,0.0,,1.0,0.0025990697767070987,0
tapanke01,Kevin Tapani,Pitcher,P,Free-agency,1989.0,2001.0,2006.0,4.0,Workhorse Starting Pitcher,0,2.0,40.0,0.4006725653959591,143.0,0.0,4.347019867549669,2.0,,0.0025990697767070987,0
grimsro02,Ross Grimsley,Pitcher,P,Expansion,1971.0,1982.0,1987.0,4.0,Workhorse Starting Pitcher,0,0.0,45.0,0.2828545196299232,124.0,3.0,3.8085975809087937,1.0,1.0,0.0025990697767070987,0
grimsja01,Jason Grimsley,Pitcher,P,Free-agency,1989.0,2006.0,2011.0,1.0,Dominant Reliever / Closer,0,0.0,4.0,0.2805232558139535,42.0,4.0,4.765836298932385,,,0.0025990697767070987,0
tatisfe01,Fernando Tatis,Hitter,3B,Steroid,1997.0,2010.0,2015.0,3.0,Power Hitter 2,0,113.0,807.0,0.7853824112138983,,,,2.0,,0.0025990697767070987,0
taubeed01,Ed Taubensee,Hitter,C,Free-agency,1991.0,2001.0,2006.0,3.0,Power Hitter 2,0,94.0,784.0,0.7605227641762089,,,,,,0.0025990697767070987,0
grillja01,Jason Grilli,Pitcher,P,Steroid,2000.0,2017.0,2022.0,1.0,Dominant Reliever / Closer,0,1.0,3.0,0.6000000000000001,34.0,79.0,4.219571567672833,2.0,1.0,0.0025990697767070987,0
griffto02,Tom Griffin,Pitcher,P,Expansion,1969.0,1982.0,1987.0,4.0,Workhorse Starting Pitcher,0,10.0,66.0,0.4675809457255998,77.0,5.0,4.070472792149866,1.0,,0.0025990697767070987,0
greggke01,Kevin Gregg,Pitcher,P,Steroid,2003.0,2015.0,2020.0,1.0,Dominant Reliever / Closer,0,0.0,0.0,0.0,30.0,177.0,4.235539102267468,,,0.0025990697767070987,0
greento02,Todd Greene,Hitter,C,Steroid,1996.0,2006.0,2011.0,3.0,Power Hitter 2,0,71.0,397.0,0.7299699641596875,,,,,,0.0025990697767070987,0
greendi01,Dick Green,Hitter,2B,Expansion,1963.0,1974.0,1979.0,3.0,Power Hitter 2,0,80.0,960.0,0.6505923417496458,,,,1.0,,0.0025990697767070987,0
guthrma01,Mark Guthrie,Pitcher,P,Free-agency,1989.0,2003.0,2008.0,1.0,Dominant Reliever / Closer,0,0.0,1.0,0.1428571428571428,51.0,14.0,4.046321525885559,,,0.0025990697767070987,0
gutieri01,Ricky Gutierrez,Hitter,SS,Steroid,1993.0,2004.0,2009.0,3.0,Power Hitter 2,0,38.0,967.0,0.6886251722926408,,,,0.0,,0.0025990697767070987,0
gwynnch01,Chris Gwynn,Hitter,PH,Free-agency,1987.0,1996.0,2001.0,3.0,Power Hitter 2,0,17.0,263.0,0.6777398103486028,,,,,,0.0025990697767070987,0
suthega01,Gary Sutherland,Hitter,2B,Expansion,1966.0,1978.0,1983.0,3.0,Power Hitter 2,0,24.0,754.0,0.5984731562014678,,,,,,0.0025990697767070987,0
hatchmi01,Mickey Hatcher,Hitter,OF,Free-agency,1979.0,1990.0,1995.0,3.0,Power Hitter 2,0,38.0,946.0,0.6897406726276631,0.0,0.0,9.0,1.0,,0.0025990697767070987,0
hasslan01,Andy Hassler,Pitcher,P,Expansion,1971.0,1985.0,1990.0,1.0,Dominant Reliever / Closer,0,0.0,0.0,0.0333333333333333,44.0,29.0,3.829673590504451,,,0.0025990697767070987,0
hassero01,Ron Hassey,Hitter,C,Free-agency,1978.0,1991.0,1996.0,3.0,Power Hitter 2,0,71.0,914.0,0.7215418652551913,,,,,,0.0025990697767070987,0
haselbi01,Bill Haselman,Hitter,C,Free-agency,1990.0,2003.0,2008.0,3.0,Power Hitter 2,0,47.0,416.0,0.7198318625659235,,,,,,0.0025990697767070987,0
hartji01,Jim Ray Hart,Hitter,3B,Expansion,1963.0,1974.0,1979.0,3.0,Power Hitter 2,0,170.0,1052.0,0.8126708866109427,,,,0.0,1.0,0.0025990697767070987,0
hartco01,Corey Hart,Hitter,OF,Steroid,2004.0,2015.0,2020.0,3.0,Power Hitter 2,0,162.0,1009.0,0.8064928419839072,,,,0.0,2.0,0.0025990697767070987,0
harrebu01,Bud Harrelson,Hitter,SS,Expansion,1965.0,1980.0,1985.0,3.0,Power Hitter 2,0,7.0,1120.0,0.6155234311775833,,,,2.0,2.0,0.0025990697767070987,0
sturtta01,Tanyon Sturtze,Pitcher,P,Steroid,1995.0,2008.0,2013.0,1.0,Dominant Reliever / Closer,0,0.0,1.0,0.125,40.0,3.0,5.1944792973651195,,,0.0025990697767070987,0
harnipe01,Pete Harnisch,Pitcher,P,Free-agency,1988.0,2001.0,2006.0,4.0,Workhorse Starting Pitcher,0,2.0,66.0,0.3270091263512316,111.0,0.0,3.886676875957121,,1.0,0.0025990697767070987,0
harmote01,Terry Harmon,Hitter,2B,Expansion,1967.0,1977.0,1982.0,3.0,Power Hitter 2,0,4.0,262.0,0.6035555555555556,,,,,,0.0025990697767070987,0
hargast01,Steve Hargan,Pitcher,P,Expansion,1965.0,1977.0,1982.0,4.0,Workhorse Starting Pitcher,0,1.0,42.0,0.3003869184707508,87.0,4.0,3.920955882352941,,1.0,0.0025990697767070987,0
hardyjj01,J. J. Hardy,Hitter,SS,Post-steroid,2005.0,2017.0,2022.0,3.0,Power Hitter 2,0,188.0,1488.0,0.7137528511086847,,,,6.0,2.0,0.0025990697767070987,0
rauchjo01,Jon Rauch,Pitcher,P,Steroid,2002.0,2013.0,2018.0,1.0,Dominant Reliever / Closer,0,1.0,2.0,0.3333333333333333,43.0,62.0,3.9025210084033617,,,0.0025990697767070987,0
hanseda01,Dave Hansen,Hitter,PH,Free-agency,1990.0,2005.0,2010.0,3.0,Power Hitter 2,0,35.0,466.0,0.7294235321415343,,,,,,0.0025990697767070987,0
hanigry01,Ryan Hanigan,Hitter,C,Post-steroid,2007.0,2017.0,2022.0,3.0,Power Hitter 2,0,30.0,492.0,0.6786311035500159,,,,,,0.0025990697767070987,0
haneyla01,Larry Haney,Hitter,C,Expansion,1966.0,1978.0,1983.0,3.0,Power Hitter 2,0,12.0,198.0,0.5417622477304282,,,,,,0.0025990697767070987,0
haneych01,Chris Haney,Pitcher,P,Free-agency,1991.0,2002.0,2007.0,4.0,Workhorse Starting Pitcher,0,0.0,4.0,0.2222222222222222,38.0,1.0,5.07477768795473,,,0.0025990697767070987,0
handsbi01,Bill Hands,Pitcher,P,Expansion,1965.0,1975.0,1980.0,4.0,Workhorse Starting Pitcher,0,0.0,37.0,0.2409071423860713,111.0,14.0,3.35366478728857,,,0.0025990697767070987,0
hammoje01,Jeffrey Hammonds,Hitter,OF,Steroid,1993.0,2005.0,2010.0,3.0,Power Hitter 2,0,110.0,824.0,0.7870012639348427,,,,1.0,1.0,0.0025990697767070987,0
summech01,Champ Summers,Hitter,PH,Expansion,1974.0,1984.0,1989.0,3.0,Power Hitter 2,0,54.0,350.0,0.7755515186546109,,,,,,0.0025990697767070987,0
hairsje02,Jerry Hairston,Hitter,2B,Steroid,1998.0,2013.0,2018.0,3.0,Power Hitter 2,0,70.0,1126.0,0.692128960086428,,,,,,0.0025990697767070987,0
hairsje01,Jerry Hairston,Hitter,PH,Expansion,1973.0,1989.0,1994.0,3.0,Power Hitter 2,0,30.0,438.0,0.7335839929253087,,,,,,0.0025990697767070987,0
haasmo01,Moose Haas,Pitcher,P,Free-agency,1976.0,1987.0,1992.0,4.0,Workhorse Starting Pitcher,0,0.0,0.0,,100.0,2.0,4.013293051359517,2.0,,0.0025990697767070987,0
spilmha01,Harry Spilman,Hitter,PH,Free-agency,1978.0,1989.0,1994.0,3.0,Power Hitter 2,0,18.0,192.0,0.6537959886797096,,,,,,0.0025990697767070987,0
hubbatr01,Trent Hubbard,Hitter,OF,Steroid,1994.0,2003.0,2008.0,3.0,Power Hitter 2,0,16.0,196.0,0.7148336890131723,,,,,,0.0025990697767070987,0
leitema01,Mark Leiter,Pitcher,P,Free-agency,1990.0,2001.0,2006.0,1.0,Dominant Reliever / Closer,0,0.0,21.0,0.2693055405551355,65.0,26.0,4.57472558401351,,,0.0025990697767070987,0
kooncca01,Cal Koonce,Pitcher,P,Expansion,1962.0,1971.0,1976.0,1.0,Dominant Reliever / Closer,0,0.0,24.0,0.2789938773202371,47.0,24.0,3.7803706245710367,,,0.0025990697767070987,0
lacosmi01,Mike LaCoss,Pitcher,P,Free-agency,1978.0,1991.0,1996.0,4.0,Workhorse Starting Pitcher,0,2.0,60.0,0.3194457098839569,98.0,12.0,4.019735581529028,,1.0,0.0025990697767070987,0
lacorfr01,Frank LaCorte,Pitcher,P,Expansion,1975.0,1984.0,1989.0,1.0,Dominant Reliever / Closer,0,0.0,8.0,0.2308071675160282,23.0,26.0,5.014285714285714,,,0.0025990697767070987,0
kuipedu01,Duane Kuiper,Hitter,2B,Expansion,1974.0,1985.0,1990.0,3.0,Power Hitter 2,0,1.0,917.0,0.6412568562330065,,,,1.0,,0.0025990697767070987,0
kubiate01,Ted Kubiak,Hitter,2B,Expansion,1967.0,1976.0,1981.0,3.0,Power Hitter 2,0,13.0,565.0,0.5957184943146794,,,,,,0.0025990697767070987,0
kubelja01,Jason Kubel,Hitter,OF,Steroid,2004.0,2014.0,2019.0,3.0,Power Hitter 2,0,140.0,913.0,0.7773403246830193,,,,2.0,,0.0025990697767070987,0
shower01,Eric Show,Pitcher,P,Free-agency,1981.0,1991.0,1996.0,4.0,Workhorse Starting Pitcher,0,4.0,81.0,0.3747635379338982,101.0,7.0,3.659818731117825,0.0,,0.0025990697767070987,0
krukomi01,Mike Krukow,Pitcher,P,Free-agency,1976.0,1989.0,1994.0,4.0,Workhorse Starting Pitcher,0,5.0,139.0,0.4573854705627818,124.0,1.0,3.8988131466828975,2.0,1.0,0.0025990697767070987,0
kreutch01,Chad Kreuter,Hitter,C,Free-agency,1988.0,2003.0,2008.0,3.0,Power Hitter 2,0,54.0,593.0,0.6921702206602286,,,,,,0.0025990697767070987,0
krausle02,Lew Krausse,Pitcher,P,Expansion,1961.0,1974.0,1979.0,4.0,Workhorse Starting Pitcher,0,6.0,47.0,0.4105117198448171,68.0,21.0,4.003375746559335,,,0.0025990697767070987,0
kotchca01,Casey Kotchman,Hitter,1B,Steroid,2004.0,2013.0,2018.0,3.0,Power Hitter 2,0,71.0,799.0,0.7111054633828657,,,,,,0.0025990697767070987,0
koscoan01,Andy Kosco,Hitter,OF,Expansion,1965.0,1974.0,1979.0,3.0,Power Hitter 2,0,73.0,464.0,0.6669346006047188,,,,,,0.0025990697767070987,0
knorrra01,Randy Knorr,Hitter,C,Free-agency,1991.0,2001.0,2006.0,3.0,Power Hitter 2,0,24.0,153.0,0.6597389965145497,,,,,,0.0025990697767070987,0
kennejo03,John Kennedy,Hitter,3B,Expansion,1962.0,1974.0,1979.0,3.0,Power Hitter 2,0,32.0,475.0,0.6038171544095714,,,,,,0.0025990697767070987,0
knighra01,Ray Knight,Hitter,3B,Expansion,1974.0,1988.0,1993.0,3.0,Power Hitter 2,0,84.0,1311.0,0.7106797787030428,,,,5.0,2.0,0.0025990697767070987,0
simsdu01,Duke Sims,Hitter,C,Expansion,1964.0,1974.0,1979.0,3.0,Power Hitter 2,0,100.0,580.0,0.7411928341133522,,,,,,0.0025990697767070987,0
sinatma01,Matt Sinatro,Hitter,C,Free-agency,1981.0,1992.0,1997.0,3.0,Power Hitter 2,0,1.0,48.0,0.4776694195513383,,,,,,0.0025990697767070987,0
singebi01,Bill Singer,Pitcher,P,Expansion,1964.0,1977.0,1982.0,4.0,Workhorse Starting Pitcher,0,0.0,45.0,0.2837413684871311,118.0,2.0,3.390524379024839,,2.0,0.0025990697767070987,0
kisonbr01,Bruce Kison,Pitcher,P,Expansion,1971.0,1985.0,1990.0,4.0,Workhorse Starting Pitcher,0,3.0,66.0,0.447996450588455,115.0,12.0,3.6603426045312215,,,0.0025990697767070987,0
kirkped01,Ed Kirkpatrick,Hitter,OF,Expansion,1962.0,1977.0,1982.0,3.0,Power Hitter 2,0,85.0,824.0,0.6896569549035485,,,,,,0.0025990697767070987,0
kingemi01,Mike Kingery,Hitter,OF,Free-agency,1986.0,1996.0,2001.0,3.0,Power Hitter 2,0,30.0,546.0,0.7212805804646945,,,,,,0.0025990697767070987,0
kileda01,Darryl Kile,Pitcher,P,Free-agency,1991.0,2002.0,2007.0,4.0,Workhorse Starting Pitcher,0,2.0,87.0,0.3666310437514168,133.0,0.0,4.123152709359606,4.0,3.0,0.0025990697767070987,0
slatoji01,Jim Slaton,Pitcher,P,Expansion,1971.0,1986.0,1991.0,4.0,Workhorse Starting Pitcher,0,0.0,6.0,0.269197584124245,151.0,14.0,4.031052043224444,1.0,1.0,0.0025990697767070987,0
slaugdo01,Don Slaught,Hitter,C,Free-agency,1982.0,1997.0,2002.0,3.0,Power Hitter 2,0,77.0,1151.0,0.749438706780422,,,,,,0.0025990697767070987,0
kennete02,Terry Kennedy,Hitter,C,Free-agency,1978.0,1991.0,1996.0,3.0,Power Hitter 2,0,113.0,1313.0,0.6993814100719595,,,,2.0,4.0,0.0025990697767070987,0
shirlbo01,Bob Shirley,Pitcher,P,Free-agency,1977.0,1987.0,1992.0,1.0,Dominant Reliever / Closer,0,0.0,29.0,0.2738469168457596,67.0,18.0,3.82122905027933,1.0,,0.0025990697767070987,0
shiplcr01,Craig Shipley,Hitter,3B,Free-agency,1986.0,1998.0,2003.0,3.0,Power Hitter 2,0,20.0,364.0,0.6728372858783249,,,,,,0.0025990697767070987,0
lahoujo01,Joe Lahoud,Hitter,OF,Expansion,1968.0,1978.0,1983.0,3.0,Power Hitter 2,0,65.0,429.0,0.7063161229014887,,,,,,0.0025990697767070987,0
lairdge01,Gerald Laird,Hitter,C,Steroid,2003.0,2015.0,2020.0,3.0,Power Hitter 2,0,38.0,597.0,0.6577383200955946,,,,1.0,,0.0025990697767070987,0
leibrch01,Charlie Leibrandt,Pitcher,P,Free-agency,1979.0,1993.0,1998.0,4.0,Workhorse Starting Pitcher,0,0.0,32.0,0.3056418838154434,140.0,2.0,3.712305025996534,3.0,,0.0025990697767070987,0
leebi03,Bill Lee,Pitcher,P,Expansion,1969.0,1982.0,1987.0,4.0,Workhorse Starting Pitcher,0,2.0,41.0,0.4760806029841563,119.0,19.0,3.624378535916338,2.0,1.0,0.0025990697767070987,0
ledeeri01,Ricky Ledee,Hitter,OF,Steroid,1998.0,2007.0,2012.0,3.0,Power Hitter 2,0,63.0,494.0,0.7371090182221092,,,,,,0.0025990697767070987,0
servasc01,Scott Servais,Hitter,C,Free-agency,1991.0,2001.0,2006.0,3.0,Power Hitter 2,0,63.0,611.0,0.680883067558175,,,,,,0.0025990697767070987,0
leblawa01,Wade LeBlanc,Pitcher,P,Post-steroid,2008.0,2021.0,2026.0,3.0,Power Hitter 2,0,0.0,30.0,0.4939941625505163,46.0,3.0,4.541875447387258,,,0.0025990697767070987,0
learyti01,Tim Leary,Pitcher,P,Free-agency,1981.0,1994.0,1999.0,4.0,Workhorse Starting Pitcher,0,1.0,36.0,0.5231324431613136,78.0,1.0,4.363209655789003,3.0,,0.0025990697767070987,0
leakemi01,Mike Leake,Pitcher,P,Post-steroid,2010.0,2019.0,2024.0,4.0,Workhorse Starting Pitcher,0,6.0,93.0,0.4907790371175011,105.0,0.0,4.054674685620558,1.0,,0.0025990697767070987,0
lawtoma02,Matt Lawton,Hitter,OF,Steroid,1995.0,2006.0,2011.0,3.0,Power Hitter 2,0,138.0,1273.0,0.7852000936336367,,,,1.0,2.0,0.0025990697767070987,0
lavarry01,Ryan Lavarnway,Hitter,C,Post-steroid,2011.0,2021.0,2026.0,3.0,Power Hitter 2,0,9.0,97.0,0.6166839641135635,,,,,,0.0025990697767070987,0
lavalmi01,Mike LaValliere,Hitter,C,Free-agency,1984.0,1995.0,2000.0,3.0,Power Hitter 2,0,18.0,663.0,0.6890396508278105,,,,3.0,,0.0025990697767070987,0
larueja01,Jason LaRue,Hitter,C,Steroid,1999.0,2010.0,2015.0,3.0,Power Hitter 2,0,96.0,628.0,0.7119512765482756,,,,,,0.0025990697767070987,0
larocda01,Dave LaRoche,Pitcher,P,Expansion,1970.0,1983.0,1988.0,1.0,Dominant Reliever / Closer,0,0.0,15.0,0.6186113789778207,65.0,126.0,3.525095298602287,0.0,2.0,0.0025990697767070987,0
lapoida01,Dave LaPoint,Pitcher,P,Free-agency,1980.0,1991.0,1996.0,4.0,Workhorse Starting Pitcher,0,0.0,26.0,0.2642861390259856,80.0,1.0,4.0197309417040366,0.0,,0.0025990697767070987,0
lanieha01,Hal Lanier,Hitter,SS,Expansion,1964.0,1973.0,1978.0,3.0,Power Hitter 2,0,8.0,843.0,0.5294435642409552,,,,,,0.0025990697767070987,0
langfri01,Rick Langford,Pitcher,P,Free-agency,1976.0,1986.0,1991.0,4.0,Workhorse Starting Pitcher,0,0.0,1.0,0.5,73.0,0.0,4.00804828973843,1.0,,0.0025990697767070987,0
langery01,Ryan Langerhans,Hitter,OF,Steroid,2002.0,2013.0,2018.0,3.0,Power Hitter 2,0,33.0,283.0,0.7040776486671223,,,,,,0.0025990697767070987,0
landrke01,Ken Landreaux,Hitter,OF,Free-agency,1977.0,1987.0,1992.0,3.0,Power Hitter 2,0,91.0,1099.0,0.7178184641563952,,,,,1.0,0.0025990697767070987,0
lampkto01,Tom Lampkin,Hitter,C,Free-agency,1988.0,2002.0,2007.0,3.0,Power Hitter 2,0,56.0,422.0,0.6996514182130712,,,,,,0.0025990697767070987,0
lampde01,Dennis Lamp,Pitcher,P,Free-agency,1977.0,1992.0,1997.0,4.0,Workhorse Starting Pitcher,0,0.0,33.0,0.3675102747133896,96.0,35.0,3.928077203204661,0.0,,0.0025990697767070987,0
lambmi01,Mike Lamb,Hitter,3B,Steroid,2000.0,2010.0,2015.0,3.0,Power Hitter 2,0,69.0,746.0,0.7469942963642764,,,,,,0.0025990697767070987,0
shelbjo01,John Shelby,Hitter,OF,Free-agency,1981.0,1991.0,1996.0,3.0,Power Hitter 2,0,70.0,739.0,0.6448912703886442,,,,,,0.0025990697767070987,0
lakerti01,Tim Laker,Hitter,C,Free-agency,1992.0,2006.0,2011.0,3.0,Power Hitter 2,0,11.0,147.0,0.6016130124788868,0.0,0.0,0.0,,,0.0025990697767070987,0
shielja02,James Shields,Pitcher,P,Post-steroid,2006.0,2018.0,2023.0,4.0,Workhorse Starting Pitcher,0,0.0,24.0,0.3763477416221467,145.0,0.0,4.014908256880734,4.0,1.0,0.0025990697767070987,0
slocuhe01,Heathcliff Slocumb,Pitcher,P,Free-agency,1991.0,2000.0,2005.0,1.0,Dominant Reliever / Closer,0,0.0,1.0,0.1666666666666666,28.0,98.0,4.079239302694137,1.0,1.0,0.0025990697767070987,0
smallro02,Roy Smalley,Hitter,SS,Expansion,1975.0,1987.0,1992.0,3.0,Power Hitter 2,0,163.0,1454.0,0.740112924089863,,,,3.0,1.0,0.0025990697767070987,0
spierbi01,Bill Spiers,Hitter,SS,Free-agency,1989.0,2001.0,2006.0,3.0,Power Hitter 2,0,37.0,922.0,0.7105323786879397,,,,,,0.0025990697767070987,0
iorgda01,Dane Iorg,Hitter,OF,Free-agency,1977.0,1986.0,1991.0,3.0,Power Hitter 2,0,14.0,455.0,0.6945102774537293,0.0,0.0,12.0,,,0.0025990697767070987,0
jamesch02,Chris James,Hitter,OF,Free-agency,1986.0,1995.0,2000.0,3.0,Power Hitter 2,0,90.0,794.0,0.7208976380796456,,,,0.0,,0.0025990697767070987,0
sojolu01,Luis Sojo,Hitter,2B,Free-agency,1990.0,2003.0,2008.0,3.0,Power Hitter 2,0,36.0,671.0,0.6497788890468372,,,,,,0.0025990697767070987,0
jahajo01,John Jaha,Hitter,1B,Free-agency,1992.0,2001.0,2006.0,3.0,Power Hitter 2,0,141.0,730.0,0.8335194480848643,,,,2.0,1.0,0.0025990697767070987,0
jacobbr01,Brook Jacoby,Hitter,3B,Free-agency,1981.0,1992.0,1997.0,3.0,Power Hitter 2,0,120.0,1220.0,0.7391745939910499,,,,2.0,2.0,0.0025990697767070987,0
sorenla01,Lary Sorensen,Pitcher,P,Free-agency,1977.0,1988.0,1993.0,4.0,Workhorse Starting Pitcher,0,0.0,3.0,0.1593237704918033,93.0,6.0,4.146669226339029,1.0,1.0,0.0025990697767070987,0
jacksso01,Sonny Jackson,Hitter,SS,Expansion,1963.0,1974.0,1979.0,3.0,Power Hitter 2,0,7.0,767.0,0.6112131671432282,,,,0.0,,0.0025990697767070987,0
jacksro03,Roy Lee Jackson,Pitcher,P,Free-agency,1977.0,1986.0,1991.0,1.0,Dominant Reliever / Closer,0,0.0,6.0,0.4516129032258064,28.0,34.0,3.767441860465116,,,0.0025990697767070987,0
jacksro02,Ron Jackson,Hitter,1B,Expansion,1975.0,1984.0,1989.0,3.0,Power Hitter 2,0,56.0,774.0,0.6995404903275313,,,,,,0.0025990697767070987,0
sorrepa01,Paul Sorrento,Hitter,1B,Free-agency,1989.0,1999.0,2004.0,3.0,Power Hitter 2,0,166.0,876.0,0.7976627554711384,,,,,,0.0025990697767070987,0
izturce01,Cesar Izturis,Hitter,SS,Steroid,2001.0,2013.0,2018.0,3.0,Power Hitter 2,0,17.0,1103.0,0.6142868383832347,,,,1.0,1.0,0.0025990697767070987,0
iviemi01,Mike Ivie,Hitter,1B,Expansion,1971.0,1983.0,1988.0,3.0,Power Hitter 2,0,81.0,724.0,0.744444897121577,,,,1.0,,0.0025990697767070987,0
incavpe01,Pete Incaviglia,Hitter,OF,Free-agency,1986.0,1998.0,2003.0,3.0,Power Hitter 2,0,206.0,1043.0,0.7578119047922177,,,,,,0.0025990697767070987,0
smilejo01,John Smiley,Pitcher,P,Free-agency,1986.0,1997.0,2002.0,4.0,Workhorse Starting Pitcher,0,2.0,73.0,0.3690812483185365,126.0,4.0,3.802551109557924,1.0,2.0,0.0025990697767070987,0
iannech01,Chris Iannetta,Hitter,C,Post-steroid,2006.0,2019.0,2024.0,3.0,Power Hitter 2,0,141.0,820.0,0.7510309911031883,,,,1.0,,0.0025990697767070987,0
hurdlcl01,Clint Hurdle,Hitter,OF,Free-agency,1977.0,1987.0,1992.0,3.0,Power Hitter 2,0,32.0,360.0,0.7446017565556796,,,,1.0,,0.0025990697767070987,0
hundlto01,Todd Hundley,Hitter,C,Free-agency,1990.0,2003.0,2008.0,3.0,Power Hitter 2,0,202.0,883.0,0.7626591477761412,,,,1.0,2.0,0.0025990697767070987,0
hundlra01,Randy Hundley,Hitter,C,Expansion,1964.0,1977.0,1982.0,3.0,Power Hitter 2,0,82.0,813.0,0.641805594842352,,,,1.0,1.0,0.0025990697767070987,0
hundlni01,Nick Hundley,Hitter,C,Post-steroid,2008.0,2019.0,2024.0,3.0,Power Hitter 2,0,93.0,766.0,0.7034509430485854,,,,1.0,,0.0025990697767070987,0
humeto01,Tom Hume,Pitcher,P,Free-agency,1977.0,1987.0,1992.0,1.0,Dominant Reliever / Closer,0,1.0,22.0,0.2959065679925994,57.0,92.0,3.8535911602209945,2.0,1.0,0.0025990697767070987,0
huletti01,Tim Hulett,Hitter,3B,Free-agency,1983.0,1995.0,2000.0,3.0,Power Hitter 2,0,48.0,529.0,0.6686800843572345,,,,,,0.0025990697767070987,0
hugheph01,Phil Hughes,Pitcher,P,Post-steroid,2007.0,2018.0,2023.0,4.0,Workhorse Starting Pitcher,0,0.0,0.0,0.0,88.0,3.0,4.517428350116189,0.0,1.0,0.0025990697767070987,0
huffau01,Aubrey Huff,Hitter,1B,Steroid,2000.0,2012.0,2017.0,0.0,Power Hitter,0,242.0,1699.0,0.8057075047347113,,,,5.0,,0.0025990697767070987,0
spencji01,Jim Spencer,Hitter,1B,Expansion,1968.0,1982.0,1987.0,3.0,Power Hitter 2,0,146.0,1227.0,0.6939355143194511,,,,2.0,1.0,0.0025990697767070987,0
hudlere01,Rex Hudler,Hitter,2B,Free-agency,1984.0,1998.0,2003.0,3.0,Power Hitter 2,0,56.0,461.0,0.7171217745268054,,,,,,0.0025990697767070987,0
jamesdi01,Dion James,Hitter,OF,Free-agency,1983.0,1996.0,2001.0,3.0,Power Hitter 2,0,32.0,781.0,0.7554980050372567,,,,1.0,,0.0025990697767070987,0
jarvike01,Kevin Jarvis,Pitcher,P,Steroid,1994.0,2006.0,2011.0,4.0,Workhorse Starting Pitcher,0,1.0,30.0,0.4307477793844247,34.0,1.0,6.029461998292058,,,0.0025990697767070987,0
snydech02,Chris Snyder,Hitter,C,Steroid,2004.0,2013.0,2018.0,3.0,Power Hitter 2,0,77.0,467.0,0.7102425968527075,,,,,,0.0025990697767070987,0
jenkige01,Geoff Jenkins,Hitter,OF,Steroid,1998.0,2008.0,2013.0,3.0,Power Hitter 2,0,221.0,1293.0,0.8341249285850314,,,,1.0,1.0,0.0025990697767070987,0
kendrky01,Kyle Kendrick,Pitcher,P,Post-steroid,2007.0,2017.0,2022.0,4.0,Workhorse Starting Pitcher,0,1.0,52.0,0.3608140225787284,81.0,0.0,4.683815925542916,0.0,,0.0025990697767070987,0
kendafr01,Fred Kendall,Hitter,C,Expansion,1969.0,1980.0,1985.0,3.0,Power Hitter 2,0,31.0,603.0,0.5975195265641244,,,,,,0.0025990697767070987,0
kempst01,Steve Kemp,Hitter,OF,Free-agency,1977.0,1988.0,1993.0,3.0,Power Hitter 2,0,130.0,1128.0,0.7970254014094083,,,,2.0,1.0,0.0025990697767070987,0
kellypa01,Pat Kelly,Hitter,OF,Expansion,1967.0,1981.0,1986.0,3.0,Power Hitter 2,0,76.0,1147.0,0.7305328618404776,,,,,1.0,0.0025990697767070987,0
kellemi02,Mick Kelleher,Hitter,SS,Expansion,1972.0,1982.0,1987.0,3.0,Power Hitter 2,0,0.0,230.0,0.519964297236603,,,,,,0.0025990697767070987,0
kazmisc01,Scott Kazmir,Pitcher,P,Steroid,2004.0,2021.0,2026.0,4.0,Workhorse Starting Pitcher,0,0.0,8.0,0.2343987823439878,108.0,0.0,4.021164021164021,4.0,3.0,0.0025990697767070987,0
karkoro01,Ron Karkovice,Hitter,C,Free-agency,1986.0,1997.0,2002.0,3.0,Power Hitter 2,0,96.0,574.0,0.6716844631556116,,,,,,0.0025990697767070987,0
kamiesc01,Scott Kamieniecki,Pitcher,P,Free-agency,1991.0,2000.0,2005.0,1.0,Dominant Reliever / Closer,0,0.0,0.0,0.0,53.0,5.0,4.519986334130508,,,0.0025990697767070987,0
joycema01,Matt Joyce,Hitter,OF,Post-steroid,2008.0,2021.0,2026.0,3.0,Power Hitter 2,0,149.0,898.0,0.767370161653957,,,,1.0,1.0,0.0025990697767070987,0
joshuvo01,Von Joshua,Hitter,OF,Expansion,1969.0,1980.0,1985.0,3.0,Power Hitter 2,0,30.0,610.0,0.6855442847821799,,,,,,0.0025990697767070987,0
josefe01,Felix Jose,Hitter,OF,Free-agency,1988.0,2003.0,2008.0,3.0,Power Hitter 2,0,54.0,708.0,0.7429660142671282,,,,4.0,1.0,0.0025990697767070987,0
jonesru01,Ruppert Jones,Hitter,OF,Free-agency,1976.0,1987.0,1992.0,3.0,Power Hitter 2,0,147.0,1103.0,0.7457586692014778,,,,,2.0,0.0025990697767070987,0
jonesja04,Jacque Jones,Hitter,OF,Steroid,1999.0,2008.0,2013.0,3.0,Power Hitter 2,0,165.0,1272.0,0.774703467311101,,,,2.0,,0.0025990697767070987,0
jonesbo03,Bobby Jones,Pitcher,P,Steroid,1993.0,2002.0,2007.0,4.0,Workhorse Starting Pitcher,0,1.0,59.0,0.3221264992392657,89.0,0.0,4.355794556628622,0.0,1.0,0.0025990697767070987,0
johnsre02,Reed Johnson,Hitter,OF,Steroid,2003.0,2015.0,2020.0,3.0,Power Hitter 2,0,65.0,1014.0,0.7399725420670948,,,,1.0,,0.0025990697767070987,0
johnske05,Kelly Johnson,Hitter,2B,Post-steroid,2005.0,2016.0,2021.0,3.0,Power Hitter 2,0,155.0,1140.0,0.7511420308677392,,,,2.0,,0.0025990697767070987,0
smithpe02,Pete Smith,Pitcher,P,Free-agency,1987.0,1998.0,2003.0,4.0,Workhorse Starting Pitcher,0,0.0,33.0,0.320866448496182,47.0,1.0,4.545336366590835,,,0.0025990697767070987,0
johnsje01,Jerry Johnson,Pitcher,P,Expansion,1968.0,1977.0,1982.0,1.0,Dominant Reliever / Closer,0,0.0,15.0,0.3119877049180328,48.0,41.0,4.3092560553633215,0.0,,0.0025990697767070987,0
johnsda06,Dan Johnson,Hitter,1B,Post-steroid,2005.0,2015.0,2020.0,3.0,Power Hitter 2,0,57.0,324.0,0.7405944561950351,,,,2.0,,0.0025990697767070987,0
smoakju01,Justin Smoak,Hitter,1B,Post-steroid,2010.0,2020.0,2025.0,3.0,Power Hitter 2,0,196.0,951.0,0.7404176562282181,,,,2.0,1.0,0.0025990697767070987,0
johnsal01,Alex Johnson,Hitter,OF,Expansion,1964.0,1976.0,1981.0,3.0,Power Hitter 2,0,78.0,1331.0,0.7181146010487343,,,,1.0,1.0,0.0025990697767070987,0
jimenub01,Ubaldo Jimenez,Pitcher,P,Post-steroid,2006.0,2017.0,2022.0,4.0,Workhorse Starting Pitcher,0,0.0,34.0,0.2824229035569242,114.0,1.0,4.336363636363636,4.0,1.0,0.0025990697767070987,0
jepseke01,Kevin Jepsen,Pitcher,P,Post-steroid,2008.0,2018.0,2023.0,1.0,Dominant Reliever / Closer,0,0.0,0.0,,18.0,27.0,3.996,,,0.0025990697767070987,0
lacyle01,Lee Lacy,Hitter,OF,Expansion,1972.0,1987.0,1992.0,3.0,Power Hitter 2,0,91.0,1303.0,0.7497307731643709,,,,,,0.0025990697767070987,0
