,cooks_d,hat_diag,student_resid,id,inducted,is_high_cooks,is_high_leverage,is_influential
0,1.4727725157474857e-11,3.3813271691785683e-05,0.003024311655530141,Hank Aaron,1,0,0,0
1,3.166325353933298e-07,0.000892129070043679,-0.0862938332632359,Don Aase,0,0,0,0
2,2.1911861945394908e-07,0.0004965942798556914,-0.09623666658688451,Glenn Abbott,0,0,0,0
5,9.553347961560078e-07,0.001311815603132734,-0.12358506925385264,Ted Abernathy,0,0,0,0
7,1.4927946536945853e-07,0.0004578267998561197,-0.0827293550403465,Jim Acker,0,0,0,0
8,3.866703099469481e-08,0.00030258817494625487,-0.05179506334431006,Jerry Adair,0,0,0,0
9,0.0001514499199193279,0.014267430365209824,-0.4687603218413518,Babe Adams,0,0,0,0
10,2.161697110644881e-07,0.0006424089343385976,-0.084035297154469,Bobby Adams,0,0,0,0
11,1.2564513694818705e-07,0.000534542798468415,-0.07023848610488995,Emery Adams,0,0,0,0
14,3.2618394389094645e-07,0.0010257519262422683,-0.08167646123827253,Sparky Adams,0,0,0,0
16,8.208834075820513e-08,0.00080338326077538,-0.046303569771007816,Joe Adcock,0,0,0,0
18,1.1368866785394476e-06,0.00260426842504499,-0.09562228471226211,Tommie Agee,0,0,0,0
19,4.774312667971559e-07,0.0006635284066008575,-0.12288282435700704,Juan Agosto,0,0,0,0
20,9.511557461622994e-08,0.0003645208549094788,-0.07401080127823192,Luis Aguayo,0,0,0,0
22,6.04499207230162e-07,0.0009877056088758932,-0.11331285228604031,Hank Aguirre,0,0,0,0
23,4.079822093813821e-06,0.002604452149829701,-0.18113642055161674,Eddie Ainsmith,0,0,0,0
24,1.435728180552487e-07,0.0004604017252033317,-0.08090535924398565,Jack Aker,0,0,0,0
27,4.693377397204885e-06,0.004480618208879841,-0.14798178998527817,Doyle Alexander,0,0,0,0
29,5.590804119570898e-07,0.003136042125102322,0.06109051535453389,Pete Alexander,1,0,0,0
33,1.2494562126508032e-07,0.0004780342434450876,-0.07406906035203523,Bernie Allen,0,0,0,0
34,0.005072457984496446,0.0410898811506124,1.5766684774259039,Dick Allen,1,1,1,1
35,2.2455647630412146e-07,0.0006339169733446156,-0.08622209135445788,Ethan Allen,0,0,0,0
36,2.273580066572073e-05,0.006721709334196252,-0.26561976088512723,Johnny Allen,0,0,0,0
37,3.2993531019126606e-07,0.0010567107747954526,-0.08093127731537111,Neil Allen,0,0,0,0
38,0.004074180146962521,0.052255666012253184,-1.245686236989159,Newt Allen,0,1,1,1
39,1.7013304200070087e-07,0.0007664058469570845,-0.06825085395350373,Gene Alley,0,0,0,0
40,2.1582962427578246e-06,0.0036988830716312886,-0.1104905618431531,Bob Allison,0,0,0,0
41,2.4224497065980093e-07,0.0005458046470331977,-0.0965161223257588,Doug Allison,0,0,0,0
42,1.812222251385737e-07,0.0005285760553686325,-0.08482948388306294,Bill Almon,0,0,0,0
44,2.0245533442724428e-07,0.000654148912747149,-0.08059235647330854,Sandy Alomar,0,0,0,0
47,5.512402527184239e-07,0.0015971659316386692,-0.08506638798411038,Felipe Alou,0,0,0,0
48,2.344763227358545e-07,0.0006857151914530495,-0.08471070709211091,Jesus Alou,0,0,0,0
49,1.8393725864037978e-07,0.0008371390927762382,-0.06789907096026088,Matty Alou,0,0,0,0
51,0.00024190438089606697,0.0468732234102433,-0.32139893933268254,Nick Altrock,0,0,1,1
53,1.8213242404967891e-07,0.0004922412828856196,-0.08812666780267851,Joey Amalfitano,0,0,0,0
55,7.923020149992605e-08,0.00035891607037336076,-0.06807389867074885,Ruben Amaro,0,0,0,0
56,3.5123647899580287e-06,0.001675809161662961,-0.20962012326246585,Red Ames,0,0,0,0
60,7.860357311267531e-08,0.0003423439205146637,-0.06942647732139474,Dave Anderson,0,0,0,0
62,3.157264967551193e-05,0.006933910598392924,-0.30815209161963286,John Anderson,0,0,0,0
63,5.569556278643764e-06,0.0025578668228387084,-0.21356242124315422,Larry Andersen,0,0,0,0
66,3.3647092980150453e-07,0.0006064557505386016,-0.1079076245324389,Jabbo Andrews,0,0,0,0
67,1.3126055312189337e-05,0.008513294358202686,-0.1791725130405096,Joaquin Andujar,0,0,0,0
69,9.087196768685592e-06,0.01064164074945164,0.13319782413539988,Cap Anson,1,0,0,0
70,1.5967277530333226e-05,0.0073264625191096135,-0.21314794043117405,Johnny Antonelli,0,0,0,0
71,0.0016549410375373173,0.13393454728369794,0.4740563414103079,Luis Aparicio,1,1,1,1
73,1.6516661478097545e-06,0.0015262431619363188,-0.1506354686506563,Pete Appleton,0,0,0,0
74,9.472594813466846e-06,0.008545991205805497,0.1519144877691956,Luke Appling,1,0,0,0
75,0.0013280520247301833,0.04799791499605368,-0.74374653452665,Jimmy Archer,0,0,1,1
77,6.170912059347444e-07,0.001793895563365726,-0.08491723779189973,Tony Armas,0,0,0,0
79,3.807688981221946e-06,0.003285716708568184,-0.15574376304384402,Buddy Armour,0,0,0,0
81,1.4879243638522568e-07,0.0004560283621463083,-0.08275706884434506,Gerry Arrigo,0,0,0,0
83,0.024689662631099313,0.010402950968300902,7.022926854787344,Richie Ashburn,1,1,0,1
84,9.587799050621389e-07,0.00122052521640195,-0.12836024434234194,Alan Ashby,0,0,0,0
86,1.5450987774299274e-07,0.0005172427453152062,-0.07918231975664256,Bob Aspromonte,0,0,0,0
89,1.0071803317623861e-07,0.00035597206702491765,-0.07706869287402333,Joe Astroth,0,0,0,0
90,1.3981164465946014e-07,0.0004102387244295588,-0.0845812097656332,Rick Auerbach,0,0,0,0
91,1.560946123243037e-07,0.0004679829576270253,-0.08367330822366204,Jerry Augustine,0,0,0,0
92,1.824064156589365e-07,0.0006232966167654834,-0.07836947329094261,Elden Auker,0,0,0,0
95,1.5849104835346953e-05,0.005793080224687694,-0.23899875344240695,Jimmy Austin,0,0,0,0
96,5.175946849602857e-06,0.006184514478113389,0.1321613985916031,Earl Averill,1,0,0,0
99,6.937894940857505e-07,0.0016443136786139295,-0.09405325280014586,Bobby Avila,0,0,0,0
103,1.1678216104994728e-07,0.00039018330803847185,-0.07926451637964758,Benny Ayala,0,0,0,0
105,2.1136995313564706e-08,0.00021124479306107593,-0.045834488636435924,Joe Azcue,0,0,0,0
106,4.863469948632259e-07,0.000784988742982852,-0.11401986598634108,Wally Backman,0,0,0,0
109,6.133038733315527e-08,0.00045071616267616744,-0.053443887509340364,Jim Bagby,0,0,0,0
111,1.6040734287777557e-05,0.01023981161821141,-0.18044330655879315,Stan Bahnsen,0,0,0,0
112,2.916537523895162e-07,0.0006632124171328674,-0.09606673808985178,Bill Bailey,0,0,0,0
113,6.57988462862442e-07,0.0012818676783043497,-0.10375729849511552,Bob Bailey,0,0,0,0
114,9.295984083262327e-07,0.0018433984396614496,-0.10281277162912619,Ed Bailey,0,0,0,0
116,9.715933572478578e-08,0.0003700844304482749,-0.07423712266171643,Bob Bailor,0,0,0,0
118,1.0085162487712813e-06,0.0012067988841755752,-0.13239495489217878,Doug Bair,0,0,0,0
119,5.439824828939008e-06,0.0056763116156672636,-0.14145974903689676,Dusty Baker,0,0,0,0
120,3.9399628081053193e-07,0.000571807131104749,-0.12025599140127799,Floyd Baker,0,0,0,0
121,0.0010767870251978233,0.03442740082796144,0.7963700209335849,Home Run Baker,1,0,1,1
125,1.6363519529112474e-08,0.00020865477859386187,-0.04057780265885458,Steve Balboni,0,0,0,0
128,4.967891928738299e-07,0.0006488892023673485,-0.12675628234573977,Walter Ball,0,0,0,0
129,0.006458341461832087,0.043964947962774725,1.717330072219838,Dave Bancroft,1,1,1,1
130,7.197564616461708e-05,0.015946357439374906,-0.3054084668985743,Sal Bando,0,0,0,0
131,4.913390913196152e-07,0.0009117930858805319,-0.10632957439668775,Fred Bankhead,0,0,0,0
132,0.006056950664858524,0.11354427348123083,-0.9965120911141451,Sam Bankhead,0,1,1,1
134,0.00011035381266533195,0.03800523839902687,0.24219654392141687,Ernie Banks,1,0,1,1
135,2.564523858447239e-07,0.0005103414959084314,-0.10270030433930602,Alan Bannister,0,0,0,0
136,7.75692108759066e-07,0.001049071589041403,-0.1245442978779009,Floyd Bannister,0,0,0,0
138,1.3508073740293977e-06,0.0008824649516757399,-0.17921151713924122,Jesse Barber,0,0,0,0
139,3.0635326396503064e-07,0.0008901171338035178,-0.08497750001891329,Steve Barber,0,0,0,0
141,1.4997583912231004e-07,0.0008266562665484605,-0.061699015760999544,Jesse Barfield,0,0,0,0
142,8.504335259939533e-08,0.00044933945286020505,-0.06302965977843512,Len Barker,0,0,0,0
143,4.440960094191439e-06,0.003181858965620782,-0.17092893485729252,Marvin Barker,0,0,0,0
145,7.22494397563141e-07,0.0010894596940172517,-0.11794637653513505,Jesse Barnes,0,0,0,0
146,1.0830171890803612e-06,0.000783257720925805,-0.17033536714869443,Bernardo Baró,0,0,0,0
147,3.238947818230817e-07,0.0007257392139632781,-0.09677511108801998,Jimmy Barrett,0,0,0,0
148,1.7882991058079824e-08,0.0002671668862341004,-0.03748697445946087,Marty Barrett,0,0,0,0
150,2.0732059084113334e-07,0.0009169307823515019,-0.06887528193558892,Red Barrett,0,0,0,0
151,2.745275892120665e-07,0.0005158856437732609,-0.10568512667360073,Jim Barr,0,0,0,0
152,8.375881250860474e-05,0.013674275639622988,-0.35619098063853355,Jack Barry,0,0,0,0
153,2.154839447000394e-07,0.0005328368447603573,-0.09213067374495841,John Barry,0,0,0,0
154,9.268400499332416e-05,0.020692967873657292,-0.3035009732733181,Dick Bartell,0,0,1,1
156,6.583852619062912e-08,0.0003178291332653573,-0.06594529557604607,Bob Barton,0,0,0,0
157,4.753090182178423e-05,0.014985645440028995,-0.2561422545396546,Pepper Bassett,0,0,0,0
159,3.424957041773641e-08,0.0002732214953815138,-0.051300363486823194,John Bateman,0,0,0,0
162,4.560583355921635e-06,0.003958391466859216,-0.155238420738641,Earl Battey,0,0,0,0
163,7.75865975991444e-07,0.0016093693425441452,-0.10053687626009428,Joe Battin,0,0,0,0
164,9.073378742217578e-08,0.00036442478641867196,-0.07229546658769329,Matt Batts,0,0,0,0
165,9.105466511749604e-07,0.0020706835282252624,-0.09599614085437025,Hank Bauer,0,0,0,0
167,2.1342790985847815e-07,0.0005033512172046956,-0.09433880323746169,Frank Baumann,0,0,0,0
168,4.699359682753403e-08,0.00036048271008260174,-0.05231286180962292,Frank Baumholtz,0,0,0,0
172,2.530758746455896e-05,0.01640333533504399,-0.1785161297201305,Don Baylor,0,0,0,0
173,1.6070911210538707e-07,0.00044951070393338817,-0.08662878979806721,Jim Beauchamp,0,0,0,0
174,1.2994897787228772e-06,0.0013166431097606617,-0.14387189109138374,Ginger Beaumont,0,0,0,0
175,1.394612532948449e-06,0.002223655883470458,-0.11463552938852112,Boom-Boom Beck,0,0,0,0
176,1.376378656262177e-06,0.00209358942502186,-0.11737558243786649,Glenn Beckert,0,0,0,0
179,0.00032804079043671774,0.036637354652965054,0.4256047038031654,Jake Beckley,1,0,1,1
181,7.110818230961183e-06,0.002465045201245221,-0.24582217318897037,John Beckwith,0,0,0,0
185,1.9347517769171938e-05,0.013854129938991109,-0.17006041176395542,Mark Belanger,0,0,0,0
189,2.3756224404985216e-05,0.015407648365144036,-0.17854940472236827,Buddy Bell,0,0,0,0
190,2.5576454520286686e-07,0.0005431220561771801,-0.09941756652012217,Cliff Bell,0,0,0,0
191,0.0011416573461368114,0.07610382984988483,0.5394930598008221,Cool Papa Bell,1,0,1,1
195,8.698527290850149e-07,0.0013422611667049692,-0.11657953953365341,Gary Bell,0,0,0,0
196,5.054822701541021e-06,0.007712279555796046,-0.11686650001251718,George Bell,0,0,0,0
197,8.306882678901782e-07,0.001505606175973878,-0.10755876510652826,Gus Bell,0,0,0,0
203,1.1809252295380848e-06,0.0009656123287439939,-0.16018050756832372,William Bell,0,0,0,0
206,3.0639089286494474e-05,0.02279460522678655,0.16608272573419566,Johnny Bench,1,0,1,1
207,0.005416452421063735,0.012209284106510843,3.0335732339033967,Charles Bender,1,1,0,1
208,8.570267564583523e-08,0.00034765979532102833,-0.07193729381732,Bruce Benedict,0,0,0,0
210,2.6463770321076604e-07,0.0005097860057557716,-0.10438325253418863,Ray Benge,0,0,0,0
211,1.1251658871019813e-07,0.0004331129818088727,-0.07384536738659285,Benny Bengough,0,0,0,0
212,4.807748230316997e-07,0.0009768180899432381,-0.1016158470669081,Juan Beniquez,0,0,0,0
214,0.00010815481316803107,0.015352784025175413,-0.38166236003919773,Jerry Benjamin,0,0,0,0
216,4.450759710248085e-06,0.0015284706944530442,-0.24709616557058348,Charlie Bennett,0,0,0,0
218,3.612355482889667e-07,0.0005713218740639068,-0.11519678686931299,Sam Bennett,0,0,0,0
220,1.764263497349301e-05,0.005400134477579148,-0.2612241244769336,Gene Benson,0,0,0,0
221,3.363303903341229e-07,0.0009165782379446315,-0.08774225838794299,Al Benton,0,0,0,0
222,2.8627094127239175e-06,0.0023273804580208218,-0.16053089070486984,Larry Benton,0,0,0,0
223,1.0624470417988085e-06,0.0009096986479878686,-0.156536958082361,Rube Benton,0,0,0,0
224,7.606824680544005e-08,0.000351873498042124,-0.06736613787316882,Johnny Berardino,0,0,0,0
226,1.0059375206151034e-06,0.0012067942419109908,-0.1322258373754715,Juan Berenguer,0,0,0,0
227,1.4480141354330797e-07,0.00043762398480124055,-0.0833394135970074,Bill Bergen,0,0,0,0
228,0.00023168806750353127,0.031172025185264213,-0.3888680899985421,Wally Berger,0,0,1,1
229,1.4565717111071964e-06,0.0011808424398879966,-0.16085073064056182,Dave Bergman,0,0,0,0
230,9.099641749729275e-07,0.0008822306289323054,-0.14710894146302828,Moe Berg,0,0,0,0
232,1.0076286102395319e-07,0.00047780917025577665,-0.06653173858411278,Tony Bernazard,0,0,0,0
233,7.535349411846884e-08,0.0003322552291418801,-0.0690006643649278,Dale Berra,0,0,0,0
234,6.383906468466078e-08,0.0016568223121510401,0.02842201505091532,Yogi Berra,1,0,0,0
235,1.0687267388325599e-07,0.00035469561815512814,-0.07953129214910631,Ray Berres,0,0,0,0
237,2.2550697750589242e-07,0.0005336165045825308,-0.09418009155393804,Charlie Berry,0,0,0,0
239,4.610287403753411e-08,0.0003682065382067838,-0.051268183446680535,Ken Berry,0,0,0,0
241,9.677682148498201e-08,0.00036662326251888554,-0.07443988434429771,Reno Bertoia,0,0,0,0
242,2.092488030889535e-06,0.0021088994156954585,-0.1441965202521393,Bob Bescher,0,0,0,0
246,2.1346239765245378e-07,0.0006313431883555412,-0.08423652674765973,Huck Betts,0,0,0,0
247,9.748486531745548e-07,0.0008419175097494882,-0.15586929726097323,Kurt Bevacqua,0,0,0,0
248,4.278197456593414e-07,0.0008994531224528816,-0.0998976774756249,Jim Bibby,0,0,0,0
251,3.5584128453610945e-05,0.0062702707579433605,-0.3441349711672044,Lou Bierbauer,0,0,0,0
252,1.1711216506332144e-06,0.001775692994704864,-0.11758198349682854,Carson Bigbee,0,0,0,0
254,2.5539462129948215e-07,0.0005315470286871237,-0.10042208141639074,Larry Biittner,0,0,0,0
255,1.1852319790816645e-07,0.00042451339658919655,-0.07655497627730101,Steve Bilko,0,0,0,0
256,2.7508980386260706e-07,0.0009139229472257309,-0.07946823303378579,Jack Billingham,0,0,0,0
257,2.0221216658201762e-07,0.000486701354976048,-0.09338482286283409,Josh Billings,0,0,0,0
258,2.1339024490143638e-07,0.0005061091077065353,-0.09407298482595383,Doug Bird,0,0,0,0
259,3.264936239184994e-06,0.0034925719676792374,-0.13986678355547566,Max Bishop,0,0,0,0
261,1.1914423551777013e-06,0.0012068389918072394,-0.14389949776022515,Charlie Blackwell,0,0,0,0
262,8.321595701856733e-05,0.01694038806057359,-0.31844996320083635,Ewell Blackwell,0,0,0,0
263,4.842564273533302e-06,0.005823191028057927,-0.1317645671420466,Joe Black,0,0,0,0
264,1.1293283722931141e-07,0.0003978523529193763,-0.07719201748635313,Tim Blackwell,0,0,0,0
265,4.1465390098921683e-07,0.0006763280712652507,-0.11342973199912897,Ray Blades,0,0,0,0
266,2.004961390941769e-07,0.00046859048158856255,-0.09476853042163345,George Blaeholder,0,0,0,0
267,1.6531416081633427e-05,0.011793900859662683,-0.17055313408503658,Paul Blair,0,0,0,0
270,3.313132768098377e-07,0.0009190759823227135,-0.086966840437675,Sheriff Blake,0,0,0,0
275,4.638684979242661e-08,0.0003849478773632445,-0.05029473407351711,Don Blasingame,0,0,0,0
276,1.3743966215023237e-07,0.0004382419909267397,-0.08113598426404896,Wade Blasingame,0,0,0,0
277,7.620635591535041e-08,0.0004595881767139331,-0.05899578710111865,Steve Blass,0,0,0,0
280,1.380248123404946e-07,0.00048649680618138093,-0.07716894557274592,Jimmy Bloodworth,0,0,0,0
283,0.00014596532884639233,0.011468414576429886,-0.5140177136605744,Ossie Bluege,0,0,0,0
284,0.00042938040310529213,0.028200234282845113,-0.5574331521432196,Lu Blue,0,0,1,1
285,0.004032613841192264,0.051795347878853766,-1.2451126036553304,Vida Blue,0,1,1,1
287,0.004074852492108005,0.031139777807211857,1.6316928165717934,Bert Blyleven,1,1,1,1
288,1.6263050129992715e-07,0.0004184076150312973,-0.09032749837465688,John Boccabella,0,0,0,0
289,2.0302273843094733e-08,0.0002657849414491098,-0.040045994202335095,Bruce Bochte,0,0,0,0
290,3.3826254180643564e-06,0.004303464893723956,-0.12820086841074665,Mike Boddicker,0,0,0,0
295,4.632210245627911e-07,0.0006399511050968156,-0.12325126176545805,Bobby Bolin,0,0,0,0
296,4.417581329808841e-07,0.0013831003286237122,-0.0818416803701977,Frank Bolling,0,0,0,0
298,2.9881675011713114e-05,0.011411176301718236,-0.23316038135188064,Bobby Bonds,0,0,0,0
299,1.1701271845993516e-07,0.0004879420746827177,-0.07094733171355669,Tommy Bond,0,0,0,0
301,1.358520449316077e-07,0.0004336269523075075,-0.08109431729952067,Bill Bonham,0,0,0,0
302,3.337304532549594e-07,0.001075182709975194,-0.08069243703357185,Tiny Bonham,0,0,0,0
305,5.9074396061103703e-08,0.00031740528334633754,-0.06250766589672721,Barry Bonnell,0,0,0,0
306,1.8262513569017017e-07,0.0005059409802891454,-0.08704224878593309,Pete Booker,0,0,0,0
308,2.707277285968799e-07,0.0005630077076097536,-0.10046078257749802,Alonzo Boone,0,0,0,0
309,6.284078845460848e-05,0.01918978381304567,-0.25970954384735634,Bob Boone,0,0,1,1
311,3.307892062756622e-07,0.000916307615208379,-0.08702932187012288,Ray Boone,0,0,0,0
312,3.0331554270661746e-07,0.0005587033975217144,-0.10674436770326134,Pedro Borbon,0,0,0,0
313,2.384070036310163e-07,0.0004913004546131582,-0.10092269943810098,Frenchy Bordagaray,0,0,0,0
316,6.542294224083375e-07,0.001740523437730398,-0.08876800634209672,Hank Borowy,0,0,0,0
319,4.102767607996388e-07,0.000570136807336461,-0.12289514539658443,Thad Bosley,0,0,0,0
320,1.0819783222761439e-07,0.00041680637186595104,-0.07381782166574152,Dick Bosman,0,0,0,0
321,9.270517321599347e-08,0.0003643873312067452,-0.07308039018780806,Daryl Boston,0,0,0,0
322,1.0907690907424097e-07,0.00037052449774302383,-0.07861168800557632,Ken Boswell,0,0,0,0
324,0.0016484405833750496,0.0702849728711463,0.6766903463395678,Jim Bottomley,1,1,1,1
325,0.001417034081638794,0.07383735465863053,0.6109495666751671,Lou Boudreau,1,0,1,1
328,6.376812669575421e-08,0.0004361388730103489,-0.05539930945486068,Jim Bouton,0,0,0,0
329,7.045771029176993e-05,0.016053837649091927,-0.3011411779701641,Larry Bowa,0,0,0,0
330,1.4459237030783939e-06,0.0009395749394197965,-0.17968528037169446,Frank Bowerman,0,0,0,0
331,2.938311642846489e-07,0.0005744196748186628,-0.10361417000994128,Joe Bowman,0,0,0,0
332,8.364219145507648e-08,0.00043279972574666474,-0.06369199594603787,Bob Boyd,0,0,0,0
333,1.5484063249346418e-07,0.00046587485324702964,-0.08352496343839663,Oil Can Boyd,0,0,0,0
335,2.828328021661686e-07,0.0008145849997576364,-0.08535508011691872,Clete Boyer,0,0,0,0
336,0.012662294839509966,0.12438497140079945,-1.368165095082048,Ken Boyer,0,1,1,1
337,1.3417065841941849e-05,0.003664064588314681,-0.27679596815769886,Jack Boyle,0,0,0,0
339,1.5599350999630843e-07,0.00042706216357982284,-0.08756380180725579,Buddy Bradford,0,0,0,0
341,1.8767740321750533e-06,0.0015324652253740831,-0.1602460378608358,Bill Bradley,0,0,0,0
342,4.226493472634085e-07,0.000675507673178885,-0.11458766538336272,George Bradley,0,0,0,0
345,9.791961487674314e-07,0.0017303103530277501,-0.10891969962729184,Ralph Branca,0,0,0,0
346,6.920389490551766e-07,0.0009365397138030962,-0.12451118169393166,Ed Brandt,0,0,0,0
347,3.6943646428495495e-08,0.0002945546445752185,-0.05131361580517798,Jackie Brandt,0,0,0,0
348,1.1024434681711523e-06,0.00125274950501471,-0.13585745982053232,Kitty Bransfield,0,0,0,0
352,4.851180926375494e-07,0.0007413760140883249,-0.11717988579446784,Steve Braun,0,0,0,0
353,1.5679530149537486e-07,0.0004551805765903619,-0.08503259738182815,Garland Braxton,0,0,0,0
354,6.226591787762722e-08,0.0003230735012199853,-0.06360833235395426,Al Brazle,0,0,0,0
355,1.1913269144221859e-07,0.0005918456185652532,-0.0649968560485574,Sid Bream,0,0,0,0
356,5.838765469161894e-06,0.004005676651939983,-0.17460659766614223,Harry Brecheen,0,0,0,0
357,3.773856645411437e-07,0.0006277164206027363,-0.11232702387678392,Theodore Breitenstein,0,0,0,0
358,9.873080556024055e-06,0.005471096916958824,-0.1941366307472091,Eugene Bremer,0,0,0,0
360,0.0016244061277398698,0.015485242868245729,1.472682280882017,Roger Bresnahan,1,0,0,0
361,1.3782645625172767e-08,0.0002186151457031285,-0.03638214849324248,Eddie Bressoud,0,0,0,0
362,9.022974331635185e-05,0.010265257923754502,-0.42742407749584505,Rube Bressler,0,0,0,0
363,0.0004294410249446749,0.09870337368013764,0.2869652353077229,George Brett,1,0,1,1
364,2.092156051226977e-07,0.0005804902250670552,-0.08697273769465562,Ken Brett,0,0,0,0
365,3.7387374192298193e-06,0.002113344369569931,-0.1925429412058093,Chet Brewer,0,0,0,0
366,1.6422456160687994e-06,0.0013617820903654202,-0.15902997296433544,Jim Brewer,0,0,0,0
367,3.4470067822870474e-08,0.0002752308471103251,-0.05127697408959625,Rocky Bridges,0,0,0,0
368,0.002761572765223707,0.07136115725287445,-0.8687211065835793,Tommy Bridges,0,1,1,1
369,1.539787807953942e-07,0.0004385197931217452,-0.08585196525251167,Al Bridwell,0,0,0,0
370,7.550649273663647e-08,0.0003527028820469387,-0.06703794457606742,John Briggs,0,0,0,0
371,1.278584226987245e-06,0.0009315713005826717,-0.16969298371950042,Otto Briggs,0,0,0,0
372,4.6526066146739854e-07,0.0007995273269989233,-0.11050132195770772,Nelson Briles,0,0,0,0
373,5.90019769076127e-08,0.00041057179578405734,-0.0549236258576924,Ed Brinkman,0,0,0,0
374,1.005888676772838e-05,0.004488046253151594,-0.21646076284448873,George Britt,0,0,0,0
376,6.958660745111342e-08,0.00040481916219965426,-0.06006950114153878,Greg Brock,0,0,0,0
377,0.04116433097936901,0.137770165668715,2.3259700095827123,Lou Brock,1,1,1,1
378,2.2667943227875862e-05,0.005494106952616362,-0.29354239359657375,Steve Brodie,0,0,0,0
379,1.6508625834941656e-06,0.0013421566327014515,-0.1606097356360726,Ameal Brooks,0,0,0,0
380,6.295766615432433e-07,0.0015982952136707877,-0.0908778648852364,Hubie Brooks,0,0,0,0
381,2.027443942121353e-07,0.0005271783824860206,-0.08984435035293194,Irvin Brooks,0,0,0,0
382,1.5091538959424711e-07,0.0004984724212417183,-0.07971638122789002,Tom Brookens,0,0,0,0
384,0.000373668373774333,0.036202310420832134,0.45706463014805127,Dan Brouthers,1,0,1,1
385,1.5261581377282808e-05,0.00562352535113477,-0.23805675405119542,Barney Brown,0,0,0,0
386,7.143762580531489e-07,0.0009821224228109431,-0.12353128822626246,Clint Brown,0,0,0,0
388,3.530002003943976e-07,0.0005443660030912346,-0.1166630660996435,Gates Brown,0,0,0,0
389,3.629254199844905e-07,0.0007560858682479704,-0.10036182197005249,George Browne,0,0,0,0
390,6.772568919369468e-07,0.0007399100346489357,-0.1385913663585139,Hal Brown,0,0,0,0
392,1.0417789327945562e-05,0.0026524297081777374,-0.2868129510148469,Jim Brown,0,0,0,0
393,5.424047181165717e-07,0.0008829065228282281,-0.11353302477342009,Jumbo Brown,0,0,0,0
395,6.942464444965604e-08,0.0003408899626224275,-0.06538608529447416,Larry Brown,0,0,0,0
396,0.009392532593769314,0.060059219692720926,-1.7569581068085818,Larry Brown,0,1,1,1
397,5.540973385281617e-07,0.00080519260997922,-0.12016496754673053,Lloyd Brown,0,0,0,0
398,3.907433098026879e-08,0.0002965873037641607,-0.0525914000187738,Mace Brown,0,0,0,0
399,0.003131639705411326,0.00679584424699184,3.1002241742252976,Mordecai Brown,1,1,0,1
400,1.1150860247658009e-07,0.00044468904410539984,-0.07255027023676475,Ollie Brown,0,0,0,0
401,2.235208419606914e-06,0.0014881485246155905,-0.1774688489929667,Pete Browning,0,0,0,0
402,0.0023554215951678246,0.0014044895269594915,5.9303390780407135,Ray Brown,1,1,0,1
403,0.0018552127909999177,0.04116750714922946,-0.952578113731414,Tom Brown,0,1,1,1
405,0.011470751389509893,0.03415113475621602,2.610102715832913,Willard Brown,1,1,1,1
407,1.6567000716255235e-07,0.00045233861339575595,-0.08768019668800424,Bill Brubaker,0,0,0,0
409,4.081294762288075e-08,0.00040174340566824366,-0.046179262719508514,Tom Brunansky,0,0,0,0
410,1.1656790669004422e-06,0.0009666746109373641,-0.1590556049345283,George Brunet,0,0,0,0
411,8.338694792705146e-07,0.0015431551611271904,-0.10644335091566773,Bill Bruton,0,0,0,0
414,4.421445527217436e-07,0.002157347560974654,-0.06553340891081111,Bill Buckner,0,0,0,0
415,2.375036220685997e-06,0.001460397970096604,-0.1846680666767258,Harry Buckner,0,0,0,0
418,2.905149832591882e-07,0.0005600690858796534,-0.10434015151294265,Charlie Buffinton,0,0,0,0
419,2.8193623177555413e-08,0.00036501011862749864,-0.040267379286995114,Don Buford,0,0,0,0
420,3.289567206831668e-07,0.0008645983268141898,-0.08934782963455723,Bob Buhl,0,0,0,0
422,1.7946958708367578e-06,0.003316332229489568,-0.10642771408693619,Al Bumbry,0,0,0,0
423,0.0037300711668777223,0.06695283926613602,1.0448056313379064,Jim Bunning,1,1,1,1
424,3.458956961771738e-07,0.0006633751353082968,-0.10460646691352603,Buddy Burbage,0,0,0,0
426,1.5770392943669942e-05,0.007990086364505704,-0.20277442286903788,Lew Burdette,0,0,0,0
427,5.738557821844676e-05,0.007130400487801901,-0.40963793991863306,Jack Burdock,0,0,0,0
428,0.00021308626310168584,0.03537472335525834,-0.3493173580021434,Smoky Burgess,0,0,1,1
429,1.2879075151108788e-06,0.0013957910349634195,-0.13910363529652067,Tom Burgmeier,0,0,0,0
430,1.5167894291722725e-07,0.0004421572955949922,-0.08485703675062345,Bobby Burke,0,0,0,0
431,0.006547296481478138,0.025691000441293164,2.2834867707202497,Jesse Burkett,1,1,1,1
434,1.887941631319679e-06,0.003100277482351205,-0.11290921385169778,Rick Burleson,0,0,0,0
436,1.5854393734874123e-06,0.0010877524389535092,-0.17485703230760616,Tex Burnett,0,0,0,0
438,0.00020083685406846818,0.024837937071748587,-0.4069227678069444,George Burns,0,0,1,1
439,0.00033257017795957977,0.03827489573606176,-0.4189090732913863,George Burns,0,0,1,1
440,8.862721312409121e-05,0.012792349265146517,-0.3789852398239045,Thomas Burns,0,0,0,0
441,4.265647889752647e-06,0.0017866305406300492,-0.22371570012303604,Tom Burns,0,0,0,0
443,9.346167863196226e-07,0.001148122176337819,-0.13067211735471082,Ray Burris,0,0,0,0
444,7.715870370217929e-07,0.002189660906444829,-0.08592858816092135,Jeff Burroughs,0,0,0,0
445,5.997180069860522e-08,0.00036548741649561844,-0.05869047146794705,Jim Busby,0,0,0,0
446,0.0043202412158327265,0.07695406679993712,-1.0431806288136896,Donie Bush,0,1,1,1
447,5.696524660568003e-05,0.012186759940958759,-0.311392344644304,Guy Bush,0,0,0,0
448,1.4389360005696256e-05,0.003809187616122286,-0.2811159391760912,Bullet Joe Bush,0,0,0,0
449,7.301931702531189e-07,0.000801915477052914,-0.13822609190506827,Doc Bushong,0,0,0,0
450,1.6373211674643606e-07,0.00044214515488749916,-0.08816538708952514,Randy Bush,0,0,0,0
451,1.2697534412683364e-07,0.00041997672231826387,-0.0796646258488492,Max Butcher,0,0,0,0
455,2.0248594232930884e-05,0.008277135101996574,-0.225715938646357,Tommy Butts,0,0,0,0
456,2.0652517620526968e-07,0.0004944885856494507,-0.09362904831986858,John Buzhardt,0,0,0,0
457,5.710860698981618e-07,0.001095141081519139,-0.10458934862245162,Bud Byerly,0,0,0,0
459,0.0046883336344457445,0.12375445984643085,-0.8349325318787149,Bill Byrd,0,1,1,1
462,2.9181440447789467e-07,0.0007293748307971742,-0.09162820616886434,Bobby Byrne,0,0,0,0
464,1.0148527291706386e-07,0.00047297048266450127,-0.06711064484639848,Tommy Byrne,0,0,0,0
465,1.9286207667983802e-07,0.0006460229143849557,-0.07915325482834784,Enos Cabell,0,0,0,0
470,1.4407247183873804e-07,0.00044779968759699266,-0.08217902752536109,Leon Cadore,0,0,0,0
474,2.1924426132608145e-08,0.00023986832373944613,-0.04380616368370927,Ivan Calderon,0,0,0,0
475,1.8704683076676693e-06,0.0024808282046337887,-0.12567448225168512,Mike Caldwell,0,0,0,0
476,2.608463182812523e-07,0.000497924245624181,-0.10486057049149208,Ray Caldwell,0,0,0,0
478,3.143789750477393e-06,0.002330197270835962,-0.16812545133816253,Jimmy Callahan,0,0,0,0
479,8.03849231421859e-06,0.006273902197662154,-0.16351644006218108,Johnny Callison,0,0,0,0
480,1.5206076195094833e-07,0.00044633319162338023,-0.08456520279305467,Ernie Camacho,0,0,0,0
482,7.652963960731161e-05,0.021093391058858643,-0.2731001317144075,Dolph Camilli,0,0,1,1
484,3.3007186741231424e-07,0.0007868303502350493,-0.09382151152671117,Howie Camnitz,0,0,0,0
485,0.0002552599923715632,0.036210310129671,-0.37772526902012216,Bert Campaneris,0,0,1,1
486,0.0002198266405167437,0.04997529297110384,0.29623719336342985,Roy Campanella,1,0,1,1
487,3.1660130986557193e-06,0.002697771045133845,-0.15677501511092626,Bill Campbell,0,0,0,0
488,1.0280114727097986e-06,0.001196557796429075,-0.13423995653561782,Bruce Campbell,0,0,0,0
490,9.267363366760273e-06,0.005760932949908089,-0.18326804410869768,John Candelaria,0,0,0,0
493,4.220818025875582e-05,0.008315364171927596,-0.32512780877936204,Walter Cannady,0,0,0,0
494,7.289210593386231e-08,0.00038209241446903445,-0.06328236510982259,Chris Cannizzaro,0,0,0,0
496,4.2862832134552633e-07,0.0007647905974304795,-0.10844578414469459,Ben Cantwell,0,0,0,0
498,2.614609227960723e-07,0.000792929424914015,-0.08318088260893793,Bernie Carbo,0,0,0,0
499,4.327235049813421e-07,0.0012590680049738383,-0.08490176545140003,Jose Cardenal,0,0,0,0
500,1.949478092929312e-06,0.0025654473219803744,-0.1261622659689532,Leo Cardenas,0,0,0,0
501,6.079015821974158e-07,0.0007036783693710053,-0.13464379005300398,Don Cardwell,0,0,0,0
502,6.046500985134747e-06,0.015544993988635085,0.08967355103912214,Rod Carew,1,0,0,0
503,1.9008583341776179e-07,0.0004733917793490022,-0.09180605949390983,Andy Carey,0,0,0,0
504,0.00218137515246618,0.07081463224846474,0.7752905802283646,Max Carey,1,1,1,1
505,1.5649054508077087e-06,0.001022470592127942,-0.17918685450740734,Matt Carlisle,0,0,0,0
506,1.5650564274531633e-06,0.0012385138741812464,-0.16280026333179845,Hal Carlson,0,0,0,0
507,9.942649122549387e-08,0.0015012034621418471,0.03726616463533634,Steve Carlton,1,0,0,0
508,1.539192410066229e-07,0.0004644108331577753,-0.08340730025128917,Don Carman,0,0,0,0
511,3.946953219309259e-06,0.0020931108839182012,-0.19878770933457776,Hick Carpenter,0,0,0,0
512,2.4379186151781974e-07,0.0008262155556829069,-0.0786852050320056,Chico Carrasquel,0,0,0,0
516,7.951586025134029e-07,0.000879851095931678,-0.1377021741369167,George Carr,0,0,0,0
517,1.494021922871418e-06,0.0015794327989785957,-0.14082971994671833,Bill Carrigan,0,0,0,0
518,3.684015047323179e-06,0.002296821189391586,-0.18331897909270034,Cliff Carroll,0,0,0,0
519,1.5842861852044039e-06,0.001955865705265873,-0.13029622172414954,Clay Carroll,0,0,0,0
521,2.4583712636959455e-07,0.0005411213233240262,-0.0976491627410392,Kid Carsey,0,0,0,0
522,1.6231186999732916e-07,0.00048220970132199857,-0.08405471510888789,Cliff Carter,0,0,0,0
523,0.00022309806433103296,0.0475109178233504,0.3064720275186603,Gary Carter,1,0,1,1
525,7.962127137503936e-07,0.0013157236403529963,-0.11265642581573126,Marlin Carter,0,0,0,0
526,1.413340532258928e-06,0.001231164735475898,-0.15516989345128968,Spoon Carter,0,0,0,0
527,6.997176221208758e-08,0.0005970573311599213,-0.049594480730225,Rico Carty,0,0,0,0
528,1.8190875535839944e-06,0.001521078307925297,-0.15835439183081607,Bob Caruthers,0,0,0,0
529,1.212236045113524e-08,0.00019474336593874585,-0.03615177421058508,Paul Casanova,0,0,0,0
530,9.54719649716627e-08,0.0007997446722001587,-0.05004931851009335,George Case,0,0,0,0
531,3.719966180277749e-07,0.0005822703930228503,-0.11579513515252653,Bill Casey,0,0,0,0
532,2.2804005994936308e-07,0.0005836097881582187,-0.09055807263879136,James Casey,0,0,0,0
534,1.3720205161326846e-07,0.00066716599321498,-0.06569435875929588,Dave Cash,0,0,0,0
536,3.670989048890145e-05,0.011754093208717764,-0.25458870899706126,Norm Cash,0,0,0,0
537,2.1368720301605257e-07,0.0004962084312665431,-0.09507340714101237,John Cason,0,0,0,0
538,2.546929655490464e-07,0.0005365546560405025,-0.09981472070576644,John Cassidy,0,0,0,0
539,2.84398542845125e-07,0.0005253847869934704,-0.10659098324487112,George Caster,0,0,0,0
541,7.654601975421327e-08,0.0003355226747525877,-0.06920494793438639,Carmelo Castillo,0,0,0,0
547,1.560946123243037e-07,0.0004679829576270253,-0.08367330822366204,Bill Castro,0,0,0,0
552,4.0895023612980255e-08,0.0002914969984321456,-0.0542705881782079,Danny Cater,0,0,0,0
553,4.8251984420049365e-08,0.0003049323048033022,-0.057636724698211815,Wayne Causey,0,0,0,0
554,0.004415207498799687,0.08117415913400078,-1.0244550503534438,Phil Cavarretta,0,1,1,1
556,0.00017107077055501275,0.021803777558034487,-0.40146221135806226,Cesar Cedeno,0,0,1,1
559,0.0122481595407672,0.12261924053642087,1.356624971566509,Orlando Cepeda,1,1,1,1
560,1.5014758442994179e-06,0.0016172475695695127,-0.13951763425837221,Rick Cerone,0,0,0,0
561,1.325629158968651e-07,0.0007573891482708882,-0.06060334631424755,Bob Cerv,0,0,0,0
563,3.263879987229062e-05,0.014960322435739958,-0.21243844962523342,Ron Cey,0,0,0,0
564,2.0555775610429102e-05,0.004510749569375111,-0.30865300580963456,Pelayo Chacón,0,0,0,0
565,1.0153420599920988e-06,0.00273619017153828,-0.08815515757765238,Chris Chambliss,0,0,0,0
566,2.0853361071270005e-07,0.0005022433551728972,-0.09335369040480715,Ice Box Chamberlain,0,0,0,0
568,8.876808011512421e-06,0.0068673738614645164,-0.1641898628300273,Dean Chance,0,0,0,0
569,0.0025001377715457773,0.0158046902221614,1.808170042434099,Frank Chance,1,1,0,1
570,5.114740220379638e-06,0.0062947419523720575,-0.13021507516233893,Spud Chandler,0,0,0,0
571,2.1763984354066536e-07,0.0004802574588760741,-0.0975298326326351,Darrel Chaney,0,0,0,0
572,0.00027576553894543085,0.017360488170901484,-0.5725267581696468,Ben Chapman,0,0,1,1
573,6.613894565037116e-08,0.0003916687610698614,-0.05953793224080236,Sam Chapman,0,0,0,0
575,0.0004851582425929461,0.04524930377715004,0.46365014043463276,Oscar Charleston,1,0,1,1
576,0.001756786232067778,0.05736735036675278,-0.778588438227012,Hal Chase,0,1,1,1
582,0.0026671075861756134,0.00047995573159167787,10.800032874491198,Jack Chesbro,1,1,0,1
583,0.00020452041770412815,0.017390677877698844,-0.4926178761169792,Cupid Childs,0,0,1,1
584,3.226006969372967e-07,0.0005740414196064037,-0.10860404369925512,Bob Chipman,0,0,0,0
585,8.753706156047653e-08,0.0003513274418250677,-0.07232247658451375,Harry Chiti,0,0,0,0
589,3.0411051867707723e-07,0.0009106913570573214,-0.08370317207884158,Larry Christenson,0,0,0,0
590,5.244448074655947e-06,0.0026873135724450876,-0.20216968819062053,Eddie Cicotte,0,0,0,0
591,5.777621499651518e-08,0.0003369029084620707,-0.06000102105655833,Gino Cimoli,0,0,0,0
593,5.84486666432465e-07,0.0010896556008609688,-0.10607562005084711,Jim Clancy,0,0,0,0
594,7.713489395916991e-07,0.0008538704197722184,-0.13767453286651662,John Clapp,0,0,0,0
595,9.073445621535601e-07,0.0008260474928810279,-0.1518146948536185,William Clarke,0,0,0,0
596,9.560615990198763e-05,0.01801400078890002,-0.3308263885057051,Bob Clarke,0,0,1,1
598,0.0002023335955335636,0.032571147957001514,0.355252082089967,Fred Clarke,1,0,1,1
599,2.8377384006156308e-08,0.0002867936947777806,-0.045577315430617826,Horace Clarke,0,0,0,0
600,0.0002041895230002761,0.024316798910768475,-0.41478934016304364,Jack Clark,0,0,1,1
601,0.0037358853814482462,0.0010304896114187163,8.72088835676154,John Clarkson,1,1,0,1
603,1.4304264199224923e-06,0.000948008876378233,-0.1779222458210139,Morten Clark,0,0,0,0
604,2.3777287232837493e-07,0.0006529653382096229,-0.08741861056917023,Tommy Clarke,0,0,0,0
606,8.699221799654385e-07,0.0010768351111073236,-0.1301791069146288,Watson Clark,0,0,0,0
609,3.573493389654556e-07,0.0009788516292456894,-0.08751551359953559,Mark Clear,0,0,0,0
610,8.193186220081692e-06,0.00225461627526051,-0.2759367882389,Jack Clements,0,0,0,0
611,8.175130609604223e-06,0.014800656317769958,0.1069002121707294,Roberto Clemente,1,0,0,0
613,3.2729155468522084e-07,0.001066885482581156,-0.08022068188110627,Donn Clendenon,0,0,0,0
614,4.2490772987545427e-07,0.0008676094056682515,-0.101369278814919,Reggie Cleveland,0,0,0,0
615,1.7442839688465455e-06,0.0022421593899916836,-0.12767256260256787,Harlond Clift,0,0,0,0
616,4.203786120294898e-08,0.00027138252627622466,-0.05702694084329423,Gene Clines,0,0,0,0
617,3.7479165319001903e-07,0.0005887442613626152,-0.11558816712705598,Ty Cline,0,0,0,0
618,5.98167144682297e-07,0.0008522839311438489,-0.12135107408878477,Billy Clingman,0,0,0,0
619,1.4749589083798426e-07,0.0005082283648171438,-0.07804763895602192,Jim Clinton,0,0,0,0
620,1.6429582860044e-07,0.0004713628896514902,-0.08553479971854677,Tony Cloninger,0,0,0,0
621,1.0579335023956453e-07,0.0004064204255303454,-0.07392014302032207,Gil Coan,0,0,0,0
622,1.786743941902577e-12,8.832437717072912e-06,0.002061097784804073,Ty Cobb,1,0,0,0
623,8.395150014348089e-08,0.0017997643552252977,0.03126978453772857,Mickey Cochrane,1,0,0,0
624,5.363687976951664e-06,0.002303745018725002,-0.22086320325235093,Phil Cockrell,0,0,0,0
625,8.859112050486439e-07,0.0012692635350797943,-0.1209909957397127,Dick Coffman,0,0,0,0
626,0.001127799245946629,0.09044897261247384,-0.48801959771584846,Rocky Colavito,0,0,1,1
627,8.44688409983266e-08,0.0004321269220717856,-0.06405579083941933,Nate Colbert,0,0,0,0
628,5.01832747668612e-08,0.00035633751716260216,-0.05437271011156858,Jim Colborn,0,0,0,0
630,2.638495962275818e-08,0.0002459799853635473,-0.04745528196704055,Joe Coleman,0,0,0,0
631,1.7814280140046217e-07,0.0006141974490281821,-0.07802007612575813,Joe Coleman,0,0,0,0
634,9.094449984715965e-07,0.0016158802755392883,-0.10862808143944422,Dave Collins,0,0,0,0
635,5.193134540272856e-13,4.722062163530963e-06,0.0015196989331542033,Eddie Collins,1,0,0,0
636,0.0020700679669227893,0.003525917328014979,3.5050877179622306,Jimmy Collins,1,1,0,1
637,8.332052953547568e-08,0.00036888037399495955,-0.06885932595001047,Joe Collins,0,0,0,0
638,1.1645331532657744e-07,0.00038735743369888487,-0.07944114563517345,Pat Collins,0,0,0,0
639,2.0490757460257309e-07,0.00047280752517118123,-0.09537702473187934,Rip Collins,0,0,0,0
640,3.0955394263543116e-05,0.00897887191757884,-0.26786032151992656,Shano Collins,0,0,0,0
643,0.006538303884626152,0.014975876533948839,3.0051731921592006,Earle Combs,1,1,0,1
644,0.0002600114062312354,0.023417411590637073,-0.4771895135006529,Charlie Comiskey,0,0,1,1
645,5.697272551118032e-07,0.0008591033703437534,-0.11795973871645225,Adam Comorosky,0,0,0,0
646,0.0025779037294847104,0.09091321457019569,-0.7357532008541889,Dave Concepcion,0,1,1,1
649,5.602788633211345e-07,0.0010655911062163045,-0.10502313056413023,Gene Conley,0,0,0,0
650,3.35554113124721e-07,0.0005710600155217261,-0.11105190547618328,Sarge Connally,0,0,0,0
651,0.0006434369284311175,0.039947635286212715,0.5698552600137908,Roger Connor,1,0,1,1
652,6.012022025307388e-07,0.001002390749599197,-0.11217178430535726,Wid Conroy,0,0,0,0
653,1.610601840647303e-07,0.0004593007775643929,-0.08579369918062592,Billy Consolo,0,0,0,0
657,3.7577466838089187e-06,0.002151684299443888,-0.19130062386044927,Duff Cooley,0,0,0,0
658,7.393973927033831e-06,0.002740943440152109,-0.2376854310036199,Jack Coombs,0,0,0,0
659,9.98156301996836e-06,0.005808127647058033,-0.18942005217568714,Johnny Cooney,0,0,0,0
660,2.393066419600466e-07,0.0005621477449710932,-0.09452347602841199,Anthony Cooper,0,0,0,0
661,0.0034842189065002064,0.0022453637544477714,5.702048240735733,Andy Cooper,1,1,0,1
662,0.00029739554379495703,0.04895714369491854,-0.34831235826413637,Cecil Cooper,0,0,1,1
663,4.0322493964074496e-07,0.000609632850861761,-0.11781938160831784,Darltie Cooper,0,0,0,0
664,0.000286127142752732,0.03818507215802615,-0.3890345075855432,Mort Cooper,0,0,1,1
665,0.0026626339969431667,0.06369362930891238,-0.9066222537940337,Walker Cooper,0,1,1,1
666,8.027474075263336e-05,0.016573406816289937,-0.3162745028990796,Wilbur Cooper,0,0,0,0
669,0.00111336660297163,0.023796428234136392,-0.9793615524612556,Tommy Corcoran,0,0,1,1
672,9.87923035535307e-06,0.0040498642759459,-0.22587583265813732,John Corkhill,0,0,0,0
674,3.9404948961220176e-06,0.0021816628564042245,-0.19454360243237961,Willie Cornelius,0,0,0,0
677,6.891899206294064e-08,0.00033157946812726853,-0.06605615295527406,Henry Cotto,0,0,0,0
680,8.33721318519919e-08,0.0004088857423578096,-0.06542297823849837,Clint Courtney,0,0,0,0
681,0.0026204001228055255,0.0034809509474795905,3.969056705669392,Stan Coveleski,1,1,0,1
682,2.880129117488779e-08,0.000251596309142213,-0.04902401235206216,Wes Covington,0,0,0,0
683,1.0316559096330469e-06,0.0019478377371286279,-0.10536037669265462,Al Cowens,0,0,0,0
684,2.989422666878136e-08,0.00027554344642435847,-0.047725273307034216,Billy Cox,0,0,0,0
686,1.3810877041290034e-07,0.0004527543838940463,-0.08001853722769334,Roger Craig,0,0,0,0
688,0.0002878610005305252,0.033058936954849204,-0.4204909202370127,Doc Cramer,0,0,1,1
689,0.0007701334965493756,0.07715029789982554,-0.4398345472697092,Del Crandall,0,0,1,1
690,2.038133709531927e-07,0.0005066225622967781,-0.09189114864588631,Doc Crandall,0,0,0,0
691,2.3899623816826455e-05,0.008694269900527764,-0.23921721457199524,Gavvy Cravath,0,0,0,0
693,1.2976882163779868e-05,0.014152391632682556,0.13777956283728277,Sam Crawford,1,0,0,0
694,7.565381998879683e-06,0.0031307791716034157,-0.22491475839914676,Sam Crawford,0,0,0,0
695,1.5568931999586328e-07,0.00044738458348635754,-0.08546757483230552,Steve Crawford,0,0,0,0
696,5.541775776535912e-07,0.0010179570722018954,-0.1068681352038118,Willie Crawford,0,0,0,0
697,7.8194960842274e-06,0.002212302792110252,-0.27214215485877885,Dewey Creacy,0,0,0,0
699,1.3456561983128496e-05,0.004264499218050184,-0.2568707664163779,Lou Criger,0,0,0,0
701,1.544569548388918e-05,0.008949950662717837,-0.1895181702208007,Hughie Critz,0,0,0,0
702,2.8027855373611805e-08,0.0003805347086707629,-0.03932102189511473,Warren Cromartie,0,0,0,0
703,8.157094483762979e-09,0.0004114731644251509,0.020399394033111026,Joe Cronin,1,0,0,0
704,3.951138169786832e-06,0.0032924467533853438,-0.15848758601590263,Frankie Crosetti,0,0,0,0
705,0.0018023803661025883,0.02713998889548489,-1.164804968934799,Lave Cross,0,1,1,1
706,3.241644897501727e-06,0.001222058857669963,-0.2358743824698841,Monte Cross,0,0,0,0
707,8.914564810531502e-06,0.004241503933592496,-0.20964127579346464,General Crowder,0,0,0,0
708,1.0756954233080494e-07,0.000506956143712274,-0.0667358199006325,George Crowe,0,0,0,0
709,8.407249975353697e-07,0.0008369980391099642,-0.14517524896326006,Terry Crowley,0,0,0,0
710,1.782111835911318e-07,0.00048225163302490425,-0.08807152700550229,Walton Cruise,0,0,0,0
711,1.0910089083172961e-05,0.004754832163443092,-0.2189884646217104,Jimmie Crutchfield,0,0,0,0
712,2.0497847804281172e-05,0.008579226785705555,-0.22303278762895412,Jose Cruz,0,0,0,0
714,6.11571936605638e-08,0.000358001757996274,-0.059884315394032196,Julio Cruz,0,0,0,0
716,5.534432337865837e-06,0.004493312333159207,-0.16046672000697434,Tony Cuccinello,0,0,0,0
718,0.00019665922327509767,0.018978981029737937,-0.46202929993147024,Mike Cuellar,0,0,1,1
719,3.1393841203642154e-07,0.001075750476638361,-0.07824243907633877,Roy Cullenbine,0,0,0,0
720,4.955914822669647e-07,0.0009141785580418594,-0.10664916183081447,Ray Culp,0,0,0,0
722,5.425302006872135e-07,0.0007084837680682504,-0.12676599062517876,Bert Cunningham,0,0,0,0
723,5.328079435515537e-08,0.00032806877824159177,-0.058390378617329416,Joe Cunningham,0,0,0,0
724,2.9208744956575525e-07,0.0006139053363451272,-0.09992681440328395,George Cuppy,0,0,0,0
725,1.5169546936363642e-05,0.004720436493762778,-0.25916563613546906,Goose Curry,0,0,0,0
726,2.624996711947071e-07,0.0005442155461036055,-0.10061676509354857,Rube Curry,0,0,0,0
728,1.1518428510706267e-06,0.0009527544417364781,-0.1592607605187607,John Curtis,0,0,0,0
730,8.861262150806561e-07,0.0012313994009450849,-0.1228543139524012,Ned Cuthbert,0,0,0,0
731,9.251505978989555e-06,0.004046133177091835,-0.21868318406919152,George Cutshaw,0,0,0,0
732,0.0001248821619103155,0.021893876539429244,0.34228786941130357,Kiki Cuyler,1,0,1,1
734,1.2779321778306677e-07,0.0005354201668915254,-0.07077826157664124,John D'Acquisto,0,0,0,0
735,0.003519374932761853,0.020824903677516268,-1.8641510275664201,Bill Dahlen,0,1,1,1
736,6.747219612474537e-08,0.0004676379453111418,-0.055032042080269086,Babe Dahlgren,0,0,0,0
737,6.782356389042886e-07,0.0007571455369717033,-0.1371026322725826,Con Daily,0,0,0,0
738,2.2929422980383165e-07,0.0005216226734524682,-0.09605382891491267,Bruce Dal Canton,0,0,0,0
739,8.644338706802854e-08,0.0005050505792890703,-0.05993746903897187,Bud Daley,0,0,0,0
740,7.103662831483305e-07,0.0008633081924504424,-0.13139545412636272,Eggie Dallard,0,0,0,0
741,2.0814454734831364e-06,0.0016362395098842859,-0.16331013320339346,Abner Dalrymple,0,0,0,0
742,1.2585304875518405e-07,0.000415335426110463,-0.07975388028318091,Clay Dalrymple,0,0,0,0
743,0.0002867005959058036,0.013071205399638791,-0.6742314950616864,Tom Daly,0,0,0,0
745,0.009348495788225311,0.0016576498756177642,10.873612704305057,Ray Dandridge,1,1,0,1
746,2.362072462708418e-07,0.0006147506136279017,-0.08979935923419641,Dave Danforth,0,0,0,0
747,2.0216143765477931e-07,0.0005235144510637707,-0.09002865445841199,Pepper Daniels,0,0,0,0
749,7.123590602463532e-06,0.004735839750815114,-0.17730860253612885,Harry Danning,0,0,0,0
750,8.017537726094335e-06,0.006678160926096256,-0.15825108828113232,Al Dark,0,0,0,0
753,0.02068189495401321,0.06967956207265466,-2.408066001197987,Jake Daubert,0,1,1,1
754,3.772238225130336e-08,0.0003042888766364583,-0.05101525703768649,Rich Dauer,0,0,0,0
756,1.405665183246947e-06,0.0009834098800256754,-0.17316880418427177,Hooks Dauss,0,0,0,0
757,2.1971134827619306e-07,0.0007867478465322822,-0.0765503539601215,Vic Davalillo,0,0,0,0
758,6.299689869267228e-08,0.0003611716491670152,-0.060510949071594336,Jim Davenport,0,0,0,0
759,2.5199836768274903e-05,0.012054712833366761,-0.20825552094222163,Lloyd Davenport,0,0,0,0
762,3.392653597395255e-06,0.002079194787525653,-0.18491828478708114,Curt Davis,0,0,0,0
763,1.9689714080247806e-07,0.0005622780374849222,-0.08572977039151217,Dixie Davis,0,0,0,0
766,0.0004651373376404944,0.025805095334423895,0.6072540803621498,George Davis,1,0,1,1
767,5.304571765838232e-07,0.0017376526373284861,-0.07999736375938443,Glenn Davis,0,0,0,0
768,0.00154582589171429,0.030781824511451943,-1.0110055318297821,Harry Davis,0,0,1,1
769,2.007630505032945e-08,0.0002412120955510421,-0.041802245805232834,Jody Davis,0,0,0,0
771,3.615884735366544e-08,0.00029134048174296834,-0.05104500448418892,Mike Davis,0,0,0,0
773,1.3120118690152242e-07,0.0004492365306018442,-0.07829669396837712,Ron Davis,0,0,0,0
774,9.212617848424872e-06,0.004376123266148735,-0.20979930918434672,Roosevelt Davis,0,0,0,0
775,4.35701150584565e-07,0.0011750283487944211,-0.08819105222931721,Virgil Davis,0,0,0,0
776,3.904686354717616e-07,0.0007802506691889289,-0.1024745817515684,Storm Davis,0,0,0,0
777,2.698628636755545e-07,0.0008304784526563752,-0.08257272445516642,Steel Arm Davis,0,0,0,0
778,6.667378308999613e-05,0.018170841600515488,-0.27505379272436725,Tommy Davis,0,0,1,1
780,1.2479811603292216e-05,0.009255836239931512,-0.16748911670897731,Willie Davis,0,0,0,0
782,3.86219686216083e-07,0.000689407770288878,-0.10842739131118344,Connie Day,0,0,0,0
783,0.022815941023057684,0.07389656884334894,2.450453410693,Leon Day,1,1,1,1
784,2.045876799527262e-07,0.0004800211193243986,-0.0945834068706108,Ken Dayley,0,0,0,0
785,1.534770942927304e-07,0.0004633526797573597,-0.08338250782968265,Charlie Deal,0,0,0,0
786,0.0005335783910542515,0.05547061597615958,0.4368023902993778,Dizzy Dean,1,0,1,1
788,2.2583467560961053e-07,0.0006126494571054065,-0.08795607846106684,Hank DeBerry,0,0,0,0
789,3.4902852355301684e-07,0.001279399172135586,-0.0756413164923152,Doug DeCinces,0,0,0,0
793,8.602353183329038e-07,0.0010726360900198079,-0.12970569180550992,Ivan de Jesus,0,0,0,0
794,0.001308422053755961,0.03526328199402172,0.8670150060729848,Ed Delahanty,1,0,1,1
795,7.261845001589421e-07,0.0007844866269392095,-0.13937020748773837,Jim Delahanty,0,0,0,0
800,2.0824649001875956e-07,0.0004812872925360344,-0.0952997495948847,Ike Delock,0,0,0,0
801,1.304074876006956e-07,0.00040706570064054706,-0.08200498339970948,Jim Delsing,0,0,0,0
803,1.7469222646020932e-08,0.00021947006131088533,-0.04088002307941847,Joe DeMaestri,0,0,0,0
804,1.2030433482945871e-06,0.0015589007692291491,-0.1272044412547835,Frank Demaree,0,0,0,0
805,4.5102971251248743e-08,0.00031896117931249664,-0.05448463389167353,Don Demeter,0,0,0,0
806,5.723538199452217e-07,0.0008198759283425774,-0.12102908934735401,Gene DeMontreville,0,0,0,0
807,0.00020116464851210346,0.01870180804012557,-0.4708083759385251,Bingo DeMoss,0,0,1,1
808,2.53726799237106e-05,0.010805628041572889,-0.22085570860762713,Rick Dempsey,0,0,0,0
810,2.083125414941379e-06,0.001191140888632305,-0.1915256665589308,Jerry Denny,0,0,0,0
811,1.3142749930808906e-05,0.010238076396349332,-0.16334617072108962,John Denny,0,0,0,0
813,3.9145329931000684e-07,0.0011997489303044058,-0.08272633074550073,Bucky Dent,0,0,0,0
814,4.8528855072869875e-08,0.0003225316732654335,-0.05620221564710988,Bob Dernier,0,0,0,0
816,0.009053696519345997,0.029820895883435145,-2.4870712592153517,Paul Derringer,0,1,1,1
817,5.872797740641789e-07,0.0007915334430325238,-0.12477442797359294,Gene Desautels,0,0,0,0
824,1.3496688935079164e-05,0.0058773753583983195,-0.2189533184052008,Art Devlin,0,0,0,0
825,1.2114613144028208e-07,0.0005724774344699814,-0.06664397437853557,Bo Diaz,0,0,0,0
828,6.209181522537278e-09,0.0003638118196171189,0.01892820401340823,Bill Dickey,1,0,0,0
830,1.7933789054163024e-06,0.0022970378483078446,-0.12789755174396644,Murry Dickson,0,0,0,0
831,1.8257412304255255e-07,0.0005369533324761263,-0.08447814301790195,Larry Dierker,0,0,0,0
832,2.0443575483021396e-06,0.0012430946493317994,-0.18572307831441107,Bill Dietrich,0,0,0,0
834,0.0034172614155478557,0.0011905831703029298,7.759079351199037,Martín Dihigo,1,1,0,1
835,1.2126643099690097e-07,0.00043207605802442645,-0.07675488050955538,Miguel Dilone,0,0,0,0
836,2.5873399472771608e-05,0.010781504380822501,-0.22327640266931043,Dom DiMaggio,0,0,0,0
837,1.5641404726394415e-12,1.0539170529611213e-05,0.001765395518188081,Joe DiMaggio,1,0,0,0
838,8.340061986538952e-08,0.0004518040674651798,-0.06224738165920663,Vince DiMaggio,0,0,0,0
839,2.529485203914468e-07,0.0004991746964634774,-0.10313142446370921,Bill Dinneen,0,0,0,0
840,2.7892175252386136e-07,0.0005906488500763266,-0.09955380484367639,Frank DiPino,0,0,0,0
842,4.334519332582146e-06,0.002172510637485232,-0.20446872827642507,Dizzy Dismukes,0,0,0,0
843,1.392178841639173e-06,0.0009874816626039228,-0.1719800644011085,George Dixon,0,0,0,0
844,5.577018570188383e-06,0.002331152141696345,-0.22388169651958859,Rap Dixon,0,0,0,0
845,2.4503273026331294e-06,0.0017906792967773196,-0.16936497450209448,Bill Doak,0,0,0,0
847,1.1102706516160845e-07,0.0005430675578097837,-0.06550571480238508,Joe Dobson,0,0,0,0
848,2.4782190425760056e-08,0.0002710025716753381,-0.04381612135347633,Pat Dobson,0,0,0,0
849,0.0028963347081506557,0.08615105173462008,0.8032318816217167,Larry Doby,1,1,1,1
850,0.00224864475035308,0.0709783737204226,0.7861763258212863,Bobby Doerr,1,1,1,1
851,4.965040249141233e-07,0.0006317061202550129,-0.1284328959328778,Red Donahue,0,0,0,0
852,1.3512919803246371e-05,0.005357157312487213,-0.2295359043393597,Mike Donlin,0,0,0,0
853,8.303758079546789e-07,0.000938078184410104,-0.13627734896173038,Jim Donnelly,0,0,0,0
854,7.060134850639925e-07,0.0009812134138836846,-0.1228630337514524,Pete Donohue,0,0,0,0
855,1.726757662339507e-05,0.0056681764002342525,-0.2522140837582692,Bill Donovan,0,0,0,0
856,8.798281890107212e-06,0.0034811179997099235,-0.229981010127279,Dick Donovan,0,0,0,0
857,7.077940695169311e-05,0.01286884043334636,-0.3376609434783626,Patsy Donovan,0,0,0,0
858,1.2035205472464816e-06,0.0014540331123788063,-0.13174473995123973,Red Dooin,0,0,0,0
859,1.9807763900665707e-06,0.002163102044333591,-0.13852196655955823,Mickey Doolin,0,0,0,0
860,1.8034295330403798e-07,0.0008118836362588371,-0.06827095407679595,Bill Doran,0,0,0,0
861,5.396625244691371e-07,0.0008114312488827145,-0.11813229512967803,Mike Dorgan,0,0,0,0
862,1.3951609709104003e-07,0.0004416310179323299,-0.0814321876762866,Fritz Dorish,0,0,0,0
864,3.327585783547621e-07,0.0008527706200568642,-0.09048423248690245,Richard Dotson,0,0,0,0
865,4.7082603557511356e-07,0.0009025826080605787,-0.10461653225549954,Patsy Dougherty,0,0,0,0
867,4.277899276153561e-07,0.000963053578956354,-0.096536261203176,Taylor Douthit,0,0,0,0
868,1.5156433715749427e-06,0.0015618967820216732,-0.1426404065045652,Tommy Dowd,0,0,0,0
869,2.582401844273151e-06,0.002070244143793035,-0.16168166123271935,Al Downing,0,0,0,0
870,7.328878163712469e-07,0.00213609562266522,-0.08479177172384676,Brian Downing,0,0,0,0
871,3.644399701108643e-07,0.0006158520251591707,-0.11144245990197534,Bunny Downs,0,0,0,0
873,0.0001484106404522971,0.013853282097653125,-0.4710170138978933,Jack Doyle,0,0,0,0
874,0.0002694758087626835,0.031174861981226064,-0.41936286353509733,Larry Doyle,0,0,1,1
876,3.063431019949439e-06,0.0016120685724612923,-0.19960508725538775,Moe Drabowsky,0,0,0,0
877,4.7255005809792546e-07,0.0007674122027671193,-0.11367173846795257,Dick Drago,0,0,0,0
878,1.9813419959570697e-07,0.0005263800508323401,-0.08888435532922322,Bill Drake,0,0,0,0
881,1.026918144804632e-06,0.0017028321571165635,-0.11244018698364701,Dan Driessen,0,0,0,0
882,1.2497115314326247e-06,0.002577737234176373,-0.10077080835687806,Walt Dropo,0,0,0,0
883,0.009596588903780998,0.07181652580813683,1.6138858460821073,Don Drysdale,1,1,1,1
888,6.255403177739433e-08,0.00031228744166331417,-0.06484734767629179,Frank Duffy,0,0,0,0
889,0.0030232896964321266,0.06857458400827669,0.9286284411599004,Hugh Duffy,1,1,1,1
890,1.1098576049846827e-05,0.004853100611959862,-0.21861362622705136,Joe Dugan,0,0,0,0
891,2.6301646777598396e-07,0.0005916918134407613,-0.0965883651698386,Tommie Dukes,0,0,0,0
893,2.004972072447274e-08,0.00023170362532214055,-0.04262330061302451,Dave Duncan,0,0,0,0
894,1.1466780769174894e-05,0.0034194005372343286,-0.26491809810434613,Frank Duncan,0,0,0,0
895,0.0015258109838526153,0.052583247456551206,-0.7598132168301567,Frank Duncan,0,0,1,1
897,6.930298180997043e-07,0.0010530700834454458,-0.1174973788692324,Fred Dunlap,0,0,0,0
899,2.1808943430106553e-06,0.0022021978974042403,-0.14405225462890958,Jake Dunn,0,0,0,0
903,2.8510701530516936e-07,0.0009083803467249846,-0.0811488542814029,Ryne Duren,0,0,0,0
904,6.319187678014716e-08,0.0004335341668507457,-0.05531392139870594,Leon Durham,0,0,0,0
906,9.307439712371556e-06,0.005009049593036956,-0.1970410272176631,Leo Durocher,0,0,0,0
907,1.4634981652539178e-07,0.0006035871889721677,-0.07133532183973292,Eddie Dwight,0,0,0,0
908,6.939442212155633e-07,0.0007755630294739707,-0.13702345163046345,Frank Dwyer,0,0,0,0
909,3.0170439444757706e-06,0.0020728768502684424,-0.1746478034839681,Jim Dwyer,0,0,0,0
911,2.7857933926979655e-07,0.0005244768428679635,-0.10558616641995917,Duffy Dyer,0,0,0,0
912,0.0005261656074398183,0.030902184307585717,-0.5886539927421564,Jimmy Dykes,0,0,1,1
915,7.450810228582981e-07,0.0007369123146456998,-0.14566104249830983,Charles Earle,0,0,0,0
917,3.558489978664854e-08,0.0002789513758141691,-0.05175087355502524,Mike Easler,0,0,0,0
918,4.6432086089276517e-07,0.000642341460269677,-0.12316753236652936,Jamie Easterly,0,0,0,0
924,3.1173482398109563e-07,0.0008629726535299381,-0.08705952986031815,Bruce Edwards,0,0,0,0
925,1.99107885204516e-07,0.0005081137235855908,-0.09069076205322496,Hank Edwards,0,0,0,0
926,6.626147927915851e-07,0.001376958452951141,-0.10045708778680883,Johnny Edwards,0,0,0,0
927,9.437356226460585e-08,0.00035372602490328707,-0.07483839941110122,Tom Egan,0,0,0,0
928,1.3183129024551885e-06,0.0012879165244433582,-0.14651942079581337,Dave Eggler,0,0,0,0
929,9.845077293311626e-07,0.0007968781538875122,-0.16100899643350264,Mack Eggleston,0,0,0,0
930,2.0714008295554763e-05,0.005419875061589288,-0.28253156216722736,Howard Ehmke,0,0,0,0
931,2.821926917783154e-07,0.0005580751720020427,-0.10301843766646772,Red Ehret,0,0,0,0
937,3.245450429450535e-06,0.0014367809998956415,-0.217640458402974,Kid Elberfeld,0,0,0,0
939,0.004601447950385258,0.043185903273139245,-1.4631864916187787,Bob Elliott,0,1,1,1
940,1.3374977657052404e-07,0.00044533301404606993,-0.0793993614200091,Jumbo Elliott,0,0,0,0
942,1.6802878877735567e-07,0.0005705409713534127,-0.0786202011149306,Dock Ellis,0,0,0,0
943,2.212237343327439e-07,0.0005218622403308041,-0.0943266083899598,John Ellis,0,0,0,0
946,9.12932218729701e-08,0.00043397490514664503,-0.06645112672829874,Dick Ellsworth,0,0,0,0
948,1.2512794498920341e-05,0.0037376357667044118,-0.2646519979907652,Bones Ely,0,0,0,0
952,2.3862991741903056e-07,0.0008624233768695902,-0.07619465012616396,Woody English,0,0,0,0
953,2.957205777352608e-06,0.005044860582628018,-0.110669407750667,Del Ennis,0,0,0,0
955,7.953989615103788e-08,0.000391803470457301,-0.06528041733974331,Carl Erskine,0,0,0,0
960,1.9882904282668362e-07,0.0004948036171624138,-0.09183868434957726,Sammy Esposito,0,0,0,0
961,1.4765168329029354e-07,0.00041018513906903925,-0.08692602067113823,Jim Essian,0,0,0,0
962,1.8221401315292816e-07,0.00046363700998751654,-0.09082612481354062,Dude Esterbrook,0,0,0,0
965,2.189148119795673e-07,0.000775377598910861,-0.07697011929965723,Andy Etchebarren,0,0,0,0
967,2.3567521250983604e-07,0.00047891229249595846,-0.10163296353203811,Al Evans,0,0,0,0
968,2.452522582919831e-07,0.000535784931424403,-0.09801770550319663,Bob Evans,0,0,0,0
969,1.3363664347171302e-05,0.010097942609740085,-0.16586398341420733,Darrell Evans,0,0,0,0
970,0.0009266617297109927,0.08379134509985242,-0.46128345188627734,Dwight Evans,0,0,1,1
971,1.3362489411010176e-07,0.0005525730051814364,-0.0712423897964032,Felix Evans,0,0,0,0
972,4.753303145594857e-07,0.0006810577530366209,-0.1210228825607072,Joe Evans,0,0,0,0
976,1.9990483898859794e-07,0.000754016151735213,-0.07458769428286383,Hoot Evers,0,0,0,0
977,0.003972274567411196,0.09999901362802992,0.8664687654015484,Johnny Evers,1,1,1,1
978,1.9297802286250495e-07,0.0004709943230510803,-0.09273708447491105,Bob Ewing,0,0,0,0
979,0.0008895110762090966,0.03672116245845529,0.7000081988102552,Buck Ewing,1,0,1,1
981,0.004311147111992204,0.010975406229205686,2.856270356132739,Red Faber,1,1,0,1
982,3.4170665427476536e-07,0.0005522023098029161,-0.11396390280781395,Isidro Fabré,0,0,0,0
983,2.72677679048392e-05,0.010585860700386087,-0.23134515602439545,Roy Face,0,0,0,0
984,1.420381683517783e-07,0.0003997476742561776,-0.0863639276040809,Bill Fahey,0,0,0,0
985,1.763908196420049e-05,0.007878749647735953,-0.21597394544746237,Ron Fairly,0,0,0,0
986,1.3630205272056905e-07,0.0004367118018620702,-0.08094099331350366,Pete Falcone,0,0,0,0
987,6.318281246887458e-07,0.0010325762863060575,-0.11329838357632471,Bibb Falk,0,0,0,0
988,6.18973339638164e-07,0.001057987107790379,-0.11078362473307565,Cy Falkenberg,0,0,0,0
989,1.0421620189612471e-07,0.0003833215964554273,-0.07554615594680605,Ed Farmer,0,0,0,0
991,0.0006979261029770576,0.022370548484584054,-0.8003191157242637,Duke Farrell,0,0,1,1
992,1.2695874795673612e-06,0.0011254731459931974,-0.1538256869451341,Jack Farrell,0,0,0,0
993,3.415571225238227e-07,0.000554223137703008,-0.11373093581595428,Luther Farrell,0,0,0,0
994,8.435787452093359e-06,0.003713050896118051,-0.21802145378768792,Turk Farrell,0,0,0,0
995,2.2364282275488995e-07,0.0005176997666380495,-0.09522164923212983,Steve Farr,0,0,0,0
998,1.8027594668886374e-07,0.0006543656794196211,-0.07603720473357532,Mike Felder,0,0,0,0
1002,1.4242507353185788e-06,0.005396712633042047,0.07424430943731851,Bob Feller,1,0,0,0
1003,1.5336316140476912e-07,0.0004427029059759053,-0.08527423542919257,Alex Ferguson,0,0,0,0
1004,2.704343945754389e-06,0.0014726067688021476,-0.19623533260579049,Bob Ferguson,0,0,0,0
1005,2.0629092780716271e-07,0.0005638817128850227,-0.08762604835369274,Joe Ferguson,0,0,0,0
1008,2.604798407264531e-05,0.0066349265327893935,-0.28617592161405053,José María Fernández,0,0,0,0
1011,0.03151673898551753,0.04696881036184573,3.6646209632827844,Rick Ferrell,1,1,1,1
1012,0.005152923999517081,0.06745673418509963,-1.2230898305407725,Wes Ferrell,0,1,1,1
1014,1.8522359907817962e-07,0.00046592688345231345,-0.09134772245188456,Chick Fewster,0,0,0,0
1019,3.0387173417701556e-07,0.0005404315311220935,-0.1086343261337757,Rafael Figarola,0,0,0,0
1021,0.007060852714379827,0.12690639975525053,1.010012768629786,Rollie Fingers,1,1,1,1
1024,6.721909738474144e-07,0.0012117272708032335,-0.10786741266807268,Lou Finney,0,0,0,0
1025,1.372317152590913e-07,0.00041288565504323004,-0.08352804572500773,Mike Fischlin,0,0,0,0
1026,1.0376245028520393e-06,0.0016685493741418855,-0.11418198849887043,Eddie Fisher,0,0,0,0
1027,2.056692425396365e-07,0.0004920905877111145,-0.09366231981088922,Jack Fisher,0,0,0,0
1028,1.1870759618252186e-07,0.00039244095395853026,-0.07968498718394368,Ray Fisher,0,0,0,0
1029,0.00019798316701680936,0.03930595137183314,0.3187771436030128,Carlton Fisk,1,0,1,1
1031,1.4323284797787632e-07,0.0003987186095580067,-0.08683825944918945,Ed FitzGerald,0,0,0,0
1032,8.328013788397294e-08,0.00036123390100928755,-0.06956770227599975,Mike Fitzgerald,0,0,0,0
1033,1.0463988305181219e-07,0.0004618120999476707,-0.06896445554683864,Al Fitzmorris,0,0,0,0
1034,2.4942243301388032e-05,0.0054336031470967015,-0.3096352068751826,Freddie Fitzsimmons,0,0,0,0
1035,3.628085492333271e-07,0.0009258907336938329,-0.09067078732692835,Max Flack,0,0,0,0
1036,4.708413484777822e-05,0.014094115872670069,-0.2629939483674124,Ira Flagstead,0,0,0,0
1038,2.9366183670672953e-05,0.014487086543594409,-0.2048207891757461,Mike Flanagan,0,0,0,0
1039,1.3604463871934539e-07,0.0004082517915254711,-0.08363684557869872,Tim Flannery,0,0,0,0
1040,3.1069793791152226e-06,0.002043779197462446,-0.17849152104051516,Art Fletcher,0,0,0,0
1042,1.8368352785436595e-07,0.0009486154220296148,-0.06373728733329906,Elbie Fletcher,0,0,0,0
1044,0.007069916024853301,0.01395752200416765,3.2386232300511635,Elmer Flick,1,1,0,1
1045,6.351158502293124e-07,0.0006432812550439867,-0.1439447875676494,Silver Flint,0,0,0,0
1046,8.995573077225715e-06,0.008283026190565087,-0.15039154512917552,Curt Flood,0,0,0,0
1047,5.094765532958111e-07,0.000652361995452212,-0.12802232712716874,Willis Flournoy,0,0,0,0
1048,1.8130275439050625e-07,0.0004975328716256622,-0.08745666128278826,Jake Flowers,0,0,0,0
1052,7.654380408299543e-08,0.0004912018925583258,-0.05719103594528844,Doug Flynn,0,0,0,0
1053,5.26348680775202e-08,0.00027428244782786294,-0.0634728268387365,Hank Foiles,0,0,0,0
1055,2.931066392987952e-07,0.000839252648379074,-0.08560394853384135,Tim Foli,0,0,0,0
1056,1.2881889690125423e-06,0.001243810313486438,-0.1473845977352689,Lew Fonseca,0,0,0,0
1057,2.902215600173485e-08,0.00025550638951653303,-0.04883352913589877,Barry Foote,0,0,0,0
1058,5.151436445170674e-06,0.0024355442337338816,-0.21049718526181097,Davy Force,0,0,0,0
1059,4.821199173706416e-08,0.00030238435679590375,-0.057855127122009534,Dan Ford,0,0,0,0
1060,8.959795121721187e-07,0.0011723114460853036,-0.12661421615262256,Horace Ford,0,0,0,0
1061,0.0006310898606798404,0.05612547966009334,0.47209820286188237,Whitey Ford,1,0,1,1
1063,9.066108549159587e-07,0.0014720978842304472,-0.11364016690199599,Frank Foreman,0,0,0,0
1064,7.475105664024049e-08,0.00036219563371075596,-0.0658215410547094,Mike Fornieles,0,0,0,0
1065,4.077553094137825e-06,0.0033830473913361776,-0.15882525236267353,Bob Forsch,0,0,0,0
1066,2.1740048577276424e-06,0.0019924080466386545,-0.15122294149944449,Ken Forsch,0,0,0,0
1067,2.9913748033704643e-06,0.0025302072574781625,-0.15736816859261316,Terry Forster,0,0,0,0
1070,1.002294732691969e-07,0.0005437544180550997,-0.06219963915326801,Ray Fosse,0,0,0,0
1071,1.6067666504657117e-07,0.00047223136354354454,-0.08450960467276591,Alan Foster,0,0,0,0
1072,0.0033640033010909737,0.0022405461670379004,5.608850071799921,Willie Foster,1,1,0,1
1073,1.9013855358087145e-06,0.0018151237872487183,-0.14818256528927526,Eddie Foster,0,0,0,0
1074,0.004450365300801719,0.13839803328443942,-0.7627739614620921,George Foster,0,1,1,1
1075,1.1751897521519578e-06,0.0009797480464830378,-0.15863301852745051,Rube Foster,0,0,0,0
1076,6.983456012054892e-07,0.0009785105865779597,-0.1223628261461495,Bob Fothergill,0,0,0,0
1078,1.0083882352373466e-05,0.004402181904840683,-0.21884241986888714,Jack Fournier,0,0,0,0
1079,9.561298183128985e-05,0.010639127942496523,-0.43210812064106113,Dave Foutz,0,0,0,0
1081,1.2676908538717127e-07,0.00040399235163988647,-0.0811599948378665,Dick Fowler,0,0,0,0
1083,5.0111015374088736e-05,0.027166694164086753,0.19412303259315786,Nellie Fox,1,0,1,1
1084,1.1905333577017787e-06,0.00199296547832805,-0.11189156411178837,Pete Fox,0,0,0,0
1085,3.530829727931535e-09,0.00038930891094212625,0.013798005336102365,Jimmie Foxx,1,0,0,0
1086,2.06242522590999e-07,0.0004767402093293594,-0.09529153315965391,Paul Foytack,0,0,0,0
1087,7.805032148067887e-05,0.010900978929074372,-0.38564182674432873,Bill Francis,0,0,0,0
1093,4.60157777407508e-08,0.00027633193589097436,-0.059127222421300855,Terry Francona,0,0,0,0
1094,2.2469326888501645e-07,0.0008815137490124509,-0.07313051481335786,Tito Francona,0,0,0,0
1095,2.2740663362119058e-07,0.0005563176428892934,-0.09262515738064543,Fred Frankhouse,0,0,0,0
1097,8.896563390750509e-07,0.0007900666336397641,-0.15371537082349193,Chick Fraser,0,0,0,0
1099,1.5292055820237526e-07,0.0004634131092706945,-0.08322576099017293,George Frazier,0,0,0,0
1101,0.002250318698886329,0.09503195020525883,-0.6708315259650902,Bill Freehan,0,1,1,1
1102,1.950982950485329e-05,0.008922408177121286,-0.2133286422571109,Buck Freeman,0,0,0,0
1105,1.0646849308072191e-07,0.0004006333758575981,-0.07468951233713256,Gene Freese,0,0,0,0
1106,0.0004649396353344828,0.0381140637084666,-0.4963946502767567,Jim Fregosi,0,0,1,1
1107,6.837220231364996e-07,0.0009167593098239321,-0.1250900034029614,Larry French,0,0,0,0
1108,2.132065394176753e-06,0.0021456137677811162,-0.14430046136378016,Lonny Frey,0,0,0,0
1109,6.089672664499589e-07,0.0008427092288120584,-0.12313589677410225,Bernie Friberg,0,0,0,0
1110,2.1427127073057053e-05,0.006268384176899249,-0.267084306813687,Bob Friend,0,0,0,0
1111,1.586998991399784e-07,0.001446758361356169,0.04796070795735059,Frankie Frisch,1,0,0,0
1112,1.4940265758962324e-07,0.0004578583564394654,-0.08276063054393389,Danny Frisella,0,0,0,0
1113,1.4821881395304483e-07,0.00045324040183037436,-0.0828511544100912,Art Fromme,0,0,0,0
1115,1.9901161170299385e-06,0.002371094151420411,-0.13260471553723285,Woodie Fryman,0,0,0,0
1117,8.763395860734915e-08,0.0005111595195929357,-0.05998692644367286,Tito Fuentes,0,0,0,0
1118,5.514682455236601e-07,0.0007148201786250235,-0.12723782123568952,Charles Fulmer,0,0,0,0
1120,2.3401497804064013e-06,0.004922294093988797,-0.09967269337933567,Carl Furillo,0,0,0,0
1122,2.6784286689556356e-07,0.0005071340009650648,-0.1052878299405327,Phil Gagliano,0,0,0,0
1125,3.0646794243775866e-07,0.000656151326603537,-0.09900511665707386,Del Gainer,0,0,0,0
1126,2.086629499709253e-06,0.00250425882634405,-0.13211381610479794,Jonas Gaines,0,0,0,0
1127,2.0210798403400123e-05,0.007809875938017659,-0.23220777914697818,Augie Galan,0,0,0,0
1129,1.0552807456025145e-06,0.0009171493747226656,-0.1553725771721526,Denny Galehouse,0,0,0,0
1132,1.4705199082327654e-06,0.0017902744531623944,-0.13121883958754557,Chick Galloway,0,0,0,0
1134,0.001736023506951075,0.0012707608806563268,5.352780218999435,Pud Galvin,1,1,0,1
1135,7.813701745625501e-07,0.001456807642140588,-0.10605237147872808,Oscar Gamble,0,0,0,0
1136,7.789397516950332e-07,0.0007345641958117048,-0.1491719393768336,Judy Gans,0,0,0,0
1137,4.512033778375489e-07,0.0011567964471115785,-0.09045154821755196,Jim Gantner,0,0,0,0
1139,4.684910018399228e-06,0.0016919814668866077,-0.2409321483731874,Charlie Ganzel,0,0,0,0
1140,1.19284418035901e-05,0.004482161625280696,-0.23587519494788262,Gene Garber,0,0,0,0
1143,1.0879260637805722e-07,0.0005458586832646869,-0.06467711841529034,Damaso Garcia,0,0,0,0
1148,1.0828631575193067e-07,0.0003880669926428971,-0.07653477323254013,Kiko Garcia,0,0,0,0
1149,1.0096292396083036e-06,0.0015474630743219653,-0.1169618347217621,Mike Garcia,0,0,0,0
1151,1.1305060401533522e-08,0.00016468103155283296,-0.037965448834722575,Billy Gardner,0,0,0,0
1153,1.526226223193432e-06,0.0012595717082352043,-0.1594167567710139,Jelly Gardner,0,0,0,0
1154,0.0017359220912131243,0.03425742767572871,-1.0137434844085509,Larry Gardner,0,1,1,1
1156,2.322524314482128e-07,0.0005189940994718417,-0.09691608105363851,Ping Gardner,0,0,0,0
1158,1.3198113200253114e-07,0.00046008945929596444,-0.07759692293693297,Debs Garms,0,0,0,0
1159,1.2017310823324935e-05,0.007304609109352911,-0.18519224945133148,Phil Garner,0,0,0,0
1160,4.4537259804298186e-08,0.00036353957083893495,-0.05071268358199867,Scott Garrelts,0,0,0,0
1161,8.40087396703467e-08,0.00041535332507196233,-0.06515876207030097,Wayne Garrett,0,0,0,0
1162,1.649956722070385e-08,0.00030732257840786605,-0.03357236570205311,Ralph Garr,0,0,0,0
1163,4.30800272612467e-07,0.001350673381872806,-0.08178600001368645,Ned Garver,0,0,0,0
1164,0.01978883344522095,0.23777883840614708,-1.1541802656462974,Steve Garvey,0,1,1,1
1166,1.3565640687121708e-08,0.00018064547446073893,-0.039707910011359024,Cito Gaston,0,0,0,0
1167,1.866292169679827e-07,0.00046793013639569533,-0.09149709860238396,Milt Gaston,0,0,0,0
1168,3.807208728541173e-07,0.0005976235858954908,-0.11562967779168905,Robert Gaston,0,0,0,0
1169,1.1537134709013754e-06,0.0009592741621309461,-0.15884693958270774,Bill Gatewood,0,0,0,0
1170,3.9300584223831394e-07,0.0006044592815365283,-0.1168138476071415,Ernest Gatewood,0,0,0,0
1172,2.5339361921454065e-07,0.0007950170601732703,-0.08177989641347086,Rich Gedman,0,0,0,0
1173,1.4716709743568714e-10,6.542556271675621e-05,0.006872694965159688,Charlie Gehringer,1,0,0,0
1174,2.089904545298844e-10,9.723912216964247e-05,0.006717864527263426,Lou Gehrig,1,0,0,0
1175,2.4342189978491584e-07,0.0004669043590266839,-0.10461021536767373,Gary Geiger,0,0,0,0
1177,8.939497815041455e-06,0.004074559419383408,-0.21420977947197,Wally Gerber,0,0,0,0
1178,5.592558562977796e-06,0.002123298306317861,-0.23493507074021794,Joe Gerhardt,0,0,0,0
1180,6.64138734781504e-08,0.00034884244744188723,-0.06321914628664616,Dick Gernert,0,0,0,0
1181,1.8012811069949534e-06,0.0023606713547646117,-0.1264356105086862,Cesar Geronimo,0,0,0,0
1182,2.699973702218575e-07,0.0006374632100415572,-0.0942808271924437,Patsy Gharrity,0,0,0,0
1184,4.303073541626062e-07,0.0006295940605839695,-0.11976556365158927,Joe Gibbon,0,0,0,0
1185,7.663266799650158e-08,0.0003335047216557524,-0.06945334950805267,Jake Gibbs,0,0,0,0
1186,0.0018727690498085855,0.14721796275137397,0.4772988404238723,Bob Gibson,1,1,1,1
1187,9.386286073851444e-06,0.003980783934300267,-0.2220782856706742,George Gibson,0,0,0,0
1188,0.00016122276757093334,0.041691093718785446,0.2789677189514076,Josh Gibson,1,0,1,1
1191,4.2884784800998367e-07,0.0009231389287514028,-0.09872500911146975,George Giles,0,0,0,0
1193,3.1299711594802837e-07,0.0006254342844455961,-0.10248330422876893,Barney Gilligan,0,0,0,0
1194,0.0003140337782168211,0.03412576860697533,-0.4320329778177306,Jim Gilliam,0,0,1,1
1196,3.142487722536452e-07,0.000525951721507124,-0.11198484743981503,Joe Ginsberg,0,0,0,0
1198,6.092009475146911e-07,0.0006954466440812479,-0.13558353651307775,Willie Gisentaner,0,0,0,0
1199,4.348408088973263e-06,0.003028605349949031,-0.17337832424858013,Dave Giusti,0,0,0,0
1200,2.2900049378681673e-07,0.0008706281663862225,-0.07428863238493212,Dan Gladden,0,0,0,0
1201,4.969322110929724e-07,0.0006754519613540671,-0.12425511224619534,Fred Gladding,0,0,0,0
1202,4.087415529983369e-05,0.005461544375150403,-0.3953548762254258,Jack Glasscock,0,0,0,0
1205,0.000711647768635521,0.023449619578863202,-0.7888993883190885,Kid Gleason,0,0,1,1
1206,3.4065744976849906e-07,0.0005835390571469726,-0.11068961509327614,Jerry Don Gleaton,0,0,0,0
1208,1.5206076195094833e-07,0.00044633319162338023,-0.08456520279305467,Ed Glynn,0,0,0,0
1209,2.718359283100023e-07,0.0005980809932820975,-0.09766819567911854,Dave Goltz,0,0,0,0
1214,0.0021020913885318247,0.09075274214695077,0.665038159689339,Lefty Gomez,1,1,1,1
1215,7.490466619079994e-08,0.0003896870314219888,-0.06352160624858309,Ruben Gomez,0,0,0,0
1224,2.760697732984616e-06,0.001988590613472986,-0.17057451190188264,Mike Gonzalez,0,0,0,0
1227,6.832844616690554e-08,0.00045268192562911554,-0.05628796160165717,Tony Gonzalez,0,0,0,0
1228,2.014416365108561e-07,0.0004856572606808558,-0.09330691704778511,Johnny Gooch,0,0,0,0
1230,3.1311531421935934e-06,0.004622814182471341,-0.11898779721944694,Billy Goodman,0,0,0,0
1231,3.7323762673364397e-07,0.0011433062495317609,-0.08275088753590365,Ival Goodman,0,0,0,0
1232,3.791324858301614e-07,0.0006702087526038641,-0.10895684425800758,Wilbur Good,0,0,0,0
1235,5.337132626227504e-05,0.02990893688308094,0.19066431110086104,Joe Gordon,1,0,1,1
1236,2.230941879900703e-07,0.0009852292771049742,-0.06892409554406496,Sid Gordon,0,0,0,0
1238,0.00027138498088466944,0.02468652966316377,-0.4745092049959705,George Gore,0,0,1,1
1240,1.0736774490027223e-07,0.0003645422048295071,-0.07863094251005179,Jim Gosger,0,0,0,0
1241,0.00021648950682530408,0.033670929480545626,0.3612127260423668,Goose Goslin,1,0,1,1
1242,0.00018911862536875767,0.03503521187464958,0.3307350007820005,Rich Gossage,1,0,1,1
1243,8.598905254885341e-08,0.00035063170514518363,-0.07175125229714618,Julio Gotay,0,0,0,0
1245,5.220261686535058e-06,0.0032725117968041995,-0.18272728100061741,Hank Gowdy,0,0,0,0
1247,1.4625962432041976e-06,0.0012188770244412335,-0.1586452566249018,Mike Grady,0,0,0,0
1249,7.464182438759007e-08,0.00033335674552551457,-0.06856046381360367,Alex Grammas,0,0,0,0
1251,3.229212015841802e-06,0.0016332724441989498,-0.20359807115365597,Jack Graney,0,0,0,0
1252,1.4273283764126308e-07,0.0004199711035181998,-0.08446381198692526,Eddie Grant,0,0,0,0
1253,0.005962288785972111,0.0005072427986841224,15.70717316684392,Frank Grant,1,1,0,1
1254,2.2605671320039787e-06,0.0014263550387405295,-0.18230332144275652,George Grantham,0,0,0,0
1255,9.133398200955423e-07,0.0007992757718730917,-0.1548473899473017,Leroy Grant,0,0,0,0
1256,1.1119417527661827e-06,0.001365150428604374,-0.13069644367053893,Mudcat Grant,0,0,0,0
1258,1.992223940779079e-07,0.0006536554242498253,-0.07997648340634148,Sam Gray,0,0,0,0
1260,4.772541739030435e-08,0.0002835436288713542,-0.05944467936930214,Dick Green,0,0,0,0
1261,0.007009647468689247,0.18842280739799733,0.7962618664171874,Hank Greenberg,1,1,1,1
1262,1.184843009056451e-06,0.001406237212802333,-0.13292454547851962,Joe Greene,0,0,0,0
1263,1.9799869748962764e-07,0.0005081712048827591,-0.0904326821428952,Lenny Green,0,0,0,0
1269,0.00021223302027411823,0.02666065151834985,-0.4033786292385772,Bobby Grich,0,0,1,1
1270,5.602270293779708e-06,0.004327681827713223,-0.16452133737473307,Alfredo Griffin,0,0,0,0
1271,3.5344941508938773e-07,0.000768035333801387,-0.098268842368676,Bob Griffith,0,0,0,0
1272,0.003144874768788657,0.012740879713753792,2.2621801898273066,Clark Griffith,1,1,0,1
1273,2.2284925783063934e-05,0.010080889729073554,-0.21437081816273887,Ken Griffey,0,0,0,0
1275,0.00021265763286088966,0.023234457282714758,-0.4332903672578384,Mike Griffin,0,0,1,1
1276,7.45160422675828e-07,0.0009679364881095329,-0.12708690994949473,Tommy Griffith,0,0,0,0
1277,6.039138682980262e-07,0.0010079303065459882,-0.11211479243847766,Tom Griffin,0,0,0,0
1279,0.00012875292524084666,0.024147884831155417,0.33055265957050917,Burleigh Grimes,1,0,1,1
1280,3.8341292790121134e-07,0.0005932166797707023,-0.11646823472117288,John Grim,0,0,0,0
1281,0.0004954285919165643,0.02875498511801083,-0.5927997454883952,Charlie Grimm,0,0,1,1
1283,7.157594051851083e-08,0.0003918518665579727,-0.06192230482160832,Ross Grimsley,0,0,0,0
1284,3.087279838162987e-08,0.0002660298580565949,-0.049359946354650824,Marv Grissom,0,0,0,0
1286,0.000605521344087039,0.06329001683105817,-0.4338197745521023,Dick Groat,0,0,1,1
1287,0.0007634704150268361,0.04013540963350455,-0.6192227290271864,Heinie Groh,0,0,1,1
1288,1.3832103448150824e-06,0.0018218676307096885,-0.1261535212668326,Steve Gromek,0,0,0,0
1289,1.5190088627466869e-07,0.0004552895191384533,-0.0836848972917547,Bob Groom,0,0,0,0
1291,3.061452782564742e-06,0.0021912312298774696,-0.1711011717812939,Greg Gross,0,0,0,0
1293,2.0973535554064683e-08,0.0002417908234689596,-0.0426749531429892,Wayne Gross,0,0,0,0
1294,4.0535102024985514e-07,0.0009377135926133084,-0.09523277938260816,Jerry Grote,0,0,0,0
1295,8.726190854112108e-07,0.0011167285171929749,-0.12802817881537923,Johnny Groth,0,0,0,0
1296,4.7269507422060084e-08,0.0010932191408322056,0.03011681580710923,Lefty Grove,1,0,0,0
1297,4.947856278652175e-08,0.0003317050997139128,-0.05595901615958874,Orval Grove,0,0,0,0
1298,3.314126884827364e-07,0.0008176630738369047,-0.0922209081777854,Johnny Grubb,0,0,0,0
1299,2.9643718485949315e-07,0.0014875977888281569,-0.06464128143002365,Kelly Gruber,0,0,0,0
1305,0.00024084006087111076,0.03735509691551726,-0.3610207263303339,Pedro Guerrero,0,0,1,1
1308,0.007310883553408221,0.12811392574661282,-1.0221774164045427,Ron Guidry,0,1,1,1
1312,4.293903726017734e-06,0.003066381793023009,-0.1712205176358066,Bill Gullickson,0,0,0,0
1313,9.829519399342477e-07,0.0008785933800912363,-0.15321135662776722,Harry Gumbert,0,0,0,0
1314,8.772988621762062e-08,0.0005223401643381057,-0.05937358401428883,Randy Gumpert,0,0,0,0
1316,2.22787045117657e-06,0.0023422337255127644,-0.14116605977818197,Larry Gura,0,0,0,0
1317,1.380792731080716e-07,0.0005003402774268114,-0.07610838145773138,Frankie Gustine,0,0,0,0
1322,2.494450508354428e-07,0.0008075436721964107,-0.080507929435088,Don Gutteridge,0,0,0,0
1327,3.2546889602572956e-07,0.0008279153584164144,-0.09082210621406563,Moose Haas,0,0,0,0
1328,4.0582228651453974e-07,0.0006984758450325395,-0.11042061791356797,Mule Haas,0,0,0,0
1330,1.3936569555475606e-07,0.0004529448115823148,-0.08036492950164158,Warren Hacker,0,0,0,0
1331,0.0005571841805622775,0.0568230761128197,-0.4407002016028993,Stan Hack,0,0,1,1
1332,2.945521927216392e-06,0.0029685865743791662,-0.14413529417625362,Harvey Haddix,0,0,0,0
1333,1.7404317397817739e-06,0.001133012742714845,-0.179504184701511,Bump Hadley,0,0,0,0
1334,0.006569884345417392,0.013360348337042657,3.1919707387091023,Chick Hafey,1,1,0,1
1336,0.0028372188676546927,0.006897861809985243,2.9288409002427844,Jesse Haines,1,1,0,1
1337,5.838997936442236e-07,0.0007559716948634927,-0.12730979579668322,Jerry Hairston,0,0,0,0
1340,2.3660254530718646e-07,0.0005697660989210247,-0.09335708710899938,Odell Hale,0,0,0,0
1341,2.62087894843378e-07,0.0005876608401241347,-0.09674802459463887,Sammy Hale,0,0,0,0
1342,4.5914147116941375e-07,0.001117983568807854,-0.09281588176404595,Bill Hallahan,0,0,0,0
1345,1.3019353412601366e-05,0.0036608383489194546,-0.27278323768352475,Dick Hall,0,0,0,0
1346,5.827397580682273e-08,0.0003802162397046612,-0.05672167696804101,Tom Haller,0,0,0,0
1347,2.154140921833487e-05,0.004054507383165409,-0.33334614748321356,Bill Hallman,0,0,0,0
1349,1.5139558206755073e-07,0.0004582954748431937,-0.0832710274768804,Tom Hall,0,0,0,0
1351,0.01139462482310712,0.062136226246800444,1.9004528805007965,Billy Hamilton,1,1,1,1
1353,6.06561405669079e-07,0.0007081403656208599,-0.13407059399172672,Earl Hamilton,0,0,0,0
1355,3.4594869631802956e-07,0.0005961070372531143,-0.11036309989608796,Steve Hamilton,0,0,0,0
1360,6.508221127437027e-06,0.005746639575225569,-0.15377380177245467,Granny Hamner,0,0,0,0
1362,5.162347770591943e-08,0.0003030362544387613,-0.05980261409299092,Lee Handley,0,0,0,0
1363,2.2765084684772574e-07,0.000518436531086705,-0.09600279522738676,Bill Hands,0,0,0,0
1364,4.079355390372071e-07,0.0006474769673496276,-0.11498802460350435,Bill Handy,0,0,0,0
1366,1.8080891488607253e-07,0.00042654554291392754,-0.09432878057710736,Larry Haney,0,0,0,0
1368,4.039171306767436e-07,0.0006600844748827311,-0.11332158536398512,Frank Hankinson,0,0,0,0
1369,1.8404641667283464e-05,0.004574604309338186,-0.2900019521436813,Ned Hanlon,0,0,0,0
1370,1.5295877949660894e-07,0.00046201753577073795,-0.08336183643500981,Jim Hannan,0,0,0,0
1372,2.042923309303027e-06,0.004188450718596348,-0.10099446052263988,Ron Hansen,0,0,0,0
1376,0.001062623397396583,0.02896545192668765,-0.8649211576552583,Mel Harder,0,0,1,1
1378,3.547560996976854e-07,0.0009525903715157892,-0.08839232113862568,Paul Hardy,0,0,0,0
1380,1.0672257904264633e-07,0.000434995268347842,-0.07176307806559487,Steve Hargan,0,0,0,0
1381,6.284829150387049e-06,0.004183948877591174,-0.17723633540454087,Bubbles Hargrave,0,0,0,0
1382,1.0058120995828446e-07,0.00085310362625364,-0.04973725960354948,Mike Hargrove,0,0,0,0
1383,1.2280223996902037e-07,0.00040922955951374447,-0.07936708180605932,Pinky Hargrave,0,0,0,0
1384,1.6525998796724306e-07,0.00044765327980558805,-0.08802892370506551,Terry Harmon,0,0,0,0
1387,2.3655521461830665e-07,0.0006050747632716689,-0.09058159434872455,George Harper,0,0,0,0
1388,1.3181671059628245e-07,0.000414757885614303,-0.08167844747408394,Harry Harper,0,0,0,0
1389,1.0873492910280565e-07,0.0007947197533405831,-0.053581459784905056,Tommy Harper,0,0,0,0
1390,4.22146248090636e-06,0.005081961858110976,-0.13174042678721493,Toby Harrah,0,0,0,0
1391,1.5232592569255134e-06,0.002289482708860263,-0.11806744131977935,Bud Harrelson,0,0,0,0
1392,3.4091097862920284e-06,0.0020993825295657683,-0.18447095552360745,Bucky Harris,0,0,0,0
1394,1.7497728831196806e-06,0.00193112112801517,-0.13780849426965358,Joe Harris,0,0,0,0
1396,0.006169828590022493,0.048743889830204355,-1.5901380675240575,Vic Harris,0,1,1,1
1399,6.338889670099351e-08,0.0003320762741237759,-0.06330313210809962,Jack Harshman,0,0,0,0
1401,9.7721261526355e-08,0.0005831730611293813,-0.05930328914443425,Jim Ray Hart,0,0,0,0
1402,3.842699654130477e-06,0.003714556912558739,-0.1471181489770237,Grover Hartley,0,0,0,0
1403,1.5291179516095168e-07,0.0014967304141888724,0.04628423548927086,Gabby Hartnett,1,0,0,0
1404,4.1994348737634526e-06,0.0029228516596772145,-0.17344671013658722,Topsy Hartsel,0,0,0,0
1405,2.6760630709674513e-07,0.0006380395703955123,-0.0938199981615168,Roy Hartzell,0,0,0,0
1406,5.711627813791727e-07,0.0008931549710175316,-0.11583296003891254,Bill Harvey,0,0,0,0
1408,1.8763421010799328e-07,0.000547257017702857,-0.08483032315818151,Ron Hassey,0,0,0,0
1409,7.664762405851482e-07,0.0007993376145562522,-0.14184702363471052,Andy Hassler,0,0,0,0
1411,5.038255984978899e-08,0.0003249558758837269,-0.05705148985909266,Mickey Hatcher,0,0,0,0
1413,4.36452324001923e-08,0.00035832331010507255,-0.05056647722043092,Grady Hatton,0,0,0,0
1414,9.936033829425588e-08,0.0004501007553074376,-0.06807122201126363,Andy Hawkins,0,0,0,0
1416,2.2589123904734233e-07,0.0005500299370201048,-0.09284247446145562,Pink Hawley,0,0,0,0
1418,1.068061169086618e-05,0.006368995308163342,-0.18706167254829967,Frankie Hayes,0,0,0,0
1419,7.873724140080297e-07,0.0007688529045135049,-0.14659227900839783,Jackie Hayes,0,0,0,0
1420,2.9566380191232904e-07,0.0007253153546553311,-0.09248849932891479,Johnny Hayes,0,0,0,0
1421,1.5181187550366922e-07,0.0008701458389328018,-0.060503077307541106,Von Hayes,0,0,0,0
1423,2.3388583049754353e-07,0.0006041083055771801,-0.09014112621763624,Joe Haynes,0,0,0,0
1424,2.1062167093839975e-06,0.0016861193952938777,-0.16182684497086142,Ray Hayworth,0,0,0,0
1426,6.649252029988923e-08,0.0003810178827207318,-0.06052581028096018,Jim Hearn,0,0,0,0
1427,1.126229691895343e-06,0.00098873206325075,-0.15458559367335223,Cliff Heathcote,0,0,0,0
1428,3.37213504801493e-05,0.012935262954289492,-0.2324595081286614,Jeff Heath,0,0,0,0
1429,2.2957214507687608e-07,0.0005618752808192422,-0.09260346482918207,Mike Heath,0,0,0,0
1430,1.0664215849493997e-07,0.00044017703710099717,-0.07131236097970223,Neal Heaton,0,0,0,0
1431,1.3436796491280084e-06,0.0017651147527498,-0.12632445006655751,Richie Hebner,0,0,0,0
1432,2.2170238485505316e-07,0.00046839704027242153,-0.09967494937430993,Danny Heep,0,0,0,0
1433,1.8984305102088584e-07,0.0004546358200544197,-0.09362167985355024,Don Heffner,0,0,0,0
1434,9.887986171532562e-06,0.006262073281104833,-0.18152666647360013,Jim Hegan,0,0,0,0
1435,8.921350636445555e-08,0.00040111311140191437,-0.06832889611889453,Mike Hegan,0,0,0,0
1436,0.0005463581097709235,0.05409278333768999,0.4479225732204675,Harry Heilmann,1,0,1,1
1437,4.5027645881107136e-07,0.0006120859153911151,-0.12425392656003272,Fred Heimach,0,0,0,0
1438,3.8312212654076313e-07,0.0007903787984900362,-0.10085302458192114,Ken Heintzelman,0,0,0,0
1439,1.250695250542959e-07,0.0003890737910788145,-0.08214571358352328,Bob Heise,0,0,0,0
1440,1.2184402373630636e-07,0.00048823474869721587,-0.07237546649944737,Woodie Held,0,0,0,0
1443,6.745562625502159e-07,0.0020365213958075585,-0.0833166063904304,Tommy Helms,0,0,0,0
1446,3.92813576410458e-07,0.0007067544106712507,-0.10799784865527885,Charlie Hemphill,0,0,0,0
1447,9.756605777310314e-05,0.014410819551817645,-0.3743369087331261,Rollie Hemsley,0,0,0,0
1448,9.029164571819809e-08,0.0003808100696764632,-0.07054991783179954,Solly Hemus,0,0,0,0
1449,1.88238502807562e-08,0.0002777488749735762,-0.03772049665225224,Dave Henderson,0,0,0,0
1450,3.436227416243617e-07,0.0007886276832759091,-0.09561879617984227,Ken Henderson,0,0,0,0
1451,2.0102459234082898e-07,0.0005303751736226519,-0.08919231759305853,Rats Henderson,0,0,0,0
1453,5.684831952533869e-07,0.0012304099575867597,-0.09844104147080797,Steve Henderson,0,0,0,0
1454,1.7657951274412124e-07,0.0005242705378033394,-0.08407912906207633,Claude Hendrix,0,0,0,0
1455,1.7072902889019781e-07,0.0004297465937003932,-0.09131955206282807,Elrod Hendricks,0,0,0,0
1456,9.827963037550423e-06,0.006316228151370427,-0.18019245353130076,George Hendrick,0,0,0,0
1457,2.4247558760167547e-07,0.0005117733403565354,-0.0997226175981044,Harvey Hendrick,0,0,0,0
1460,1.1840891291124392e-07,0.0003850617604297676,-0.0803439199798966,Butch Henline,0,0,0,0
1462,0.00021443451308485284,0.01832095445641816,-0.49121056972324434,Tommy Henrich,0,0,1,1
1463,1.4770043746858716e-06,0.0014146515913958935,-0.1479681986479652,Bill Henry,0,0,0,0
1466,4.733730234791761e-07,0.0006280380384492888,-0.1257714320672849,Eggie Hensley,0,0,0,0
1468,2.0926955661866812e-07,0.0006125645126224183,-0.08467470656051691,Ray Herbert,0,0,0,0
1472,3.1520485040620146e-05,0.01242779677723625,-0.22934720432703315,Babe Herman,0,0,0,0
1473,1.8602038539361033e-05,0.012950479880770232,0.17255059347682133,Billy Herman,1,0,0,0
1479,0.016675163247780036,0.18980933454923976,-1.2225863110594102,Keith Hernandez,0,1,1,1
1483,2.6679367908780254e-05,0.012080456420737552,-0.21405064082110267,Willie Hernandez,0,0,0,0
1485,7.016088302450569e-07,0.0014641737502079954,-0.1002403762194413,Larry Herndon,0,0,0,0
1487,7.259166647883808e-07,0.0013396494703836735,-0.10660224382686298,Art Herring,0,0,0,0
1488,1.647771314522852e-08,0.0002107892130656757,-0.040512416418258854,Ed Herrmann,0,0,0,0
1489,2.9319581195784545e-07,0.0009068112063520514,-0.08236317664900088,Tom Herr,0,0,0,0
1490,1.0324854516537912e-07,0.00037869716871681265,-0.07565250973468514,Mike Hershberger,0,0,0,0
1492,2.8462589962681186e-06,0.002348868389771623,-0.15933341467075124,Buck Herzog,0,0,0,0
1493,1.918535867899989e-07,0.0005319782108894152,-0.0870025813467307,Joe Hesketh,0,0,0,0
1494,1.753221478364386e-07,0.00049678260676416,-0.08606705560820144,Otto Hess,0,0,0,0
1495,5.763612318817387e-07,0.0007600499782290256,-0.1261452340439986,Joe Heving,0,0,0,0
1496,5.15689181180144e-05,0.009103183846965075,-0.34333748149491183,Joe Hewitt,0,0,0,0
1497,1.7650919021084133e-06,0.0020131989755208758,-0.13555400609065793,Charlie Hickman,0,0,0,0
1498,4.3741373062511314e-08,0.00029579095549903085,-0.055718468194028564,Jim Hickman,0,0,0,0
1499,2.621826147532378e-07,0.0007376465865947259,-0.08636289399469,Kirby Higbe,0,0,0,0
1501,0.00021570227976323026,0.028076913679155546,-0.39598458566670025,Pinky Higgins,0,0,1,1
1502,5.75136915958077e-07,0.0008559261447109891,-0.11873839705908919,Andy High,0,0,0,0
1503,5.440099643716042e-08,0.00034637825462725856,-0.057419913876297315,Oral Hildebrand,0,0,0,0
1505,3.0550234881107494e-07,0.0008099845881877404,-0.08896160082004768,Carmen Hill,0,0,0,0
1506,1.4184283577955976e-06,0.001804335165006162,-0.1283697167941211,John Hiller,0,0,0,0
1510,3.37245501326055e-07,0.0005552602194754216,-0.1129051736417311,Marc Hill,0,0,0,0
1511,0.0034912761737530286,0.016090796908884424,2.1173394258851985,Pete Hill,1,1,0,1
1512,1.1212377043451597e-06,0.0015788504719257352,-0.12202389387656887,Bill Hinchman,0,0,0,0
1513,6.923986207059065e-05,0.011413299556402186,-0.3548865320428039,Paul Hines,0,0,0,0
1515,1.7479984879729785e-08,0.00020686364210566847,-0.04212046584818892,Chuck Hinton,0,0,0,0
1516,7.990880192763273e-06,0.00384233981937934,-0.20858021496879547,Larry Hisle,0,0,0,0
1518,1.1624970885372138e-07,0.0004299960773393108,-0.07533207756496872,Myril Hoag,0,0,0,0
1519,5.589599720749503e-08,0.0005257450455880757,-0.047238729993556536,Don Hoak,0,0,0,0
1520,1.213158251685338e-06,0.0014675023271562679,-0.1316618879160772,Dick Hoblitzell,0,0,0,0
1522,0.013016840296283185,0.06899052911228133,1.92063459507343,Gil Hodges,1,1,1,1
1523,1.538844069849566e-07,0.0004109100494913812,-0.08866338897301689,Ron Hodges,0,0,0,0
1524,2.079543604514552e-07,0.0006526888824744422,-0.08177090032258306,Billy Hoeft,0,0,0,0
1525,2.7477030062035835e-07,0.0006586655626716652,-0.09356619927212778,Joe Hoerner,0,0,0,0
1527,4.39682914770478e-06,0.0023522417176865735,-0.19789147424651396,Solly Hofman,0,0,0,0
1528,1.44454006257165e-07,0.0005608993231107285,-0.07352078796531047,Shanty Hogan,0,0,0,0
1529,2.9000952897017647e-07,0.0006567901990365045,-0.09626308653967185,Elon Hogsett,0,0,0,0
1532,1.6130652998297423e-07,0.00040163668295182544,-0.09181881935188754,Bill Holbert,0,0,0,0
1533,1.5665651814353936e-07,0.0005260074172345503,-0.07906307420675569,Walter Holke,0,0,0,0
1534,1.9468763652196304e-07,0.0008006268632026302,-0.07143151008965118,Al Holland,0,0,0,0
1535,2.2546437411776095e-05,0.007217063735918643,-0.2552087104975208,Bill Holland,0,0,0,0
1538,1.9334186561606236e-07,0.0004595088386939523,-0.09397792702285203,Al Hollingsworth,0,0,0,0
1539,3.51733060151293e-06,0.002209517058646605,-0.18263635952257762,Bug Holliday,0,0,0,0
1542,6.998182103869422e-06,0.002032414672775731,-0.26862988360457224,Crush Holloway,0,0,0,0
1544,3.3650182042449936e-07,0.0006389828542359955,-0.1051283761508685,Ducky Holmes,0,0,0,0
1545,9.124449960712201e-08,0.0007592981435925523,-0.05021597311341607,Tommy Holmes,0,0,0,0
1547,1.0544106307621463e-06,0.0013939081665755532,-0.1259489524161623,Ken Holtzman,0,0,0,0
1549,1.5478716159879549e-07,0.0004493217629791415,-0.0850356033660838,Don Hood,0,0,0,0
1550,0.00676954538017555,0.02912293654195915,2.176977487602023,Harry Hooper,1,1,1,1
1551,1.1773376254033939e-06,0.002072483159907045,-0.10910989878971555,Burt Hooton,0,0,0,0
1552,5.365602814991352e-07,0.0015735152765018231,-0.08455542417576795,Johnny Hopp,0,0,0,0
1553,2.317420387694024e-07,0.0007901489579501987,-0.07844873171654725,Joe Horlen,0,0,0,0
1554,6.097459711403819e-08,0.0006635860727266186,-0.04391282146742134,Bob Horner,0,0,0,0
1555,2.6706892417279583e-09,0.00025133944750401307,0.01493607250886237,Rogers Hornsby,1,0,0,0
1556,9.371625280763513e-06,0.0029554502673461553,-0.2576692296439861,Joe Hornung,0,0,0,0
1557,1.0975128658278602e-05,0.008106177929059637,-0.16793413589388062,Willie Horton,0,0,0,0
1558,1.985697402624425e-06,0.0026675767780360952,-0.12486125226206392,Bill Hoskins,0,0,0,0
1559,0.00013613559611274669,0.01998209641092149,-0.37444839714837425,Charlie Hough,0,0,1,1
1560,7.602999713203522e-08,0.0003244829706996163,-0.07013514637411689,Frank House,0,0,0,0
1561,1.5314036645265714e-07,0.0005896576095239549,-0.07382890961409017,Art Houtteman,0,0,0,0
1562,0.0028617617789073327,0.09352540551533489,-0.763201833956319,Elston Howard,0,1,1,1
1563,4.1702222550456974e-05,0.012317160704786508,-0.2649980622992011,Frank Howard,0,0,0,0
1566,3.9633140549155514e-08,0.0002533058113526009,-0.05731407698298296,Art Howe,0,0,0,0
1567,5.801669656764294e-07,0.0007113263089877544,-0.1308269426668257,Harry Howell,0,0,0,0
1568,3.5015051394518895e-06,0.0030415198331211367,-0.15524951101977744,Jay Howell,0,0,0,0
1571,3.2042152089402215e-08,0.0002554370928950592,-0.051318390852946726,Roy Howell,0,0,0,0
1574,0.0001607541724259788,0.01729641830676945,-0.4379494183174554,Billy Hoy,0,0,1,1
1575,0.002416036247913416,0.027040809520750466,1.351135292366976,Waite Hoyt,1,1,1,1
1576,1.989128401558389e-06,0.0017842990173505013,-0.1528690042686734,Al Hrabosky,0,0,0,0
1577,8.647776886780306e-07,0.0033853523280661874,-0.07311787839457554,Kent Hrbek,0,0,0,0
1578,6.4465519549484e-08,0.0003968791954864469,-0.05839262858638422,Glenn Hubbard,0,0,0,0
1579,3.1667027782407393e-06,0.0015562561394926327,-0.20655445201681807,Jesse Hubbard,0,0,0,0
1581,5.498000041276205e-06,0.0129553888945428,0.09378970730965079,Carl Hubbell,1,0,0,0
1583,2.708902728323976e-06,0.002015899883786262,-0.16781612312762811,Willis Hudlin,0,0,0,0
1585,1.0978281615877518e-07,0.0004431559293150384,-0.07211112936714534,Sid Hudson,0,0,0,0
1587,2.2892564623058244e-07,0.0005147674220151943,-0.09661388267175396,Robert Hudspeth,0,0,0,0
1589,5.45858910486337e-06,0.004584230280795243,-0.15776799087602483,Miller Huggins,0,0,0,0
1592,7.856958249599752e-05,0.0170239966792817,-0.3086580193723224,Sammy Hughes,0,0,0,0
1593,5.373755798514433e-07,0.0006637843196981801,-0.13034396546272964,Tom Hughes,0,0,0,0
1595,8.394347017922912e-08,0.00044775247854390236,-0.06273167119619624,Tom Hume,0,0,0,0
1596,1.4245174158346985e-06,0.0016950057249395488,-0.13273625677371642,John Hummel,0,0,0,0
1598,1.4679697115725248e-07,0.0005855262030909898,-0.07253837872849841,Randy Hundley,0,0,0,0
1601,0.001667655852660836,0.060414396042924125,0.7380075779684607,Catfish Hunter,1,1,1,1
1603,1.5293633399693587e-07,0.0007581224070548168,-0.06506248281260929,Ron Hunt,0,0,0,0
1604,7.435703240366929e-08,0.000375571686690418,-0.06446777474126747,Clint Hurdle,0,0,0,0
1605,8.017318226031599e-07,0.0018263335942855716,-0.09592619290559137,Bruce Hurst,0,0,0,0
1607,5.2642682620458934e-08,0.00033400084093929345,-0.05752178228011958,Fred Hutchinson,0,0,0,0
1608,3.3330925843584755e-07,0.0006259769646461468,-0.10571051493846488,Tom Hutton,0,0,0,0
1609,3.9371655319621724e-06,0.0021867514526194656,-0.1942345151048457,Cowan Hyde,0,0,0,0
1615,8.280864766428326e-08,0.00035282286341173125,-0.07019279006584703,Dane Iorg,0,0,0,0
1616,0.012755349519497871,0.051135687866860804,2.229440233190636,Monte Irvin,1,1,1,1
1617,1.9453461031920134e-06,0.0011053873561594318,-0.1921368543304472,Arthur Irwin,0,0,0,0
1618,1.1520575309359429e-06,0.001238666448275651,-0.13966912238225732,Charlie Irwin,0,0,0,0
1619,4.364706836152156e-07,0.0007255044245400291,-0.11235943731472199,Frank Isbell,0,0,0,0
1621,7.595326080482446e-08,0.00038816582788041287,-0.06408994572898881,Mike Ivie,0,0,0,0
1624,9.987475334957087e-07,0.0011262365245251742,-0.13638857958471845,Fred Jacklitsch,0,0,0,0
1625,1.4319098745771377e-07,0.00042852559261005675,-0.0837502349757481,Al Jackson,0,0,0,0
1629,2.8482870254810787e-07,0.0006047146597644406,-0.09942484503616254,Dick Jackson,0,0,0,0
1631,2.2765950782784406e-06,0.0018866509261501782,-0.1590364596137817,Grant Jackson,0,0,0,0
1632,0.016093329770055197,0.03589830337793977,-3.0127081649367193,Shoeless Joe Jackson,0,1,1,1
1633,1.9137995151054064e-05,0.006536446308998484,-0.24715135053124776,Larry Jackson,0,0,0,0
1635,1.0893889362365522e-07,0.00042186073043269315,-0.07362493970830608,Randy Jackson,0,0,0,0
1636,0.00018296378153246777,0.04130989266390134,0.29860996799341144,Reggie Jackson,1,0,1,1
1637,6.003056855256412e-08,0.0003174531975037684,-0.06300674988696983,Ron Jackson,0,0,0,0
1638,1.557207446807528e-07,0.00046728039681472955,-0.08363587597844602,Roy Lee Jackson,0,0,0,0
1639,4.2716854699596437e-07,0.0006534433858459058,-0.1171287094371875,Sanford Jackson,0,0,0,0
1640,2.432234648233784e-07,0.000633843394157435,-0.08973951490184295,Sonny Jackson,0,0,0,0
1641,0.00015204212917895003,0.03308936200597499,0.3054503246998933,Travis Jackson,1,0,1,1
1642,4.029819798551596e-06,0.003308499142586756,-0.15966779388023483,Baby Doll Jacobson,0,0,0,0
1643,3.63208214214114e-08,0.00036313869242291294,-0.04582182123511931,Brook Jacoby,0,0,0,0
1647,3.072125182129771e-07,0.0005822586623579278,-0.10523123071151305,Knucks James,0,0,0,0
1648,0.00030048944491774124,0.029514531662922654,-0.45551305502965833,Charlie Jamieson,0,0,1,1
1649,1.7455488850674012e-07,0.0004459707209700135,-0.09064119422379649,Hal Janvrin,0,0,0,0
1651,8.832896562930211e-08,0.00045825003372665135,-0.06360780900163843,Julian Javier,0,0,0,0
1653,3.23195091791585e-07,0.0008680741844173669,-0.08838427899629371,Joey Jay,0,0,0,0
1655,2.0385902243236013e-07,0.00044686760703841226,-0.09785614910444733,Hal Jeffcoat,0,0,0,0
1656,1.5611729278364547e-07,0.00044780703324774027,-0.08554456774655524,Mike Jeffcoat,0,0,0,0
1658,4.813071751808729e-06,0.0021148096858308696,-0.21838633433654284,Harry Jeffries,0,0,0,0
1660,3.267711496137366e-07,0.0005535434149312776,-0.11131031770486666,Jim Jeffries,0,0,0,0
1661,1.578969788948338e-05,0.004807318397562766,-0.2619984372493881,Fats Jenkins,0,0,0,0
1662,0.00083547732636246,0.0563006670739618,0.5422967918738636,Fergie Jenkins,1,0,1,1
1664,0.00335968011954879,0.0659307664930943,0.999779168407569,Hughie Jennings,1,1,1,1
1665,1.8171986652462302e-06,0.0031103992056295783,-0.11059266372931248,Jackie Jensen,0,0,0,0
1668,8.871857493915061e-05,0.02279587446463982,-0.28260604258880867,Sam Jethroe,0,0,1,1
1669,2.9695939079330384e-07,0.0006151117560500469,-0.10065782791431047,Bienvenido Jiménez,0,0,0,0
1671,2.9801982750034157e-08,0.0002642780819826069,-0.04865688016420328,Alex Johnson,0,0,0,0
1672,0.0005716311244316166,0.042225344239987764,-0.5218103056005349,Bob Johnson,0,0,1,1
1673,6.431968602047933e-08,0.00031166359674116885,-0.06582197036060056,Bob Johnson,0,0,0,0
1675,6.207611206241689e-07,0.0007103056964953085,-0.13542378786790818,Chappie Johnson,0,0,0,0
1676,4.7181290527578635e-07,0.0011137716416431656,-0.09426587217159685,Cliff Johnson,0,0,0,0
1677,1.7394649613227535e-07,0.0006902312441732895,-0.07272274261049619,Connie Johnson,0,0,0,0
1678,3.54078916163598e-06,0.0037542092384889162,-0.14047003597992372,Davey Johnson,0,0,0,0
1680,1.2770162487305442e-06,0.0019670635772050253,-0.11664633487352655,Deron Johnson,0,0,0,0
1681,3.9895565224023985e-07,0.0006217610780787354,-0.11604465370848159,Dicta Johnson,0,0,0,0
1682,6.230960087694768e-07,0.0009059892891945884,-0.1201237214186851,Doc Johnston,0,0,0,0
1683,2.441627420801157e-07,0.0005551926226490001,-0.09607422920938496,Ernie Johnson,0,0,0,0
1684,4.3016384757021317e-07,0.0006581526091687883,-0.11711710662703044,George Johnson,0,0,0,0
1685,4.245243085698103e-06,0.0020353616150288736,-0.20907288663960213,Grant Johnson,0,0,0,0
1686,4.008598921086123e-07,0.0006421775160824835,-0.11445609118244275,Hank Johnson,0,0,0,0
1687,1.01244994858125e-06,0.0011235682662988648,-0.13748413306195106,Heavy Johnson,0,0,0,0
1689,3.271081001494623e-06,0.0027043055313074995,-0.15916200100762976,Jay Johnstone,0,0,0,0
1691,1.0803783281229266e-07,0.0004300504098888606,-0.07261803483147651,Jerry Johnson,0,0,0,0
1692,7.156668828006709e-07,0.0012849484117693918,-0.10807943344110398,Jimmy Johnston,0,0,0,0
1694,0.0020862747580043597,0.00540149461881016,2.8402876562393202,Judy Johnson,1,1,0,1
1695,4.297983493905465e-07,0.0006231374874788442,-0.12031360081664356,Ken Johnson,0,0,0,0
1701,3.756975434779446e-07,0.0008119985513922823,-0.09853143389340444,Roy Johnson,0,0,0,0
1702,4.567116285063545e-06,0.002308852705626167,-0.20357789880251903,Si Johnson,0,0,0,0
1703,1.095003821325974e-05,0.0032947787569829316,-0.2637471058946792,Syl Johnson,0,0,0,0
1704,1.9203942192603487e-09,0.0002762414284300951,0.012080932101751722,Walter Johnson,1,0,0,0
1705,1.1018917791295172e-06,0.0008827636257796238,-0.16183227135618522,Wade Johnston,0,0,0,0
1706,0.013743930773193741,0.08480713065509271,-1.7648396644295086,Tommy John,0,1,1,1
1710,1.275626182755048e-05,0.0037428828397897645,-0.26702625305667343,Charley Jones,0,0,0,0
1712,2.642408889663444e-07,0.0007444376267690435,-0.08630456888828891,Cleon Jones,0,0,0,0
1713,4.651462344568157e-06,0.0023118300043678767,-0.20531650622140724,Davy Jones,0,0,0,0
1715,3.257170162385673e-05,0.008689361508412166,-0.2793449482129994,Fielder Jones,0,0,0,0
1716,2.1684997938045998e-07,0.0004937172794767705,-0.09601585211618108,Gordon Jones,0,0,0,0
1718,4.830022077935581e-07,0.0007544612588756495,-0.11590491220735728,Johnny Jones,0,0,0,0
1719,9.532041896961803e-08,0.0003757680624340137,-0.07297281057601238,Mack Jones,0,0,0,0
1721,8.871438748525709e-06,0.0073615516023803045,-0.15849572131266731,Randy Jones,0,0,0,0
1722,2.161460519161434e-07,0.0005614804536241893,-0.08988640718103517,Ruppert Jones,0,0,0,0
1723,8.322675475956658e-05,0.010312948183412215,-0.40954219538584236,Sad Sam Jones,0,0,0,0
1724,4.072230261979966e-06,0.0023627044129959263,-0.1900235611762356,Sam Jones,0,0,0,0
1726,1.7293057484259528e-07,0.0006916402518059285,-0.07243611842416761,Willie Jones,0,0,0,0
1727,2.0895547949616035e-06,0.003291025570571251,-0.11528029668253734,Eddie Joost,0,0,0,0
1729,7.251176520393095e-08,0.00034061150289950415,-0.06685136132487575,Buck Jordan,0,0,0,0
1730,2.2694193207018328e-07,0.000507651967701667,-0.09686652523945079,Arndt Jorgens,0,0,0,0
1731,2.5112725371854386e-06,0.0023796231887267174,-0.14869115345269895,Mike Jorgensen,0,0,0,0
1733,2.6480682413430814e-06,0.001270282903728145,-0.20909709223128228,Newt Joseph,0,0,0,0
1734,8.311360656207726e-08,0.00035698603902979226,-0.06991052491729609,Von Joshua,0,0,0,0
1735,0.005438810723500609,0.000599647968905104,13.796953020261855,Addie Joss,1,1,0,1
1738,0.003244234527824336,0.0404781953475352,-1.2708158463310593,Joe Judge,0,1,1,1
1739,2.016132867420554e-07,0.00048563445208751893,-0.0933488555410516,José Junco,0,0,0,0
1740,6.423175015061342e-06,0.004835411764901358,-0.16661544241001358,Billy Jurges,0,0,0,0
1742,0.01954980662511446,0.3316899762494633,0.909502075020329,Jim Kaat,1,1,1,1
1743,2.391199525799024e-07,0.0005541695567911716,-0.09516469356016712,Mike Kahoe,0,0,0,0
1744,3.6809745098864466e-08,0.0009893722705317358,0.027938059603082238,Al Kaline,1,0,0,0
1746,0.00039804545444126714,0.021071505321888954,-0.6231659075672263,Willie Kamm,0,0,1,1
1751,6.167138437424266e-09,0.00013103436921163957,-0.031436227949284544,Eddie Kasko,0,0,0,0
1752,4.073743926981655e-07,0.0006476214386374593,-0.11489608405279551,Tony Kaufmann,0,0,0,0
1755,0.003733028603732919,0.0016457612970487826,6.89603118561933,Tim Keefe,1,1,0,1
1756,0.008426289021496778,0.034729293686541554,2.2177082439561486,Willie Keeler,1,1,1,1
1757,9.087726462198454e-07,0.0012007413848274008,-0.1259945142671161,Jim Keenan,0,0,0,0
1758,0.0001024412078558165,0.01541241214560141,-0.37071389450886677,Charlie Keller,0,0,0,0
1759,0.0006502723001981633,0.03355910357757979,0.6271042566348708,Joe Kelley,1,0,1,1
1760,1.7393737953902445e-07,0.00044684462425283183,-0.09039216477085205,Mick Kelleher,0,0,0,0
1762,0.0007995870897692059,0.0677513579333628,0.48067264994332165,George Kell,1,0,1,1
1763,8.332813486102646e-08,0.0004306354296915527,-0.063731929585014,Alex Kellner,0,0,0,0
1764,0.003984805029562197,0.03755184033589397,1.4644894457300925,George Kelly,1,1,1,1
1765,0.002676044819018913,0.03248050974828629,1.293822745460705,King Kelly,1,1,1,1
1766,2.698574422864043e-07,0.0006559958988674458,-0.09291456343634487,Pat Kelly,0,0,0,0
1768,5.711717983218086e-05,0.014746559588449663,-0.28308812395809585,Ken Keltner,0,0,0,0
1770,2.8457231132854308e-08,0.0003013378427191368,-0.0445260004179482,Steve Kemp,0,0,0,0
1771,9.239859382500274e-08,0.0003603745801016769,-0.07336467283867523,Fred Kendall,0,0,0,0
1775,2.6407506859111763e-07,0.0006011798879458381,-0.09601532197835522,Dan Kennard,0,0,0,0
1777,5.851854067288741e-07,0.0010216223937451543,-0.1096198574783898,Bob Kennedy,0,0,0,0
1778,4.354182766146002e-07,0.0006314232398623585,-0.12029997535484858,Brickyard Kennedy,0,0,0,0
1779,1.902916111559733e-07,0.0004222038024432664,-0.09726726380763048,John Kennedy,0,0,0,0
1780,1.1273873394101911e-07,0.0006002487058276207,-0.06278417998734909,Terry Kennedy,0,0,0,0
1781,6.06694591290146e-07,0.0012617875686680537,-0.10042166554552134,Vern Kennedy,0,0,0,0
1783,3.972556443122842e-07,0.000630483885090062,-0.11499282393009702,Harry Kenyon,0,0,0,0
1784,1.785978760701469e-07,0.00044729574537482274,-0.09154892687158002,Marty Keough,0,0,0,0
1785,8.499121782608862e-06,0.005519198257255719,-0.17933162253624668,Jim Kern,0,0,0,0
1786,0.0001511244834478327,0.022670520964840863,-0.3698850779714773,Don Kessinger,0,0,1,1
1789,1.7638181984633356e-06,0.0019410581364229943,-0.1380051776231449,Bill Killefer,0,0,0,0
1790,2.934031368504842e-07,0.000610259230406976,-0.10045054298000998,Frank Killen,0,0,0,0
1791,1.7625267247969775e-05,0.016022291060824922,0.15076753154277836,Harmon Killebrew,1,0,0,0
1792,3.5580280951526906e-07,0.0006457341994060584,-0.10753434029793969,Matt Kilroy,0,0,0,0
1793,0.0006300606756382143,0.04466524379259849,-0.5319781187736214,Henry Kimbro,0,0,1,1
1794,1.3684582234375061e-06,0.0017448771314751174,-0.12822236047100952,Ellis Kinder,0,0,0,0
1795,3.0682959937134266e-07,0.0005787485660457658,-0.10548424525906705,Bill Kindle,0,0,0,0
1796,0.007766604873454849,0.055698076379756635,1.662878782005788,Ralph Kiner,1,1,1,1
1799,1.1395625098349958e-07,0.0003931787289079696,-0.07800066804507876,Jim King,0,0,0,0
1800,1.993903007368085e-06,0.005373007585598042,-0.08804061248993063,Dave Kingman,0,0,0,0
1802,4.5815248339493215e-07,0.0007207916864851185,-0.11549234806568139,Silver King,0,0,0,0
1804,5.043070249093358e-07,0.0007932180389807261,-0.11550174663666388,Tom Kinslow,0,0,0,0
1807,1.0220097571382388e-06,0.0009726895247616448,-0.14847000711069322,Ed Kirkpatrick,0,0,0,0
1808,1.1956170446630428e-06,0.0009662008657610418,-0.16112468295023497,Bruce Kison,0,0,0,0
1809,2.0786808894263961e-07,0.0005228334036662123,-0.09134995424201361,Frank Kitson,0,0,0,0
1810,1.0731707152067461e-07,0.000921919424107903,-0.0494193793264096,Ron Kittle,0,0,0,0
1811,1.8761319589288108e-06,0.0010605729322764146,-0.19263741682689392,Malachi Kittridge,0,0,0,0
1812,1.7130073206521065e-07,0.0005007487602733292,-0.08473650591264979,Billy Klaus,0,0,0,0
1813,0.014128318803253315,0.11037643752426668,1.5463928840814607,Chuck Klein,1,1,1,1
1815,2.385203090742963e-07,0.0004775382393632612,-0.10239164757761147,Lou Klimchock,0,0,0,0
1816,2.50345781692982e-06,0.001979841105285865,-0.16279245580812327,Ron Kline,0,0,0,0
1818,1.667618681934074e-05,0.004942916476247691,-0.26551580944101766,Johnny Kling,0,0,0,0
1819,5.933154508794207e-06,0.0023308457737087904,-0.2309345858741097,Johnny Klippstein,0,0,0,0
1820,1.4066841687488694e-05,0.008557000417275749,-0.1850039691375176,Ted Kluszewski,0,0,0,0
1821,2.2381807950874463e-06,0.002177563655738801,-0.14675686728432527,Otto Knabe,0,0,0,0
1822,2.455166213359383e-06,0.0026405264283094125,-0.1395502748440431,Bob Knepper,0,0,0,0
1823,1.643162889052062e-07,0.0005748208841833775,-0.0774566715082303,Bill Knickerbocker,0,0,0,0
1824,1.1252304331988523e-07,0.0007875893578299772,-0.054753183128802146,Ray Knight,0,0,0,0
1827,2.5731568385612785e-07,0.0005451836353355058,-0.09952975920521638,Jack Knott,0,0,0,0
1828,1.0290634987329086e-06,0.0010511951204078501,-0.14330478173745229,Darold Knowles,0,0,0,0
1829,2.642459715525689e-07,0.0005496620957562538,-0.10044921562381258,Mark Koenig,0,0,0,0
1830,1.3076689329629096e-07,0.0004211626001182327,-0.08073134309701806,Don Kolloway,0,0,0,0
1831,2.9590737492288206e-07,0.0005351789478657634,-0.10772631087711301,Ray Kolp,0,0,0,0
1833,0.00019547092593246183,0.028189264835354357,-0.376183466113676,Ed Konetchy,0,0,1,1
1834,2.652560497138161e-06,0.0039291708747681035,-0.11883296926078692,Jim Konstanty,0,0,0,0
1835,1.618153980830125e-07,0.0004734318301424704,-0.08470089802817252,Cal Koonce,0,0,0,0
1836,0.0001921748701020894,0.019952709853520992,-0.44522599990577316,Jerry Koosman,0,0,1,1
1837,1.53998497557246e-07,0.00042699489442609535,-0.08700892592891019,Larry Kopf,0,0,0,0
1838,6.781655716154787e-08,0.0003287023930151054,-0.06581194028857433,Andy Kosco,0,0,0,0
1839,3.7339634759789767e-07,0.0006277808730579412,-0.1117260067200995,Dave Koslo,0,0,0,0
1842,0.005801330592063482,0.20568289926534858,0.6859166076318055,Sandy Koufax,1,1,1,1
1843,1.8639230063683224e-07,0.000688483232892565,-0.07537501195783432,Jack Kramer,0,0,0,0
1844,1.8396858302709248e-07,0.0008271414392493734,-0.06831434420375246,Ed Kranepool,0,0,0,0
1846,3.0831400183453836e-07,0.0005505449412519881,-0.10841523139395265,Lew Krausse,0,0,0,0
1847,3.054774998399029e-07,0.0009626472546133441,-0.08159368282233988,Mike Kreevich,0,0,0,0
1848,3.0447786032047457e-06,0.0022657203830137515,-0.1677999387174142,Ray Kremer,0,0,0,0
1849,8.134451690267583e-06,0.004262887168929466,-0.19975341729328924,Red Kress,0,0,0,0
1850,1.4666197769598475e-07,0.00043779262836132754,-0.08385695866985161,Lou Kretlow,0,0,0,0
1854,2.569550780958847e-07,0.0005911077120698932,-0.09551609123051134,Mike Krukow,0,0,0,0
1856,1.0972290639060489e-07,0.00038695493046718194,-0.07715144490325666,Ted Kubiak,0,0,0,0
1857,4.202284164986845e-06,0.0036838711220604026,-0.15448941266162503,Bill Kuehne,0,0,0,0
1858,7.79431481125533e-05,0.02659643288919594,-0.24475602368747687,Harvey Kuenn,0,0,1,1
1859,0.00010049859353095557,0.015356569587612175,-0.36785954308479624,Joe Kuhel,0,0,0,0
1860,7.995606378826683e-08,0.0003893969453720548,-0.06565298960889195,Duane Kuiper,0,0,0,0
1861,2.028229231965233e-07,0.0005583288751046039,-0.08731761168697459,Bob Kuzava,0,0,0,0
1862,6.178136806541763e-08,0.00042218206994921293,-0.055423866556638966,Chet Laabs,0,0,0,0
1863,3.312462777843219e-07,0.0007597845040348579,-0.09564777837536835,Clem Labine,0,0,0,0
1864,3.458293724995225e-06,0.001879274680387504,-0.19639796848884017,George LaChance,0,0,0,0
1866,1.8050278092646755e-07,0.0005026126235670611,-0.08682118949028585,Obie Lackey,0,0,0,0
1867,1.559871679600974e-07,0.0004675456657824833,-0.0836836311000888,Frank LaCorte,0,0,0,0
1868,3.14411833656097e-07,0.0005841151378788693,-0.10628769338401238,Mike LaCoss,0,0,0,0
1869,6.468157139367052e-07,0.0010799797463449765,-0.11208757714674496,Lee Lacy,0,0,0,0
1870,1.499993862150877e-07,0.00044344345074745636,-0.08426339478314442,Lerrin LaGrow,0,0,0,0
1871,1.2592908778770468e-07,0.00038895976565181883,-0.08243959663623172,Joe Lahoud,0,0,0,0
1873,0.0008150368640609643,0.038717732762034794,0.6518816858819548,Nap Lajoie,1,0,1,1
1874,9.430254471727301e-08,0.00042030368085558574,-0.06862754603331084,Eddie Lake,0,0,0,0
1876,1.1646319267899455e-07,0.0003803026627245065,-0.08017827579328637,Steve Lake,0,0,0,0
1878,8.038444465570348e-07,0.0011158908647489045,-0.12292560267115078,Dennis Lamp,0,0,0,0
1880,3.897489443331358e-07,0.0015122575115795204,-0.07351240223711784,Jim Landis,0,0,0,0
1881,3.2781612851193344e-07,0.0005424244360386022,-0.11262566411391325,Hobie Landrith,0,0,0,0
1882,4.643007675736863e-08,0.0002995952051959402,-0.057039650120876285,Ken Landreaux,0,0,0,0
1884,1.6519110239801667e-07,0.0005512746294155615,-0.07930475528249242,Rick Langford,0,0,0,0
1886,4.7546360805839885e-08,0.00028922277598508397,-0.05874747837873015,Hal Lanier,0,0,0,0
1887,1.9059352845696406e-07,0.0007040934093181078,-0.07536950051174778,Max Lanier,0,0,0,0
1889,1.9107481404873856e-07,0.0004625618335129865,-0.09311636307068687,Johnny Lanning,0,0,0,0
1890,8.6632258832044e-07,0.0024075237484765615,-0.08682419374633302,Carney Lansford,0,0,0,0
1891,3.099530639736225e-07,0.0006419369198544663,-0.10066349332753238,Dave LaPoint,0,0,0,0
1892,1.0436845855457308e-06,0.0013671160083664703,-0.1265302974731282,Frank LaPorte,0,0,0,0
1894,4.4499705172228704e-05,0.009250728021079147,-0.31636041665765735,Henry Larkin,0,0,0,0
1896,1.8244118125032445e-07,0.0005583648979707279,-0.08281151877631887,Dave LaRoche,0,0,0,0
1897,8.14067623549649e-07,0.001571778446097848,-0.10420838092344505,Don Larsen,0,0,0,0
1899,6.139469097516587e-06,0.0042226801276283475,-0.17436611016733675,Frank Lary,0,0,0,0
1900,4.71296789928864e-06,0.0027105138085748654,-0.19082782328358272,Lyn Lary,0,0,0,0
1901,0.0032616230618560432,0.11338191600884129,-0.7318514349478193,Arlie Latham,0,1,1,1
1902,7.646841536185534e-08,0.0003898148697435052,-0.06417070758539678,Barry Latman,0,0,0,0
1903,1.3658551071743e-07,0.0003943161066997646,-0.08527153142267778,Charlie Lau,0,0,0,0
1904,7.602496801863936e-07,0.0015019609782413372,-0.10302249270952982,Cookie Lavagetto,0,0,0,0
1906,2.696881504096142e-07,0.0005860145492046226,-0.09827862953429224,Doc Lavan,0,0,0,0
1908,3.350023947556304e-07,0.0006249218080337182,-0.1060681564172891,Gary Lavelle,0,0,0,0
1910,3.9031745100156355e-08,0.00026578913632319454,-0.05552547670648687,Vance Law,0,0,0,0
1911,2.8995355308387732e-05,0.01252202367504246,-0.21912923054408195,Vern Law,0,0,0,0
1912,0.003027305078622664,0.06413113639205606,0.9631873575547187,Tony Lazzeri,1,1,1,1
1913,1.2068172647951044e-07,0.00045259153930748747,-0.07481331310519994,Freddy Leach,0,0,0,0
1914,8.065395871848058e-08,0.00034087659876629733,-0.07047739848759979,Rick Leach,0,0,0,0
1915,2.2634865098796397e-07,0.0005028075456536805,-0.0972049762773211,Terry Leach,0,0,0,0
1916,0.003973525081673461,0.0496159683481347,-1.2642601707636145,Tommy Leach,0,1,1,1
1919,9.856858042180457e-07,0.0017635019013247303,-0.10824495259598761,Tim Leary,0,0,0,0
1922,4.063932507223619e-06,0.0027697436206365134,-0.1752914884159147,Bill Lee,0,0,0,0
1923,9.937353454371592e-08,0.00044144433300986056,-0.06874025888038299,Bill Lee,0,0,0,0
1928,3.7277856768210957e-07,0.0005964994257933992,-0.11452506137844473,Script Lee,0,0,0,0
1929,1.3361041351470303e-05,0.005838789681274195,-0.21857314059591076,Thornton Lee,0,0,0,0
1930,6.288847542590576e-07,0.0007220980796241149,-0.13518864880636447,Sam Leever,0,0,0,0
1931,2.980475729215178e-07,0.0005567367555999675,-0.10600017140460466,Craig Lefferts,0,0,0,0
1932,1.2506963358589898e-06,0.0020708031861563893,-0.11250350124531906,Hank Leiber,0,0,0,0
1933,8.125131375108504e-07,0.0010275646489420753,-0.12879441127382565,Nemo Leibold,0,0,0,0
1934,1.238655776006028e-06,0.0013287255989801237,-0.13982299209498641,Charlie Leibrandt,0,0,0,0
1935,4.6658674808338114e-07,0.0007480301264612488,-0.1144073191887251,Lefty Leifield,0,0,0,0
1938,6.762283674743172e-08,0.00036817906415361796,-0.06209359882818181,Denny Lemaster,0,0,0,0
1939,1.3555329748164304e-07,0.00039194970824727316,-0.0852048645709094,Johnnie LeMaster,0,0,0,0
1941,0.0035319153251118945,0.07119315958010784,0.9836902295196247,Bob Lemon,1,1,1,1
1942,5.674296358094671e-07,0.0014415326820675443,-0.09085318512734047,Chet Lemon,0,0,0,0
1943,2.9106006598892235e-08,0.0002704561011115684,-0.0475328473888796,Jim Lemon,0,0,0,0
1944,0.0007531684001686209,0.08182423730887309,0.42128657699175054,Buck Leonard,1,0,1,1
1945,7.196110458977606e-07,0.0010969097389208788,-0.11730993389184036,Dennis Leonard,0,0,0,0
1946,5.206504617924616e-07,0.0008308853035784941,-0.11466522780279031,Dutch Leonard,0,0,0,0
1947,0.00013633258502315993,0.02421985141117553,-0.3396250647096878,Dutch Leonard,0,0,1,1
1948,6.820350836832884e-07,0.0015745670544567284,-0.09529941671123902,Jeffrey Leonard,0,0,0,0
1949,5.571884925975322e-08,0.00030060891963088593,-0.06237987483761591,Ted Lepcio,0,0,0,0
1950,1.961049818046466e-07,0.0004662072221348829,-0.0939643692651258,Randy Lerch,0,0,0,0
1952,1.615046756759978e-07,0.00048267439148619827,-0.08380505815289922,Sam Leslie,0,0,0,0
1955,2.378741549860992e-07,0.0005229437528119584,-0.09771071731333326,Oscar Levis,0,0,0,0
1956,4.475959900595167e-07,0.0011774412438130993,-0.08929503050647149,Buddy Lewis,0,0,0,0
1959,6.190063416201978e-07,0.001093863289084342,-0.10895270409651783,Duffy Lewis,0,0,0,0
1960,5.083562444613138e-07,0.0006322228524074429,-0.12990363533008822,Joe Lewis,0,0,0,0
1963,6.999402397076301e-08,0.000385498303243636,-0.06173694953072206,Sixto Lezcano,0,0,0,0
1967,4.997859172412726e-08,0.0002870372918160183,-0.06046028004415389,Bob Lillis,0,0,0,0
1972,3.2241152099680843e-07,0.0006677347166423299,-0.10066254358279321,Paul Lindblad,0,0,0,0
1973,7.76176814248319e-08,0.0004217385913362374,-0.06215509146189795,Johnny Lindell,0,0,0,0
1974,0.010013156505348389,0.017556159741031644,3.4303169921727816,Freddie Lindstrom,1,1,1,1
1976,3.6906704231324525e-07,0.0007031560485886985,-0.10495029870928464,Frank Linzy,0,0,0,0
1979,9.366416934141317e-09,0.00015650440274532284,-0.0354486028972381,Danny Litwhiler,0,0,0,0
1980,1.0864331702682575e-07,0.0004006002485454674,-0.07545161531578737,Mickey Livingston,0,0,0,0
1982,0.0039936756191368316,0.06596919457241504,1.0896977395138907,John Henry Lloyd,1,1,1,1
1985,1.450723167750622e-05,0.0039321479602284085,-0.2777994981579804,Hans Lobert,0,0,0,0
1986,1.5024172216845699e-07,0.0004429720127542057,-0.08437631773329704,Bob Locker,0,0,0,0
1987,2.526998909456071e-06,0.002241837482160647,-0.1536819124315555,Lester Lockett,0,0,0,0
1989,4.5469780896216424e-08,0.0004732318390336853,-0.04490878595256317,Whitey Lockman,0,0,0,0
1990,5.238754486209419e-07,0.0007306889068213243,-0.12265879338774502,Skip Lockwood,0,0,0,0
1992,9.64936372833603e-08,0.0003663372051061442,-0.07435991906978068,Billy Loes,0,0,0,0
1995,1.3549162951234655e-07,0.0009769874621001976,-0.053939775096325894,Johnny Logan,0,0,0,0
1997,5.947871929260159e-05,0.013991377697240886,-0.296688400879118,Mickey Lolich,0,0,0,0
1998,0.00020929984160871303,0.0293012323189735,-0.38158684431014944,Sherm Lollar,0,0,1,1
1999,0.01853565133429032,0.03560923131729012,3.246824362392931,Ernie Lombardi,1,1,1,1
2000,5.17748856338564e-06,0.005717048445128768,-0.13751126641615843,Jim Lonborg,0,0,0,0
2002,1.117012618987123e-08,0.0002013556132034152,-0.03412817683169968,Dale Long,0,0,0,0
2003,0.0006018671248229122,0.03022911543502733,-0.6367688490286727,Herman Long,0,0,1,1
2004,3.694091300437192e-07,0.000583203628264775,-0.11529930069307288,Red Longley,0,0,0,0
2006,1.0405323825598216e-07,0.0006700104047231568,-0.057088828940737545,Eddie Lopat,0,0,0,0
2007,8.81885913290773e-08,0.00038789238466456347,-0.0690837616846685,Stan Lopata,0,0,0,0
2008,5.552347120979397e-05,0.014137768566731818,-0.28514491591429253,Davey Lopes,0,0,0,0
2009,0.0002387281345655351,0.025423830068662622,-0.4383781050438857,Al Lopez,0,0,1,1
2011,6.068073374645803e-08,0.00037528901811387087,-0.058260019125517516,Aurelio Lopez,0,0,0,0
2013,1.2710757549957434e-07,0.00047754349938908985,-0.07474552110376483,Hector Lopez,0,0,0,0
2019,0.000340979746926867,0.01687419440765587,-0.6459024965402747,Bobby Lowe,0,0,0,0
2023,8.038768317639159e-07,0.0011370761759184967,-0.12177624262911771,John Lowenstein,0,0,0,0
2024,2.0759696964047782e-07,0.0004817477936419289,-0.09510550361537522,Turk Lown,0,0,0,0
2025,1.0845241322367256e-07,0.0005753676983633441,-0.06289723350312681,Peanuts Lowrey,0,0,0,0
2026,0.0001300024263021018,0.012045107739505935,-0.47320419919100365,Red Lucas,0,0,0,0
2028,2.0980866593428269e-07,0.0006528645282555446,-0.08212360548665469,Fred Luderus,0,0,0,0
2031,4.939162056088274e-07,0.0007145121207222002,-0.12044153317165801,Mike Lum,0,0,0,0
2032,2.508378919547971e-08,0.00027016000125227197,-0.04415064181503172,Jerry Lumpe,0,0,0,0
2033,0.00011741655315137859,0.013660002734357853,-0.4219512134275012,Dick Lundy,0,0,0,0
2034,0.00021168532351483626,0.016591449367934014,-0.5133101462685602,Dolf Luque,0,0,0,0
2035,1.8543402595416726e-05,0.01162701341059814,-0.18194105468241306,Greg Luzinski,0,0,0,0
2036,4.727225559003632e-05,0.010994355723766294,-0.2988321385052871,Sparky Lyle,0,0,0,0
2037,1.8454443807996644e-07,0.0005222597874233478,-0.08611987623005098,Jerry Lynch,0,0,0,0
2038,0.0055472161179584666,0.12024434122436015,-0.9232002242114898,Fred Lynn,0,1,1,1
2040,4.504348535927756e-05,0.007974589026914437,-0.3430306168708442,Denny Lyons,0,0,0,0
2041,2.6079003804113507e-06,0.0012400606938156467,-0.210021730418411,Jimmie Lyons,0,0,0,0
2042,0.0012988869398954871,0.07406953638152518,0.5839352538792799,Ted Lyons,1,0,1,1
2045,1.8488913133715813e-05,0.0041129203591996535,-0.30661629908198723,Danny MacFayden,0,0,0,0
2047,5.668025622779403e-07,0.0007586719095683348,-0.12520847950097322,Connie Mack,0,0,0,0
2048,0.001702600686284232,0.059155245575720335,0.7540990654301264,Biz Mackey,1,1,1,1
2049,5.114470611488642e-08,0.00030827918208430353,-0.05901615889640213,Elliott Maddox,0,0,0,0
2050,1.8732669579587644e-06,0.004731576522998426,-0.09096548982629857,Garry Maddox,0,0,0,0
2053,2.6585645738209795e-06,0.004055014965740257,-0.11709940757233978,Bill Madlock,0,0,0,0
2056,0.0020322038944149434,0.03641106078248439,-1.0627289814497185,Sherry Magee,0,1,1,1
2057,2.74659343165497e-06,0.0037674722532583986,-0.12349863671901438,Sal Maglie,0,0,0,0
2059,2.5013123055060063e-07,0.0005332295619357802,-0.09922490180037738,José Magriñat,0,0,0,0
2061,3.1202405251241067e-07,0.0006893944359345196,-0.09745857235536667,Rick Mahler,0,0,0,0
2064,2.199895737943593e-07,0.0006320536655811418,-0.08546659997695592,Hank Majeski,0,0,0,0
2065,1.540234953502885e-05,0.0041870730649028465,-0.2773554760510926,Dave Malarcher,0,0,0,0
2067,1.0608776751369817e-07,0.0005252780666394537,-0.06510788330629037,Jim Maloney,0,0,0,0
2068,2.611278769943097e-06,0.0023487174698370666,-0.15261958203593515,Pat Malone,0,0,0,0
2069,1.736501462282421e-05,0.00931916448531052,-0.19689088737746296,Frank Malzone,0,0,0,0
2070,1.2260720951828392e-06,0.0015797883281414063,-0.12756304663916762,Al Mamaux,0,0,0,0
2071,5.2113615920070314e-06,0.003955212408558301,-0.16601211367683813,Gus Mancuso,0,0,0,0
2072,4.5226977292600726e-07,0.0006235662861973067,-0.12337627893795687,Clyde Manion,0,0,0,0
2073,7.462177180072572e-07,0.0008106753074398475,-0.13897697224648328,Jack Manning,0,0,0,0
2074,2.10742453965782e-07,0.0007121280461031711,-0.07880466496371732,Rick Manning,0,0,0,0
2075,1.3225934582470332e-05,0.004735635194468879,-0.24160334345681378,Les Mann,0,0,0,0
2077,1.4590929453999138e-08,0.0001949909644533346,-0.03963706936071641,Felix Mantilla,0,0,0,0
2078,3.992347827821602e-08,0.0015587414865915314,0.023173842203499096,Mickey Mantle,1,0,0,0
2079,0.0010840449501567523,0.049400650187444106,0.661859362558398,Heinie Manush,1,0,1,1
2082,3.6531746786576074e-06,0.0064083787918302795,0.10906232198253726,Rabbit Maranville,1,0,0,0
2083,8.583950443007157e-07,0.0009726332606626141,-0.13607156581930385,Firpo Marberry,0,0,0,0
2084,8.457575835935954e-07,0.0008010179509166839,-0.14884610164878084,Oliver Marcell,0,0,0,0
2085,0.0008204095323858655,0.06183882498449761,0.5112497514691735,Juan Marichal,1,0,1,1
2086,0.001032272789279552,0.06967548523918661,-0.5380022831228765,Marty Marion,0,0,1,1
2087,0.00010648054961105744,0.03154118061396035,-0.26202721204542345,Roger Maris,0,0,1,1
2090,0.002311793946246205,0.005117819683658317,3.0720447969969067,Rube Marquard,1,1,0,1
2092,4.13138439544594e-07,0.0009363395933977049,-0.09621379320639337,Armando Marsans,0,0,0,0
2093,2.4278015265175985e-07,0.0005675316423859976,-0.09475408111025907,Jack Marshall,0,0,0,0
2094,0.00010994685047515452,0.022731898219094764,-0.3150576681207549,Mike Marshall,0,0,1,1
2095,5.284536800881686e-09,0.0001473657196615069,-0.02743992206783956,Mike Marshall,0,0,0,0
2096,2.512579422241171e-07,0.0006381416708544896,-0.09090177826481229,Willard Marshall,0,0,0,0
2099,1.7022823187069115e-08,0.00018644838928488715,-0.04378301179695461,Billy Martin,0,0,0,0
2100,1.3788487078712759e-06,0.0012110151842350955,-0.15453613043380318,Buck Martinez,0,0,0,0
2104,3.767026443789379e-07,0.0005635268534946434,-0.1184484197189825,J. C. Martin,0,0,0,0
2105,9.754489760101215e-08,0.000369532834413719,-0.07443979209186431,Jerry Martin,0,0,0,0
2106,1.4726793735906018e-07,0.00043736089871283725,-0.08407149692961799,Morrie Martin,0,0,0,0
2107,8.998778373836474e-05,0.012510754191617724,-0.3862120919655664,Pepper Martin,0,0,0,0
2111,6.8227278746110504e-06,0.005241364316520378,-0.16490178525239751,Rabbit Martínez,0,0,0,0
2113,1.2085373713699154e-07,0.0005148012913997798,-0.07019530402140245,Tippy Martinez,0,0,0,0
2118,2.169590010200358e-06,0.0019099353531036364,-0.15430287430623493,Phil Masi,0,0,0,0
2119,1.2388642788877885e-06,0.0013505894443680063,-0.13869677477236186,Walt Masterson,0,0,0,0
2120,2.188577179363682e-06,0.0013722786659552877,-0.18288211414449915,Bobby Mathews,0,0,0,0
2121,0.00011051292811742114,0.027004162741090496,0.2891720562451295,Christy Mathewson,1,0,1,1
2122,0.001530833490597575,0.09467118856849936,0.5544570128436594,Eddie Mathews,1,0,1,1
2125,1.4105463086698365e-05,0.00882494604490353,-0.18239900877855833,Jon Matlack,0,0,0,0
2126,2.4356630873515986e-07,0.0007344521368409237,-0.08342130171902833,Leroy Matlock,0,0,0,0
2128,2.367003449309549e-06,0.0052794726712870905,-0.0967752629069144,Gary Matthews,0,0,0,0
2132,4.830348810461543e-06,0.0019929323913717074,-0.225382099161435,Al Maul,0,0,0,0
2133,3.477176325993956e-07,0.0006625813898599745,-0.1049444467216255,Dal Maxvill,0,0,0,0
2134,1.865248918701482e-07,0.000701182271351248,-0.07471542465596497,Charlie Maxwell,0,0,0,0
2135,2.17333486603221e-06,0.002647541832215948,-0.13112209718595147,John Mayberry,0,0,0,0
2137,5.457188086538088e-08,0.00039332458703437626,-0.0539676037019677,Carlos May,0,0,0,0
2138,3.098829991229475e-08,0.0002655110720157375,-0.04950049500144684,Dave May,0,0,0,0
2140,1.392598516762625e-07,0.0004978590761879095,-0.07662337220081256,Lee Maye,0,0,0,0
2141,8.665111941436621e-07,0.0010147948837258784,-0.13384037040474855,Jakie May,0,0,0,0
2142,7.25410404578491e-08,0.0003298980032515504,-0.06794226889941571,Jerry May,0,0,0,0
2143,1.95600893641914e-06,0.0035653375181630338,-0.10714432011951268,Lee May,0,0,0,0
2144,8.061353259839051e-08,0.00042671860565430956,-0.06297238669779026,Milt May,0,0,0,0
2146,2.686036633643341e-06,0.0017056381627662516,-0.1816985535378862,Rudy May,0,0,0,0
2147,1.3489315174161029e-05,0.003890697718191551,-0.26930495931764703,Carl Mays,0,0,0,0
2148,1.728693611048538e-13,4.223427313139435e-06,0.00092711846709577,Willie Mays,1,0,0,0
2149,0.023814964492597266,0.06380679513653109,2.708843363277098,Bill Mazeroski,1,1,1,1
2150,1.5231582108401263e-07,0.0004996535851344672,-0.07999063158384284,Lee Mazzilli,0,0,0,0
2151,2.7939111397183804e-07,0.0006013095845804872,-0.09874980957873288,Tullie McAdoo,0,0,0,0
2152,1.1874373528879695e-05,0.004388226520604706,-0.23785675707461906,Jimmy McAleer,0,0,0,0
2153,2.697178531526813e-07,0.0005782728171660521,-0.09894013505233709,George McAllister,0,0,0,0
2154,1.6687651489263356e-06,0.0020357742833541155,-0.1310689839189046,Dick McAuliffe,0,0,0,0
2155,1.0740200274548694e-07,0.0004668275905635075,-0.0694922199102505,Al McBean,0,0,0,0
2156,9.952458872343174e-08,0.000765359624259636,-0.052236709248854374,Bake McBride,0,0,0,0
2157,0.00010485790269040005,0.017112035773590162,-0.355640653509478,George McBride,0,0,0,0
2161,7.65000185747842e-07,0.0008786503125234985,-0.1351579211717888,Jack McCarthy,0,0,0,0
2162,2.2289649446121244e-07,0.0005305437300673247,-0.09390429069951332,Johnny McCarthy,0,0,0,0
2163,2.515335072191817e-05,0.009415229767792369,-0.2357425258258584,Tim McCarver,0,0,0,0
2164,0.006308022525923824,0.01570760381024436,2.8811333586954895,Tommy McCarthy,1,1,0,1
2166,1.2336914663307051e-05,0.0035988183017700644,-0.26782436534161985,Bob McClure,0,0,0,0
2167,5.143667588165928e-07,0.0007945290538126337,-0.11655169793943233,Barry McCormick,0,0,0,0
2168,0.0013707459549153072,0.07548968807342014,-0.5937453183025588,Frank McCormick,0,0,1,1
2169,1.7497416004071053e-07,0.0004699603153419641,-0.08840237609338739,Jim McCormick,0,0,0,0
2170,1.1315519946065135e-07,0.0003800322265705608,-0.07905951629529691,Mike McCormick,0,0,0,0
2171,4.894829109768187e-05,0.017768786220775285,-0.23837263589820432,Mike McCormick,0,0,1,1
2172,1.9396602995812122e-07,0.0012363978603938922,-0.0573620570229832,Barney McCosky,0,0,0,0
2173,0.0026548014947546466,0.10505048980372803,0.6891692645583094,Willie McCovey,1,1,1,1
2175,2.7873186279415934e-07,0.0005452433374563662,-0.10358320436727077,Tommy McCraw,0,0,0,0
2176,4.4770958007790786e-07,0.0011952878843065648,-0.08863635203482528,Clyde McCullough,0,0,0,0
2177,1.4511421972995506e-07,0.00042620684489441945,-0.08453992406234354,Harry McCurdy,0,0,0,0
2178,3.6161211341976913e-05,0.009232729310250673,-0.28546436798750996,Lindy McDaniel,0,0,0,0
2179,2.7638504981219654e-07,0.0005145697309773036,-0.10617763242822477,Mickey McDermott,0,0,0,0
2181,1.932258783380866e-06,0.0013397328215834993,-0.173917017676485,Webster McDonald,0,0,0,0
2182,2.4549539994035528e-05,0.008840187380462447,-0.2404210192070188,Gil McDougald,0,0,0,0
2185,9.126178113720108e-05,0.015802617667855096,-0.34548619945710174,Sam McDowell,0,0,0,0
2186,2.909284663389378e-06,0.002903462679238196,-0.14484824451280562,Terris McDuffie,0,0,0,0
2188,1.5808494278412007e-06,0.000998541932659983,-0.18224465838612017,Ed McFarland,0,0,0,0
2189,2.2179772293087966e-07,0.0005154179396659364,-0.09503782162859259,Andy McGaffigan,0,0,0,0
2190,1.180120827399282e-05,0.003336368376320936,-0.27208850375073634,Dan McGann,0,0,0,0
2191,9.033164125655931e-07,0.0011455330688670954,-0.12861063739465267,Chippy McGarr,0,0,0,0
2192,1.144105936393829e-06,0.0013559107660809978,-0.13302478946676685,Mike McGeary,0,0,0,0
2194,0.003003481798131407,0.00045651564877266754,11.751550229043092,Joe McGinnity,1,1,0,1
2195,6.413263104886105e-08,0.0003545505023610186,-0.06162162122709803,Lynn McGlothen,0,0,0,0
2197,0.00036121013452046204,0.021715500791348354,-0.58457100760884,John McGraw,0,0,1,1
2198,1.31867531667796e-05,0.0067177723121440045,-0.20234956649325175,Tug McGraw,0,0,0,0
2199,5.057287641273089e-07,0.001130532053615265,-0.09686823890640736,Scott McGregor,0,0,0,0
2201,0.001597123296864465,0.04426893720627715,-0.8509365391042892,Deacon McGuire,0,0,1,1
2203,1.066666016706917e-06,0.0011334253304165723,-0.14050156442408218,Henry McHenry,0,0,0,0
2204,0.0031381218339722803,0.037788434754727575,-1.2953895292985456,Stuffy McInnis,0,1,1,1
2205,3.8120022576077574e-07,0.0007707311907035022,-0.10187493106425596,Matty McIntyre,0,0,0,0
2206,0.0005292796323980263,0.025834907626097477,-0.6473886236760259,Ed McKean,0,0,1,1
2207,2.0883686173288152e-07,0.0004827377741354138,-0.0952911864352255,Bill McKechnie,0,0,0,0
2208,5.438856281156466e-05,0.014796520654860127,-0.27576973701464347,Denny McLain,0,0,0,0
2209,3.3012149519358214e-07,0.0006206809517563475,-0.10565195054190285,Larry McLean,0,0,0,0
2211,7.832543939792939e-07,0.0016054753214887207,-0.10113706483287913,Cal McLish,0,0,0,0
2213,2.0791152095622195e-06,0.0018186502687036988,-0.15480288675359738,Don McMahon,0,0,0,0
2214,0.00012989476953441373,0.018966204054100762,-0.3756273913899404,Marty McManus,0,0,1,1
2215,4.941226287095847e-07,0.0016263590766983438,-0.07981147795227309,Roy McMillan,0,0,0,0
2216,1.505456657701269e-07,0.0006090347322092203,-0.0720261920982484,Ken McMullen,0,0,0,0
2217,1.508485248550442e-06,0.0017016495335530624,-0.13632493472165716,Eric McNair,0,0,0,0
2218,7.547534231716085e-06,0.0022991477201431882,-0.2622581098950055,Hurley McNair,0,0,0,0
2219,3.286031265378333e-05,0.00855617679880149,-0.282774129253179,Dave McNally,0,0,0,0
2220,2.1091070868240844e-07,0.0005101451961661226,-0.09315394619639751,Mike McNally,0,0,0,0
2221,0.00020787041700400487,0.025654661767561596,0.40717330783963646,Bid McPhee,1,0,1,1
2222,1.4920529150138783e-07,0.0004349746425748585,-0.08485458544240909,George McQuillan,0,0,0,0
2223,5.016236683815656e-06,0.005900998356189199,-0.13321426388113564,George McQuinn,0,0,0,0
2224,1.481654748659688e-07,0.0004513646890877331,-0.08300826393824788,Hugh McQuillan,0,0,0,0
2226,5.8366447460969275e-05,0.019237496397842967,-0.24997635350095215,Hal McRae,0,0,1,1
2227,1.9456155542677077e-07,0.0008482603359084975,-0.06937281323112139,Kevin McReynolds,0,0,0,0
2228,2.1446659107272297e-06,0.0019902139422567126,-0.1502820080764457,Larry McWilliams,0,0,0,0
2229,1.0359737532550224e-06,0.0008797748676804237,-0.15718356087249175,Lee Meadows,0,0,0,0
2232,3.3418734646364213e-07,0.0006872231174922187,-0.10101979625846733,Doc Medich,0,0,0,0
2233,3.3922836957743673e-08,0.0007703467577924898,0.03039801725700176,Joe Medwick,1,0,0,0
2234,3.0414351369479223e-07,0.0006250198043481546,-0.10105697027188172,Jouett Meekin,0,0,0,0
2235,2.054859013579245e-07,0.0005860311744648358,-0.08578532683364731,Sam Mele,0,0,0,0
2236,7.526356050867974e-06,0.0032332511453246776,-0.22073900375499853,Oscar Melillo,0,0,0,0
2237,4.815699634409713e-09,0.00013896106461766766,-0.026975071190320516,Bill Melton,0,0,0,0
2238,6.433540831440194e-08,0.00031616895863621655,-0.06535915032640188,Bob Melvin,0,0,0,0
2239,0.0015519515277389174,0.0007600528291967797,6.545784865686299,José Méndez,1,0,0,0
2241,9.911750910623094e-08,0.00041328060284139776,-0.07095329436870824,Denis Menke,0,0,0,0
2245,1.676561349217179e-05,0.005837600598271818,-0.2448673324846321,Fred Merkle,0,0,0,0
2246,1.6793068780214864e-07,0.0005553989785202258,-0.07966205501147863,Jim Merritt,0,0,0,0
2247,1.9071099351138797e-05,0.006189901350785065,-0.2535755350964001,Sam Mertes,0,0,0,0
2249,5.956260040872854e-06,0.005609742388843679,-0.14890299864840562,Andy Messersmith,0,0,0,0
2250,3.882861354075693e-08,0.000257825264279331,-0.05622984158825834,George Metkovich,0,0,0,0
2251,3.162050987862832e-07,0.0009425405378116487,-0.08389562159343243,Roger Metzger,0,0,0,0
2252,1.2841769350922453e-05,0.006460013469848085,-0.20365639110929387,Bob Meusel,0,0,0,0
2253,1.0329716234053465e-06,0.0014764675756160214,-0.12112144356010263,Irish Meusel,0,0,0,0
2254,1.7317269546967722e-07,0.0006819519494517141,-0.07300024769324893,Dan Meyer,0,0,0,0
2255,2.3975934751029133e-07,0.0005713652478938915,-0.09384613791510735,Russ Meyer,0,0,0,0
2257,3.364154641784704e-07,0.0007813629264883494,-0.09504986078179972,Cass Michaels,0,0,0,0
2258,6.356591139421317e-08,0.0003136221519950722,-0.06523044005306167,Gene Michael,0,0,0,0
2261,3.520304297978934e-07,0.0006084378551042334,-0.11019438772230956,Eddie Miksis,0,0,0,0
2262,8.820745385959535e-05,0.01799863271900056,-0.3179058935952014,Clyde Milan,0,0,1,1
2263,1.4516371585073103e-07,0.0004188891204590297,-0.08529001004548668,Larry Milbourne,0,0,0,0
2264,4.432298493033144e-08,0.00044684477067159485,-0.04562981991601066,Felix Millan,0,0,0,0
2267,6.229819002827093e-06,0.00308343463702034,-0.20566452880456623,Bing Miller,0,0,0,0
2268,1.623878501626728e-07,0.0005254082948873347,-0.08054226341763641,Bob Miller,0,0,0,0
2269,3.7472631810026866e-06,0.001841555201147251,-0.2065257068696293,Bob Miller,0,0,0,0
2272,3.4047496274606766e-06,0.0018701635544006452,-0.19534664742909932,George Miller,0,0,0,0
2273,1.084381544200937e-05,0.004463472080018642,-0.22536833420831148,Dots Miller,0,0,0,0
2274,9.396811147565521e-06,0.009611649764256039,-0.14259480041194134,Eddie Miller,0,0,0,0
2275,1.9969205467439294e-07,0.0006405178314950042,-0.08088822335173954,Henry Miller,0,0,0,0
2276,1.2506852488589015e-07,0.00040910511885052853,-0.08010826949365206,Norm Miller,0,0,0,0
2277,2.753489296031569e-07,0.000577458393620527,-0.10003812995327219,Otto Miller,0,0,0,0
2278,3.6808986162437994e-07,0.0005915292566969581,-0.11427993207124398,Percy Miller,0,0,0,0
2279,9.246537264409373e-07,0.0012035885348158637,-0.12694005294552857,Rick Miller,0,0,0,0
2280,6.232011505085621e-06,0.00412645107909937,-0.17772049692498204,Stu Miller,0,0,0,0
2282,5.040507935721997e-07,0.0008303913905223536,-0.11285608691059809,John Milligan,0,0,0,0
2285,3.4381073326290523e-07,0.0008576457248851577,-0.09171261650742872,John Milner,0,0,0,0
2287,8.162007875483332e-08,0.00043977199987981294,-0.06241641902489407,Don Mincher,0,0,0,0
2288,1.539700101693097e-07,0.00046492740691074345,-0.08337467641264117,Steve Mingori,0,0,0,0
2289,1.382014185905276e-07,0.0004205661953712483,-0.08305339176167592,Paul Minner,0,0,0,0
2290,6.434060653101585e-06,0.011302610506190683,0.10871626798093971,Minnie Miñoso,1,0,0,0
2291,1.1307630294611407e-06,0.0013632031914648775,-0.13189214545505,Greg Minton,0,0,0,0
2293,4.838546639440529e-07,0.0006676606378405195,-0.12332303311104913,Paul Mirabella,0,0,0,0
2294,1.0636709478959028e-05,0.0038495422740758897,-0.24042034660481573,Clarence Mitchell,0,0,0,0
2295,4.594239564809474e-08,0.0004819870622185095,-0.04472950461716343,Dale Mitchell,0,0,0,0
2296,1.012974935301546e-06,0.001050222649860665,-0.14224602337976927,George Mitchell,0,0,0,0
2298,2.1328874407270226e-07,0.0005010327231229512,-0.09452610112714288,Willie Mitchell,0,0,0,0
2299,6.091435406322034e-08,0.0003072040714835495,-0.06451924350900731,George Mitterwald,0,0,0,0
2300,7.71112378863878e-06,0.009680487489260684,0.12870859186389813,Johnny Mize,1,0,0,0
2304,3.397821686258967e-07,0.0005918136118541077,-0.10977132733624663,Randy Moffitt,0,0,0,0
2305,1.3107023690016121e-06,0.0010498506586345455,-0.1618340247945225,George Mogridge,0,0,0,0
2309,3.5057798886502495e-07,0.0010408016959755411,-0.08406047688792781,Bill Monbouquette,0,0,0,0
2310,1.9970161020652777e-06,0.0022766979983721053,-0.13556662228286917,Rick Monday,0,0,0,0
2312,2.1857033001849468e-07,0.0009816341592444094,-0.06834663798028673,Don Money,0,0,0,0
2313,2.9341418376497528e-08,0.00029015411876331384,-0.04607579253920181,Sid Monge,0,0,0,0
2314,1.125876579227607e-06,0.0008892482553362873,-0.16298601643141944,Sam Mongin,0,0,0,0
2315,9.198620778071494e-07,0.0008022527281397268,-0.15511047459912378,Bill Monroe,0,0,0,0
2316,1.5093258827411183e-07,0.0007655430849727967,-0.06432059289186713,Willie Montanez,0,0,0,0
2317,1.7287250559095482e-06,0.0022577795650474907,-0.12666044712796282,John Montefusco,0,0,0,0
2320,1.1365144398366953e-07,0.0003966235685465557,-0.07755712911716141,Bob Montgomery,0,0,0,0
2322,3.96446115305122e-06,0.004402585733798365,-0.1372112433394694,Wally Moon,0,0,0,0
2323,6.138944826625063e-07,0.0007807417470607562,-0.12844973400368534,Charlie Moore,0,0,0,0
2324,2.9061029674534224e-07,0.0007800642972869471,-0.08841592418452521,Donnie Moore,0,0,0,0
2325,6.083529991112704e-07,0.0007014149758084867,-0.13491107200337424,Earl Moore,0,0,0,0
2326,1.4205135289795565e-07,0.0004102550570478895,-0.08525429333425354,Eddie Moore,0,0,0,0
2327,3.597879033445586e-07,0.0007547366288077389,-0.10001640990714726,Gene Moore,0,0,0,0
2328,8.67137073581481e-07,0.0008114387755971443,-0.14974398029838787,Harry Moore,0,0,0,0
2329,2.0287097140852681e-07,0.0007967300949952062,-0.07309554591262464,Johnny Moore,0,0,0,0
2330,3.4652755070551222e-06,0.005347198814366188,-0.11634591002998262,Jo-Jo Moore,0,0,0,0
2332,1.0953801077848692e-07,0.00041869154386463844,-0.07410611408165445,Randy Moore,0,0,0,0
2333,1.7038576144453327e-07,0.0004388778735032769,-0.09027326121073298,Ray Moore,0,0,0,0
2334,3.956010124817133e-07,0.0011754966072321956,-0.08401798247449384,Terry Moore,0,0,0,0
2335,1.6038974243271423e-07,0.00046998213182311934,-0.08463601163523865,Bob Moose,0,0,0,0
2337,2.449060933787533e-07,0.0006025849737269475,-0.09235691223578375,Jerry Morales,0,0,0,0
2338,1.4639072834918411e-07,0.000496106799466588,-0.07869933968904691,Jose Morales,0,0,0,0
2342,3.9552134023814403e-07,0.0006218024593199411,-0.1155402559634681,Pat Moran,0,0,0,0
2344,3.685960414229292e-08,0.00031341633379660056,-0.04968852438014579,Keith Moreland,0,0,0,0
2346,1.0513254450484432e-06,0.0014987538560734337,-0.12127949616201517,Omar Moreno,0,0,0,0
2347,1.6690599447339992e-07,0.00046358894576106974,-0.08693174321726511,Cy Morgan,0,0,0,0
2348,2.055571161514833e-06,0.005809518905172297,0.08594895903292013,Joe Morgan,1,0,0,0
2350,1.4428502085153569e-07,0.00044475359473891576,-0.0825208967264536,Tom Morgan,0,0,0,0
2351,1.2238521117825992e-06,0.0012969345057394358,-0.14068030042205215,George Moriarty,0,0,0,0
2353,5.3875467147152595e-06,0.004354025219263334,-0.16084670655599193,Leroy Morney,0,0,0,0
2354,3.1168735679632156e-07,0.0007677427199043745,-0.09229849289465547,Barney Morris,0,0,0,0
2356,0.016846741781936778,0.148129203876229,1.4263763441745994,Jack Morris,1,1,1,1
2357,6.441712920656639e-08,0.0003503403926939695,-0.0621282521078119,Jim Morrison,0,0,0,0
2358,1.8759095302341852e-05,0.0031019534434330895,-0.355814241764279,John Morrill,0,0,0,0
2359,2.510741906239532e-07,0.0007187671130582075,-0.0856170874304923,Johnny Morrison,0,0,0,0
2364,1.9985077313806076e-07,0.00048704208231261585,-0.09280546141581139,Guy Morton,0,0,0,0
2365,2.5950195390943525e-07,0.0010986914075358082,-0.07038877230503382,Lloyd Moseby,0,0,0,0
2366,2.031663392206278e-07,0.00047204511061707793,-0.09504761980924084,John Moses,0,0,0,0
2367,7.895420289820995e-06,0.00696204982380407,-0.15378417017473073,Wally Moses,0,0,0,0
2369,5.9210555752497824e-08,0.00032976288810546953,-0.06139552368677064,Don Mossi,0,0,0,0
2370,1.6376811503036384e-07,0.00044115540196018566,-0.0882739793746304,Les Moss,0,0,0,0
2371,1.6256955569416856e-05,0.006042681256563256,-0.2369726807407219,Johnny Mostil,0,0,0,0
2373,4.425198622254072e-06,0.0027859745577776965,-0.18238186300080206,Manny Mota,0,0,0,0
2374,2.1494041825280965e-06,0.0013184622604403126,-0.18490487067677472,Dink Mothell,0,0,0,0
2375,6.665829450813468e-07,0.0007286832849715244,-0.13855080494496871,Mike Mowrey,0,0,0,0
2379,3.5125870078684316e-08,0.00027360694331014915,-0.051915879345045525,Don Mueller,0,0,0,0
2380,5.695662917167395e-07,0.0008704771250351969,-0.11716934477011734,Heinie Mueller,0,0,0,0
2381,1.6605057303972732e-07,0.0007513945566126459,-0.0680977228910155,Ray Mueller,0,0,0,0
2384,8.557870304252245e-07,0.0007607963536054081,-0.15363600959224516,Tony Mullane,0,0,0,0
2385,1.0779915353832953e-06,0.0012926495687831734,-0.13225011033216574,George Mullin,0,0,0,0
2386,6.762334114882822e-08,0.0004287403618885908,-0.057539708163778555,Pat Mullin,0,0,0,0
2387,5.429343541687458e-07,0.0008661201412135565,-0.11468485834950726,Rance Mulliniks,0,0,0,0
2388,3.1612042327525464e-06,0.0015642349202029983,-0.205847217585574,Joe Mulvey,0,0,0,0
2389,1.0380472863128484e-07,0.00047272383125754634,-0.067890935451479,Jerry Mumphrey,0,0,0,0
2390,8.507947785481939e-08,0.0004590957200644408,-0.06236927834983893,Bob Muncrief,0,0,0,0
2391,2.3554164886220069e-07,0.0007872302622196945,-0.07923582795068418,Red Munger,0,0,0,0
2392,1.7091156209056245e-05,0.008453272397291215,-0.2051821281442364,Van Mungo,0,0,0,0
2394,0.000114960182428807,0.016870194350163577,-0.37508418934171905,Thurman Munson,0,0,0,0
2395,9.902682004791282e-05,0.013930946097342368,-0.3836625621676404,Bobby Murcer,0,0,0,0
2396,8.860563871566696e-06,0.0035298825162054627,-0.22918824645439873,Danny Murphy,0,0,0,0
2397,0.004641319743383372,0.16928287867658678,-0.6915927858707335,Dale Murphy,0,1,1,1
2400,1.832202616553134e-06,0.00333223302068402,-0.10727633345423304,Dwayne Murphy,0,0,0,0
2401,4.882357534772469e-07,0.000754926358987085,-0.11649523193255083,Eddie Murphy,0,0,0,0
2402,2.7737274939081123e-07,0.0010461774748769406,-0.07457814331955001,Johnny Murphy,0,0,0,0
2403,4.2207518384507527e-07,0.0006623365287545158,-0.11564352747910714,Morgan Murphy,0,0,0,0
2405,1.3670745992832122e-07,0.0004514680031170068,-0.0797249414956763,Tom Murphy,0,0,0,0
2406,3.236222427148232e-07,0.0005788115043788532,-0.10832645425042141,Dale Murray,0,0,0,0
2408,4.4893688154689403e-07,0.0006303635060012154,-0.12225590196432286,Mitchell Murray,0,0,0,0
2409,7.004065224547848e-06,0.0036746580938024284,-0.19969944521827113,Red Murray,0,0,0,0
2410,8.93925523874632e-08,0.0003479243404134049,-0.07344163654577844,Ivan Murrell,0,0,0,0
2411,5.837341217619685e-16,2.78137348392291e-07,0.00020993626769760622,Stan Musial,1,0,0,0
2413,2.62098869503852e-06,0.0012390237211304363,-0.21063628830755735,Glenn Myatt,0,0,0,0
2414,0.00017583844116124555,0.0235571956723558,-0.3912264148903971,Buddy Myer,0,0,1,1
2417,5.0840677546232645e-06,0.0038407019838624353,-0.1664080777172093,Hi Myers,0,0,0,0
2423,1.0628371841339717e-07,0.00037290180484307286,-0.07735079560112516,Hal Naragon,0,0,0,0
2424,0.0006578927817999277,0.028699449670530685,-0.6837970786171578,Billy Nash,0,0,1,1
2429,1.422145531991855e-07,0.0004111832624208549,-0.08520687708606448,Tom Needham,0,0,0,0
2430,1.817981027560733e-06,0.001660248688582698,-0.15151545338244685,Art Nehf,0,0,0,0
2431,6.1122080311415575e-06,0.0038107053433965097,-0.18317953897907444,Candy Nelson,0,0,0,0
2432,2.1258697269085372e-08,0.00020914028965453445,-0.04619699211045806,Dave Nelson,0,0,0,0
2433,3.9922940305537686e-07,0.0007883911091930705,-0.10308103810145891,Gene Nelson,0,0,0,0
2437,0.0005420027790246974,0.04813186102266742,-0.474441283539609,Graig Nettles,0,0,1,1
2439,0.0010568255207039582,0.06837963196508885,-0.5498793384248911,Don Newcombe,0,0,1,1
2440,5.356153751685433e-05,0.02683277732123972,0.2019747541608032,Hal Newhouser,1,0,1,1
2441,0.00046780295128894314,0.03145531887422792,-0.5499888818531605,Bobo Newsom,0,0,1,1
2442,3.587302654579525e-08,0.0002743444352702763,-0.05239453589190903,Skeeter Newsome,0,0,0,0
2444,0.0019263097089341629,0.0404491600135149,-0.9796071481362235,Bill Nicholson,0,1,1,1
2445,0.0015085341455350729,0.001686223898162191,4.330750177086641,Kid Nichols,1,0,0,0
2446,1.661953604132394e-06,0.0018602785413782633,-0.13684400508445946,Hugh Nicol,0,0,0,0
2447,1.5806425927453216e-07,0.0004704978577862929,-0.08397412186897629,Tom Niedenfuer,0,0,0,0
2448,0.0001282999543345834,0.01862204070891865,-0.37681433175722684,Joe Niekro,0,0,1,1
2449,0.0024473528111344928,0.08453733611579332,0.7460260240026454,Phil Niekro,1,1,1,1
2450,5.622908807395711e-08,0.000341067006454827,-0.05882964644164766,Bob Nieman,0,0,0,0
2455,1.0767204989936434e-07,0.0003838532993187751,-0.07673528853391975,Russ Nixon,0,0,0,0
2458,3.0301643129244977e-07,0.000872206371968742,-0.08537753847866661,Gary Nolan,0,0,0,0
2459,1.479200554662373e-07,0.00041882296980928085,-0.08610273892612946,Joe Nolan,0,0,0,0
2461,2.1205214356904127e-07,0.00048708703713048394,-0.09559207735510844,Dickie Noles,0,0,0,0
2463,6.519309965771093e-08,0.00045049333855729786,-0.05511482469952042,Irv Noren,0,0,0,0
2464,3.1791054219875755e-06,0.0020226485162413567,-0.18149398850852458,Fred Norman,0,0,0,0
2466,2.625462556152719e-07,0.0013029887104989892,-0.06500684824400671,Mike Norris,0,0,0,0
2467,9.963433040650272e-08,0.0004884617346154502,-0.06543238986988063,Bill North,0,0,0,0
2468,3.7275558080375824e-08,0.0003061543495921005,-0.05055743321226293,Jim Northrup,0,0,0,0
2469,8.5003764693135e-08,0.0004508164655936641,-0.06291162846738002,Ron Northey,0,0,0,0
2472,3.3596672015787034e-07,0.0005897842475121977,-0.10934101094038953,Les Nunamaker,0,0,0,0
2474,4.838546639440529e-07,0.0006676606378405195,-0.12332303311104913,Ed Nunez,0,0,0,0
2476,4.012912626124723e-06,0.003183261032842506,-0.1624467525804526,Joe Nuxhall,0,0,0,0
2477,7.819284097547563e-08,0.000316999522287741,-0.07196063604252571,Johnny Oates,0,0,0,0
2478,5.766593413563165e-07,0.000998531465228036,-0.11007064189373317,Ken Oberkfell,0,0,0,0
2480,2.5605448067262268e-08,0.0002910735992720814,-0.042974537774273305,Pete O'Brien,0,0,0,0
2481,5.8097628661138844e-08,0.00035687078600131494,-0.05845960068467657,Danny O'Connell,0,0,0,0
2482,0.00046463619427423286,0.019384363112018604,-0.7025703294622768,Jack O'Connor,0,0,1,1
2483,1.4964847961952343e-07,0.0005624076829201215,-0.07473052267241603,Ken O'Dea,0,0,0,0
2484,4.5916532867120124e-07,0.0006266418415817965,-0.1240076221263875,Billy O'Dell,0,0,0,0
2485,4.956522129776508e-07,0.0006546286913395771,-0.1260545298269842,Blue Moon Odom,0,0,0,0
2486,1.764187507098104e-05,0.007679116140199085,-0.21880259389867798,Lefty O'Doul,0,0,0,0
2487,2.812272283444886e-07,0.000534918419283702,-0.10504572124234197,Joe Oeschger,0,0,0,0
2488,9.248055071267889e-08,0.0004320287791980855,-0.0670323859462877,Ron Oester,0,0,0,0
2489,0.0012398147920742448,0.06950960250245264,-0.5903663555800464,Bob O'Farrell,0,0,1,1
2491,8.140202586173506e-08,0.00032643933255892184,-0.07235276231637473,Rowland Office,0,0,0,0
2493,2.144659949741195e-06,0.0031248185049762506,-0.11986623413038779,Ben Oglivie,0,0,0,0
2496,1.729388150839696e-06,0.0012591399674271885,-0.1697247943377407,Bob Ojeda,0,0,0,0
2497,9.254540542081735e-07,0.0010292322956378908,-0.137343074748301,Rube Oldring,0,0,0,0
2498,2.3821987592487084e-06,0.005474243090898943,-0.09533329913000806,Charley O'Leary,0,0,0,0
2502,0.002889009128154436,0.05952205983290718,0.9790828310397112,Tony Oliva,1,1,1,1
2503,0.001004113513265156,0.091487805279004,-0.45759874969620556,Al Oliver,0,0,1,1
2505,5.5291314514432526e-08,0.0003059612283809724,-0.061594007019888465,Gene Oliver,0,0,0,0
2509,6.50960265818102e-07,0.0010783101402928766,-0.11253322482821043,Ivy Olson,0,0,0,0
2510,1.4835662129562407e-07,0.0005629248875867931,-0.07437305436072897,Alejandro Oms,0,0,0,0
2511,8.971583583874432e-07,0.0013175115546005148,-0.11950352123696743,Buck O'Neil,0,0,0,0
2513,0.0013482996798518812,0.042203027650398704,-0.8016186059029895,Steve O'Neill,0,0,1,1
2514,1.0294398430368684e-05,0.0051694752565767995,-0.20396772626221335,Tip O'Neill,0,0,0,0
2519,3.16753736520202e-06,0.0023924386979346473,-0.16654437823548437,Frank O'Rourke,0,0,0,0
2520,0.0005178041071917111,0.050073844531082955,0.4541840173554652,Jim O'Rourke,1,0,1,1
2522,4.2383296711579493e-07,0.0015051716474397282,-0.07683992106022988,Jorge Orta,0,0,0,0
2523,1.5603854694989798e-07,0.0004656632638137206,-0.08386648979831794,Phil Ortega,0,0,0,0
2524,1.1873186457588912e-06,0.0009692162743696682,-0.16031434234101533,Al Orth,0,0,0,0
2526,1.9637352155297942e-07,0.0004488556241280028,-0.09582973480263217,Junior Ortiz,0,0,0,0
2530,4.794227705828148e-06,0.002761399382314297,-0.19067945619182697,Claude Osteen,0,0,0,0
2531,9.167684689953678e-07,0.0008401838347192459,-0.15131075571603114,Fritz Ostermueller,0,0,0,0
2534,6.801297828780004e-05,0.010860688392073133,-0.3606663281485301,Amos Otis,0,0,0,0
2535,3.791502172097924e-08,0.00030978918209451263,-0.05068913704087562,Jim O'Toole,0,0,0,0
2536,2.0814623097744917e-09,0.00021968294162127242,0.014104186648310308,Mel Ott,1,0,0,0
2537,1.3273982182737463e-07,0.0004050339430333498,-0.08294239712367445,Jimmy Outlaw,0,0,0,0
2539,1.671022329026874e-07,0.0004813102099635828,-0.08536575710443875,Stubby Overmire,0,0,0,0
2540,1.2212270052199158e-07,0.0005134931534750304,-0.07065273627369159,Bob Owchinko,0,0,0,0
2541,1.2583318960014948e-06,0.0020899731314284278,-0.11232659436823039,Mickey Owen,0,0,0,0
2542,3.06601534307002e-07,0.0005491311273714466,-0.10825289090941864,Jim Owens,0,0,0,0
2544,2.854761470278265e-07,0.0008276782368715836,-0.08507148036997002,Tom Paciorek,0,0,0,0
2546,3.3438875446789406e-07,0.0005684392782975829,-0.11111430377178176,Juan Padrón,0,0,0,0
2547,0.00022046095932038638,0.020709633545775267,-0.4678913623556739,Andy Pafko,0,0,1,1
2549,2.292715532613342e-07,0.0005710785661711351,-0.0917936755968547,Jose Pagan,0,0,0,0
2550,8.397743781920418e-08,0.00038537386552601024,-0.06763416439047866,Jim Pagliaroni,0,0,0,0
2553,0.002659158473063692,0.0720744619198938,0.8479058207714422,Satchel Paige,1,1,1,1
2555,1.4606247538207902e-07,0.0004307315599265585,-0.08436883968769006,Erv Palica,0,0,0,0
2557,1.6973882662110335e-05,0.004793711489890533,-0.2720325388523173,Clarence Palm,0,0,0,0
2558,1.355643322082611e-07,0.00041630004698248294,-0.08267776342812555,David Palmer,0,0,0,0
2560,3.535038105863533e-05,0.024381415742250993,0.17235237385339128,Jim Palmer,1,0,1,1
2564,8.24052985768022e-06,0.004207177198898575,-0.20238406272480935,Milt Pappas,0,0,0,0
2566,6.396904926288378e-07,0.0008560631535675121,-0.12521481659048384,Freddy Parent,0,0,0,0
2569,0.006380227431377576,0.15165182001848648,0.8657469698949294,Dave Parker,1,1,1,1
2570,5.382860547370398e-07,0.0009085215469992757,-0.11149392981783672,Tom Parker,0,0,0,0
2571,1.3321789854591143e-07,0.00041572419627440685,-0.0820158883594292,Roy Parmelee,0,0,0,0
2572,1.012539105163909e-06,0.00195821380373234,-0.10410218822486399,Mel Parnell,0,0,0,0
2573,7.1124175552437745e-06,0.0045260133291048655,-0.1812488724598271,Roy Parnell,0,0,0,0
2576,5.8407281760764e-07,0.0017147149819726913,-0.08450346327855518,Larry Parrish,0,0,0,0
2578,9.894764567584084e-08,0.00044250989286091205,-0.06851012765456878,Roy Partlow,0,0,0,0
2579,3.246328666551604e-05,0.009309380975728348,-0.26934847080905844,Camilo Pascual,0,0,0,0
2580,4.946223472895136e-06,0.0024961976935835256,-0.20373437227870522,Dode Paskert,0,0,0,0
2581,6.791661881396492e-08,0.00034333984938416436,-0.06444081159422216,Dan Pasqua,0,0,0,0
2582,1.043306595872939e-06,0.0016263082571439634,-0.11597403153725325,Claude Passeau,0,0,0,0
2583,9.228141817936812e-07,0.001383254579606667,-0.11828104184121353,Freddie Patek,0,0,0,0
2586,2.6453713450768406e-07,0.0005485085292272042,-0.10061022898593643,John Patterson,0,0,0,0
2587,3.427234892413626e-05,0.01227849911493997,-0.24061693749598104,Pat Patterson,0,0,0,0
2588,1.6371305314525912e-07,0.0005230585500115142,-0.08105177648338331,Marty Pattin,0,0,0,0
2590,2.137522240126014e-07,0.0004834961805287782,-0.09633041457279472,Don Pavletich,0,0,0,0
2591,5.105194799115132e-07,0.0006339107264375876,-0.13000619886902498,Andrew Payne,0,0,0,0
2595,0.0005782223919170782,0.045604917076784185,-0.5040984495780815,Lennie Pearson,0,0,1,1
2596,9.173836001729556e-08,0.000511809552201301,-0.06133661056371051,Monte Pearson,0,0,0,0
2598,0.0014487988846200064,0.04587050924260256,-0.7955190386278315,Roger Peckinpaugh,0,0,1,1
2600,2.155091959522964e-06,0.0011996871493629366,-0.19410998770568044,Eustaquio Pedroso,0,0,0,0
2601,2.737967070420618e-05,0.006384501476617487,-0.29913652228161614,Heinie Peitz,0,0,0,0
2603,1.455893966622662e-07,0.0004471442389095586,-0.08267107460271088,Barney Pelty,0,0,0,0
2607,1.2278061968036216e-06,0.0012022642428646355,-0.14635695559659165,Orlando Peña,0,0,0,0
2612,0.0007024234605941931,0.030907069884148985,0.680084610046097,Herb Pennock,1,0,1,1
2614,3.540758283114846e-07,0.0010953357400191055,-0.0823466959668329,Joe Pepitone,0,0,0,0
2621,5.216347043369964e-08,0.0003007661125010889,-0.060341084918623965,Marty Perez,0,0,0,0
2624,8.983267944836079e-08,0.00045911565572168253,-0.0640864263067088,Pascual Perez,0,0,0,0
2625,0.0045881089574954,0.10866658382516585,0.8889935212622379,Tony Perez,1,1,1,1
2627,3.93204344631632e-06,0.001987634335835376,-0.20361910173928385,Bill Perkins,0,0,0,0
2628,1.6977993000139706e-05,0.005589564336640164,-0.25185273964039184,Cy Perkins,0,0,0,0
2630,2.201501546469801e-06,0.0024803724478106217,-0.13635511074331122,Ron Perranoski,0,0,0,0
2631,1.382723695913973e-07,0.0004383783665909317,-0.08136873785288902,Pol Perritt,0,0,0,0
2632,0.00021636357411422596,0.03147940545791658,0.3738891738597999,Gaylord Perry,1,0,1,1
2634,9.403455753738505e-05,0.013953860859226716,-0.37355522425587045,Jim Perry,0,0,0,0
2635,7.405555517127106e-07,0.0020497807058827513,-0.08701401471594315,Johnny Pesky,0,0,0,0
2636,8.5679077988145e-08,0.00035229198865332427,-0.07145278209921957,Fritz Peterson,0,0,0,0
2637,1.4548311076921379e-05,0.005892692051579727,-0.22702605214217877,Gary Peters,0,0,0,0
2638,1.8239048123944531e-07,0.000489857359818504,-0.0884035114861608,John Peters,0,0,0,0
2639,1.3884382509388354e-07,0.00041494084525033796,-0.08380881820367908,Rusty Peters,0,0,0,0
2641,1.220849044182423e-07,0.0003777129304438506,-0.08237163189848108,Geno Petralli,0,0,0,0
2642,1.0801214674195142e-07,0.0006012569766503151,-0.06140239078741414,Rico Petrocelli,0,0,0,0
2643,3.5693420475485624e-07,0.0007511011535184251,-0.09985995272183286,Dan Petry,0,0,0,0
2645,2.3529994857421447e-06,0.0035613963666792357,-0.1175806021829145,Gary Pettis,0,0,0,0
2646,7.006121385563687e-07,0.000694357924611786,-0.14551439152453619,Bill Pettus,0,0,0,0
2647,4.032935945307636e-05,0.00810366266921182,-0.32196804872980905,Bruce Petway,0,0,0,0
2648,0.0008630401873495128,0.0238899873769356,-0.8605311198611334,Fred Pfeffer,0,0,1,1
2649,3.7184499217940796e-07,0.0005693982489998579,-0.11707357322839781,Jeff Pfeffer,0,0,0,0
2650,1.642138069370705e-07,0.0006026919917166245,-0.07561985831158173,Babe Phelps,0,0,0,0
2651,2.707941568030734e-07,0.000519856030053154,-0.10456222935678285,Ed Phelps,0,0,0,0
2652,1.5040757527285112e-07,0.0004534976201730809,-0.08343696495583443,Ken Phelps,0,0,0,0
2653,2.214584189170897e-06,0.002167259988621424,-0.1463285647912658,Bill Phillips,0,0,0,0
2655,1.632600191964225e-08,0.00019213273122605247,-0.04223837150326361,Bubba Phillips,0,0,0,0
2656,3.25866046281295e-06,0.0033141181585810806,-0.14345786465081256,Dave Philley,0,0,0,0
2657,5.581701977834306e-07,0.000677355546937261,-0.13150355337960185,Deacon Phillippe,0,0,0,0
2658,1.3812403181572635e-07,0.000499513347922256,-0.07618372906121769,Mike Phillips,0,0,0,0
2662,2.4626170534091193e-06,0.001598411295287566,-0.17972829336965493,Val Picinich,0,0,0,0
2663,0.0007157226029284819,0.03715182366883958,-0.6241239542772394,Billy Pierce,0,0,1,1
2664,2.2142136796424445e-06,0.001231084630087197,-0.19422626835801088,Bill Pierce,0,0,0,0
2666,1.2036742712676033e-06,0.002264912845993887,-0.10552272826076955,Jim Piersall,0,0,0,0
2668,2.6099576937050763e-06,0.002216431013346205,-0.15707875339197602,Lip Pike,0,0,0,0
2670,5.438616125481807e-07,0.0018964733316458695,-0.07752973069900498,Lou Piniella,0,0,0,0
2671,7.810878313924393e-06,0.004137529859957436,-0.19869580395549508,George Pinkney,0,0,0,0
2672,4.24178232756043e-06,0.005411196645122173,-0.12795550086468335,Vada Pinson,0,0,0,0
2673,2.2325929595479646e-07,0.0004930423066079428,-0.09749116055955517,George Pipgras,0,0,0,0
2674,0.0006675270536657194,0.027632479039765605,-0.7023431976928521,Wally Pipp,0,0,1,1
2675,2.2769669531972132e-06,0.0018964801216051672,-0.15863596589651396,Juan Pizarro,0,0,0,0
2676,0.0028791241143528924,0.008715781427777024,2.6223205096991427,Eddie Plank,1,1,0,1
2678,1.062823505374879e-07,0.00037270736688212826,-0.07737047920431213,Bill Plummer,0,0,0,0
2680,1.9390653483877785e-08,0.0002098232666015254,-0.04404873905741912,Biff Pocoroba,0,0,0,0
2681,2.0620664827976563e-06,0.002558320570660996,-0.1299353299093127,Johnny Podres,0,0,0,0
2684,7.384846831115762e-07,0.0007483230759237925,-0.14390413304830865,Spottswood Poles,0,0,0,0
2685,1.0550616383418089e-05,0.004673676036457218,-0.21722109875607074,Howie Pollet,0,0,0,0
2690,1.2833684851315516e-07,0.0003764946903436109,-0.0845909952187792,Paul Popovich,0,0,0,0
2692,5.39735697645726e-07,0.0006805533832966743,-0.12900938042562587,Andy Porter,0,0,0,0
2693,1.8363810450408143e-07,0.0006354001600740603,-0.07788061437222592,Bob Porterfield,0,0,0,0
2694,7.088631657036186e-05,0.019337523505577568,-0.27475790991135396,Darrell Porter,0,0,1,1
2695,4.5265187385375885e-07,0.0006047883217724687,-0.1253310685924676,Bartolo Portuondo,0,0,0,0
2699,3.1063283897484984e-07,0.0007821049210004904,-0.0912916218574518,Wally Post,0,0,0,0
2700,1.2764660914923915e-07,0.00045462998011192875,-0.0767691105389607,Nels Potter,0,0,0,0
2701,0.00035113240917529476,0.04328048261265692,-0.40373032834557554,Boog Powell,0,0,1,1
2702,1.700314236005266e-06,0.0010866752469852789,-0.1811708236579889,Jack Powell,0,0,0,0
2703,4.953228011597989e-07,0.0008101278606336635,-0.11326638378984905,Jake Powell,0,0,0,0
2705,1.8916913133626654e-07,0.00044324983184616844,-0.09464860569262619,Doc Powers,0,0,0,0
2706,4.783841037046697e-07,0.000660531257258259,-0.12328432182523522,Ted Power,0,0,0,0
2707,1.2388480010832772e-06,0.003988401327409138,-0.08060304178429593,Vic Power,0,0,0,0
2709,2.7267648863934068e-05,0.008472586477349182,-0.25886769197468695,Del Pratt,0,0,0,0
2711,1.559973288826491e-07,0.0005352902070883363,-0.0782091041690263,Joe Price,0,0,0,0
2712,9.00244364098266e-08,0.0005704204489230285,-0.057553058682624766,Jerry Priddy,0,0,0,0
2715,6.326506232606112e-08,0.0003006126926212446,-0.06646954005536725,Greg Pryor,0,0,0,0
2717,2.4759032645241017e-07,0.0005812813659364293,-0.09454901803536434,Johnny Pugh,0,0,0,0
2718,1.7615699735239847e-07,0.0007051305366926993,-0.07240551790059728,Terry Puhl,0,0,0,0
2720,3.267197791260721e-06,0.0018158361409843873,-0.19420677243535986,Blondie Purcell,0,0,0,0
2721,4.9832544153296e-06,0.00262951094460305,-0.19923101293380563,Bob Purkey,0,0,0,0
2723,4.783401618812164e-07,0.0006523214750181043,-0.12405250440710541,Frankie Pytlak,0,0,0,0
2726,3.3399663579385333e-07,0.0007593726161613223,-0.09607010586501559,Joe Quest,0,0,0,0
2727,0.00015833738351340938,0.018826378716585997,-0.4162851472490157,Jack Quinn,0,0,1,1
2728,1.5029391748958052e-05,0.00313751208764915,-0.31666879739412795,Joe Quinn,0,0,0,0
2730,1.9671410918889423e-06,0.0014804385794929837,-0.16692081412834764,Jamie Quirk,0,0,0,0
2732,0.00022039288499722627,0.04818966988294671,-0.3023476961594362,Dan Quisenberry,0,0,1,1
2734,0.0041671257599635424,0.0009343013482490674,9.673452142696727,Old Hoss Radbourn,1,1,0,1
2735,0.019479660333104727,0.11553901323137195,-1.7696009826149748,Alex Radcliff,0,1,1,1
2736,1.6158233155290217e-07,0.0006767318840869991,-0.07078663425164369,Rip Radcliff,0,0,0,0
2737,0.00022804542217195618,0.02273605896789465,-0.45369988629174096,Ted Radcliffe,0,0,1,1
2738,8.445870050508745e-08,0.00039955090017898185,-0.06661300250586029,Dave Rader,0,0,0,0
2739,2.519825296099434e-07,0.001203463129913549,-0.06627000178127482,Doug Rader,0,0,0,0
2740,2.2546131971920504e-05,0.006959443926490311,-0.2599213132103066,Paul Radford,0,0,0,0
2743,3.019839710454876e-07,0.0009723347771328197,-0.08072023936299906,Ken Raffensberger,0,0,0,0
2744,2.4982027031562144e-07,0.0005698985818061296,-0.09591817544935896,Pat Ragan,0,0,0,0
2749,6.971180210410389e-09,0.00016629065087018577,-0.029668307598128028,Rafael Ramirez,0,0,0,0
2750,2.0237778978956937e-07,0.0005228065758696273,-0.09013780855171202,Ramiro Ramírez,0,0,0,0
2751,1.361233829623385e-07,0.00039028804144809347,-0.08556548678933242,Domingo Ramos,0,0,0,0
2752,4.751784654267376e-07,0.0008357652182369809,-0.10922305408162279,Pedro Ramos,0,0,0,0
2755,8.895055491528903e-08,0.0003676429008062704,-0.0712674203210467,Lenny Randle,0,0,0,0
2756,0.0002442817239202114,0.029169771511888043,-0.4131999563912223,Willie Randolph,0,0,1,1
2759,2.2206617175030243e-07,0.00046487490897898236,-0.10013406046502847,Bill Rariden,0,0,0,0
2760,4.5188311048485724e-05,0.013547143781573878,-0.262867563274181,Vic Raschi,0,0,0,0
2764,1.2039833261189488e-07,0.0006349711090948104,-0.06308193038458493,Shane Rawley,0,0,0,0
2765,1.602603968087868e-07,0.0004228820890096348,-0.08919104689117703,Johnny Rawlings,0,0,0,0
2766,1.2245805752677455e-07,0.000990162684687061,-0.05093718438477314,Johnny Ray,0,0,0,0
2767,1.1474254163125673e-07,0.00045109337927861216,-0.07307026424436906,Claude Raymond,0,0,0,0
2769,4.719180480509805e-05,0.01367763776281231,-0.26732946655358564,Jeff Reardon,0,0,0,0
2771,9.788657865877224e-05,0.015329859068208749,-0.36336870837924545,Connie Rector,0,0,0,0
2772,4.615962303935972e-06,0.002165312203437403,-0.2113536785470014,Dick Redding,0,0,0,0
2776,5.448691273970253e-07,0.0008071572479211929,-0.11901489828699073,Gary Redus,0,0,0,0
2777,8.727203452880948e-06,0.0029793707248062106,-0.2476492384344176,Wilson Redus,0,0,0,0
2778,1.852686545792548e-07,0.0005168605859602642,-0.08673844848591224,Howie Reed,0,0,0,0
2782,5.177212555640117e-06,0.0025746279738857684,-0.20522988846163517,Ron Reed,0,0,0,0
2784,4.629213904680893e-07,0.0006327800183810588,-0.12390802751487207,John Reese,0,0,0,0
2785,0.0006702166929165967,0.06804874259648594,0.43903972186756773,Pee Wee Reese,1,0,1,1
2786,3.663134353390046e-08,0.00025380861394925185,-0.05504625423763835,Rich Reese,0,0,0,0
2787,1.5962829037504197e-07,0.0006128180888055027,-0.07393765594568978,Phil Regan,0,0,0,0
2788,3.5677268288262506e-08,0.00026194207334484466,-0.05347440077619397,Rick Reichardt,0,0,0,0
2789,4.4253456159923177e-07,0.0006754030546554683,-0.11726138592864044,Ambrose Reid,0,0,0,0
2790,5.417127395712823e-05,0.01082714398612735,-0.32238387484181324,John Reilly,0,0,0,0
2791,7.965090848008303e-06,0.005541988685277858,-0.1732468800101888,Pete Reiser,0,0,0,0
2792,6.954174226756592e-09,0.00019840071034207192,-0.027127997272260312,Ken Reitz,0,0,0,0
2795,4.392515925376209e-07,0.0007008367204015962,-0.11468474606188135,Jack Remsen,0,0,0,0
2796,2.9138384264820072e-08,0.00029874532727976183,-0.04525087053070911,Jerry Remy,0,0,0,0
2797,9.168070575437784e-07,0.0008504004348681985,-0.15040149174936493,Steve Renko,0,0,0,0
2799,3.797789342881395e-07,0.0007117955092417696,-0.10581392929759875,Merv Rettenmund,0,0,0,0
2800,1.9772700158499724e-06,0.001925015704885472,-0.14672600215273204,Ed Reulbach,0,0,0,0
2801,0.0008485166798528071,0.04604169489158328,-0.6076155569862115,Rick Reuschel,0,0,1,1
2802,8.937540335109234e-05,0.017261571516880667,-0.3268868560620709,Jerry Reuss,0,0,1,1
2806,0.00015898701845716492,0.028537747391336778,-0.3371270499400764,Allie Reynolds,0,0,1,1
2808,4.773686719974118e-06,0.003029072295181944,-0.18164482616898361,Carl Reynolds,0,0,0,0
2809,6.622757568313234e-07,0.0011730710568652503,-0.10882083091986369,Craig Reynolds,0,0,0,0
2810,3.673839191585142e-07,0.0011728350256865994,-0.08105810150746287,Harold Reynolds,0,0,0,0
2813,3.9196147122151676e-07,0.0007653768645059268,-0.10366386776464699,Flint Rhem,0,0,0,0
2815,2.374885269173602e-06,0.0023650549592759114,-0.1450427990109007,Rick Rhoden,0,0,0,0
2816,2.8257078769921243e-07,0.0008037882104870766,-0.08588708280269243,Del Rice,0,0,0,0
2817,3.5691556555691628e-06,0.0026218511571502374,-0.16885670084144616,Harry Rice,0,0,0,0
2818,0.0015993501396439562,0.11337511385890368,0.5124984002589034,Jim Rice,1,0,1,1
2819,0.00574565513290559,0.035953700976424946,1.7986910335868413,Sam Rice,1,1,1,1
2820,0.000526121226857054,0.04563161108785618,-0.4807039394166607,Bobby Richardson,0,0,1,1
2822,2.5358485958377572e-06,0.0017484525687007345,-0.17436703222024694,Danny Richardson,0,0,0,0
2823,6.934073582270559e-05,0.007568945100624579,-0.43695465016080637,Hardy Richardson,0,0,0,0
2824,4.126697486651394e-07,0.0013352923723405454,-0.08050681235417367,J. R. Richard,0,0,0,0
2825,2.9724551507047476e-07,0.000666329641046264,-0.09675602016163368,Pete Richert,0,0,0,0
2826,3.225535820835289e-07,0.0009954177582642205,-0.0824501841528207,Elmer Riddle,0,0,0,0
2827,4.7531358957552525e-07,0.0008293796598937325,-0.10965865141618955,Steve Ridzik,0,0,0,0
2828,3.0768321211659074e-06,0.0013336041379581173,-0.21996738853012657,Bill Riggins,0,0,0,0
2829,8.930321937862966e-08,0.00039249177447940446,-0.06911028438531217,Lew Riggs,0,0,0,0
2832,5.293478583302545e-07,0.0006554395886841525,-0.13018816908851122,Ed Rile,0,0,0,0
2835,2.972598632997894e-07,0.0005438800786968777,-0.10710458781401085,Jimmy Ring,0,0,0,0
2840,8.27075547534466e-07,0.0008733565485851785,-0.14096026826546243,Claude Ritchey,0,0,0,0
2841,2.0052950010413457e-07,0.000543993169108915,-0.08795973272346098,Jim Rivera,0,0,0,0
2845,3.452030439143468e-07,0.0014647233645820204,-0.07029927679127981,Mickey Rivers,0,0,0,0
2847,0.003623706558772472,0.025460001512963376,1.7066983955374881,Eppa Rixey,1,1,1,1
2848,0.005624218243024168,0.05652235364209192,1.4040947588984847,Phil Rizzuto,1,1,1,1
2850,3.62557034795276e-08,0.00025811689179537997,-0.05430421567908744,Bob Robertson,0,0,0,0
2852,3.507323838535287e-07,0.0006261364734622061,-0.10842441136839584,Dave Roberts,0,0,0,0
2853,5.00845029125646e-08,0.00027798441452929647,-0.06150221194494976,Dave Roberts,0,0,0,0
2855,2.8310831800373913e-08,0.00023435195870758616,-0.05036174543455542,Leon Roberts,0,0,0,0
2856,0.0027796731494799513,0.09536109953056898,0.7441466275360138,Robin Roberts,1,1,1,1
2857,3.68389172668582e-07,0.000595405375388897,-0.11395342195158847,Roy Roberts,0,0,0,0
2858,1.7098733959830885e-07,0.0004518312738346068,-0.08912619071837129,Sherry Robertson,0,0,0,0
2859,2.8114093001399296e-07,0.0008300468037187164,-0.08430242702723949,Bill Robinson,0,0,0,0
2860,3.305442656873286e-07,0.0006439488078195124,-0.10379081269819568,Bobby Robinson,0,0,0,0
2861,1.6433546563666616e-08,0.0007989054338330273,0.0207756232090505,Brooks Robinson,1,0,0,0
2862,2.6114944561808626e-05,0.010320327884589293,-0.22932678299835949,Don Robinson,0,0,0,0
2863,6.172915568834567e-07,0.0012882593971134482,-0.10024742684436797,Eddie Robinson,0,0,0,0
2864,2.2618913721134176e-06,0.00855603542103053,0.0741896494665584,Frank Robinson,1,0,0,0
2865,0.001998945492293689,0.0845790367746644,0.6740454518700314,Jackie Robinson,1,1,1,1
2866,0.0012655493140020205,0.07401591501424178,-0.5766182567010966,Neil Robinson,0,0,1,1
2867,1.6704589147039125e-05,0.0035568700286256936,-0.31348719598578484,Wilbert Robinson,0,0,0,0
2868,6.82220034612155e-06,0.0036398952686114783,-0.19803210452580366,William Robinson,0,0,0,0
2869,8.717603614770502e-08,0.0003522466051310778,-0.07207892409521359,Andre Rodgers,0,0,0,0
2872,2.399441750902549e-07,0.0009416745750087081,-0.07311555018233673,Aurelio Rodriguez,0,0,0,0
2879,2.4894841205137157e-07,0.0005217725843980642,-0.10007149052086241,Vicente Rodríguez,0,0,0,0
2881,1.0152190132303624e-07,0.00038788208369508893,-0.07412341415294485,Ed Roebuck,0,0,0,0
2882,1.4339380609044375e-07,0.00047257563112960304,-0.07980618292210927,Gary Roenicke,0,0,0,0
2883,3.413943960447788e-06,0.004436599168915798,-0.12683736346041632,Preacher Roe,0,0,0,0
2884,0.0035427252396660913,0.006604348301991674,3.345218776851474,Bullet Rogan,1,1,0,1
2885,2.310610337828447e-06,0.0011765811961366288,-0.2029581100006981,Billy Rogell,0,0,0,0
2887,8.824934809404915e-05,0.012447926011634544,-0.38343954786414636,Nat Rogers,0,0,0,0
2888,0.0005421693259687615,0.05091632190752534,-0.4606815925126696,Steve Rogers,0,0,1,1
2889,4.288614271080484e-06,0.0037240383071441446,-0.15522114996378875,Cookie Rojas,0,0,0,0
2891,2.687738710900145e-06,0.0012919469554947868,-0.20888156132686916,Julio Rojo,0,0,0,0
2892,1.505058604936521e-07,0.0004436645002020239,-0.08438449408554627,Jim Roland,0,0,0,0
2894,5.826958190558937e-05,0.017512261864438886,-0.2620131247034592,Red Rolfe,0,0,1,1
2896,2.7106087650531682e-08,0.0003164262380601853,-0.04240705373752973,Rich Rollins,0,0,0,0
2897,3.5178547492886094e-08,0.00032695439571685004,-0.0475262994497801,John Romano,0,0,0,0
2898,1.6984878131217775e-07,0.0004343209340384793,-0.09060270239592248,Ed Romero,0,0,0,0
2901,1.7060235922860013e-05,0.005097244457449962,-0.26443853920749605,Eddie Rommel,0,0,0,0
2902,6.450480850338602e-07,0.0007626062391462767,-0.13322626556481745,Phil Roof,0,0,0,0
2903,4.3169050180200085e-07,0.0006136554109534715,-0.12150672503969423,Jim Rooker,0,0,0,0
2904,0.00042393099858237867,0.024417231561749006,-0.5964047365680842,Charlie Root,0,0,1,1
2906,5.995176213612715e-07,0.0013459752831723698,-0.09664949955115405,Buddy Rosar,0,0,0,0
2907,1.3157435679957695e-06,0.0016973823716994066,-0.1274783801723791,John Roseboro,0,0,0,0
2908,5.280986290183099e-06,0.0055585462217721295,-0.14085626445157148,Al Rosen,0,0,0,0
2909,0.06702397477514963,0.0014037327357643487,-31.642988421122947,Pete Rose,0,1,0,1
2910,1.3022219851905455e-07,0.00042670665827510896,-0.0800377315440765,Buck Ross,0,0,0,0
2913,1.5560191653738262e-07,0.00046698166952533485,-0.08363070812223093,Gary Ross,0,0,0,0
2915,2.0495542619671677e-07,0.0005511876734283445,-0.08834254116960587,Jack Rothrock,0,0,0,0
2916,4.9824009352151434e-05,0.022534825723017304,0.21303576900955248,Edd Roush,1,0,1,1
2918,1.185512334181854e-05,0.0033802253892564124,-0.27092844605392563,Jack Rowe,0,0,0,0
2919,5.917041030484984e-05,0.01355780419148154,-0.3006789879142317,Schoolboy Rowe,0,0,0,0
2920,1.1885507247934047e-06,0.0011131944709923834,-0.14965496369355516,Jerry Royster,0,0,0,0
2921,5.214952573416687e-07,0.0009922996129181024,-0.10500206397492692,Dave Rozema,0,0,0,0
2922,2.789925775035222e-05,0.009634976261581246,-0.2454021111408244,Nap Rucker,0,0,0,0
2923,4.076014338791977e-05,0.01084377486500178,-0.2794278550520046,Joe Rudi,0,0,0,0
2924,9.847716182173288e-07,0.0013671615076550354,-0.12290524572870833,Dick Rudolph,0,0,0,0
2925,0.0005818803171607172,0.01989069626917988,-0.7759589448440878,Muddy Ruel,0,0,1,1
2927,3.072537885349716e-07,0.0007697340282249196,-0.09152099174170736,Dutch Ruether,0,0,0,0
2929,3.3331149696712987e-07,0.0008129290811417808,-0.09275383336421066,Leon Ruffin,0,0,0,0
2930,0.00029856865250358884,0.03238048317067445,0.4328549603340349,Red Ruffing,1,0,1,1
2931,4.586567388664677e-07,0.0006466729888958278,-0.12200305551342715,Vern Ruhle,0,0,0,0
2933,1.799745890726065e-06,0.0039030008922429286,-0.09821249256229318,Pete Runnels,0,0,0,0
2935,2.518240319272242e-07,0.0005516440266146248,-0.09788337897262732,Bob Rush,0,0,0,0
2936,0.004707459272624317,0.0007127619656527001,11.772693709791893,Amos Rusie,1,1,0,1
2937,1.8928142759202081e-07,0.0004741288516065631,-0.09154033063403853,Allen Russell,0,0,0,0
2938,1.7788504317791127e-06,0.0022070217213772396,-0.12995598403042413,Bill Russell,0,0,0,0
2939,5.48250792909677e-06,0.0023616010759505315,-0.2205375730288659,Branch Russell,0,0,0,0
2940,5.424050331016445e-07,0.0008866810510056704,-0.11329093558285402,Jack Russell,0,0,0,0
2942,8.345975144632029e-08,0.0003733367799342542,-0.06850412413823238,Jim Russell,0,0,0,0
2943,8.851917573526107e-08,0.00035591387803297415,-0.07225677386533265,John Russell,0,0,0,0
2944,6.892163924672502e-07,0.0010962438234655757,-0.11484066267318649,John Henry Russell,0,0,0,0
2945,2.2434260712699175e-10,0.00011358959253392203,0.00643978830068226,Babe Ruth,1,0,0,0
2946,3.454083944970588e-07,0.0007881615605940813,-0.09589528446057752,Dick Ruthven,0,0,0,0
2949,4.1526410032819525e-08,0.00031111415634861415,-0.05293517909689065,Connie Ryan,0,0,0,0
2950,7.232162512359589e-06,0.005739457387080097,-0.1622028273414359,Jack Ryan,0,0,0,0
2951,0.000495110959011681,0.021180875319194284,-0.6931706860385861,Jimmy Ryan,0,0,1,1
2952,1.2271149861801557e-07,0.0003873937543467788,-0.08154396639912267,Mike Ryan,0,0,0,0
2953,0.00011417395421024294,0.06210556319118586,0.19028514968601293,Nolan Ryan,1,0,1,1
2954,4.441643874854832e-07,0.0006119481679526148,-0.12342162825300365,Red Ryan,0,0,0,0
2955,1.865458255594653e-07,0.000549984246767814,-0.08437384278594462,Rosy Ryan,0,0,0,0
2956,1.4324499922817162e-07,0.0004278534533920095,-0.08383182758275005,Mike Ryba,0,0,0,0
2960,5.0926515460447095e-06,0.002137833324102946,-0.2234240836237157,Ray Sadecki,0,0,0,0
2961,1.6404168442204006e-05,0.007514843468041898,-0.21329898956861032,Johnny Sain,0,0,0,0
2962,1.37055298897223e-07,0.0004049108670275258,-0.084292688064285,Lenn Sakata,0,0,0,0
2964,1.3149912260226528e-07,0.0004638088527117848,-0.07714376306110093,Luis Salazar,0,0,0,0
2965,5.889050170388404e-07,0.0006891926065572471,-0.1339097692537056,Slim Sallee,0,0,0,0
2966,2.7032237007250805e-07,0.0005510156002467112,-0.10147265151256786,Harry Salmon,0,0,0,0
2970,9.608379857649824e-08,0.0004039962160509317,-0.07065751125150829,Joe Sambito,0,0,0,0
2975,8.984157919335541e-08,0.0003912774449680218,-0.0694258087413931,Ken Sanders,0,0,0,0
2979,2.2907634231652584e-06,0.0030965719029034796,-0.12444737137114238,Jack Sanford,0,0,0,0
2980,2.266006772096206e-07,0.0009155946877148775,-0.07205924492440138,Manny Sanguillen,0,0,0,0
2986,0.001983709212992959,0.0029112067981604656,3.7772788043724095,Louis Santop,1,1,0,1
2987,0.0010029714724044399,0.052687775241085366,0.615383118301862,Ron Santo,1,0,1,1
2988,7.869902706170898e-08,0.00033945316357691544,-0.06976388779873578,Tom Satriano,0,0,0,0
2989,6.098348266274061e-07,0.00222693254964468,-0.07574921134426935,Hank Sauer,0,0,0,0
2991,1.7202506034651354e-07,0.0005352069114581137,-0.08213502627915795,Carl Sawatski,0,0,0,0
2992,3.6455410175586785e-06,0.0043677692111585295,-0.13210226810074888,Steve Sax,0,0,0,0
2993,0.0014612935008457854,0.0513301911585553,-0.7530944944699165,George Scales,0,0,1,1
2994,4.6748901798314466e-08,0.00031629536224826694,-0.05570321326571657,Ray Scarborough,0,0,0,0
2995,9.836202099591819e-08,0.0003805520234744312,-0.07366033671325975,Paul Schaal,0,0,0,0
2996,1.9244877137280813e-06,0.001294063270941237,-0.17660714874878927,Germany Schaefer,0,0,0,0
2997,0.0008794159898522553,0.02573806075227715,0.836097228395422,Ray Schalk,1,0,1,1
2998,0.004576476069271554,0.034764164955320545,-1.63352604307094,Wally Schang,0,1,1,1
2999,1.0952988175143537e-06,0.0009319632687013937,-0.15702691236344396,Dan Schatzeder,0,0,0,0
3000,2.3064695738315127e-07,0.0004985904950729287,-0.09853788133337323,Carl Scheib,0,0,0,0
3002,3.249379583718735e-07,0.0005807547051006435,-0.10836458113855506,Dave Schmidt,0,0,0,0
3004,4.0868275179781663e-07,0.0009555196707863381,-0.09472735219933541,Johnny Schmitz,0,0,0,0
3005,7.574785948851777e-06,0.021186427172852337,0.08572667095817427,Mike Schmidt,1,0,1,1
3006,3.281112666338474e-07,0.0008668021054234314,-0.08911933454927361,Walter Schmidt,0,0,0,0
3008,0.00642812561062916,0.10119747950935146,1.0949621766919817,Red Schoendienst,1,1,1,1
3010,7.78029427688353e-06,0.0028817932266817173,-0.23776590291574234,Dick Schofield,0,0,0,0
3013,1.372551153448459e-07,0.0004109500874403154,-0.0837317413640282,Ossee Schrecongost,0,0,0,0
3014,2.1634567589841707e-06,0.001137192159483855,-0.19976516118551516,Pop Schriver,0,0,0,0
3015,0.00010565275565234823,0.017244241016165812,-0.35559104748498577,Frank Schulte,0,0,1,1
3016,6.223043673191177e-07,0.0009169978402889324,-0.11932397171502263,Fred Schulte,0,0,0,0
3017,2.1073670378221613e-07,0.0004797164594618163,-0.09602476097759259,Joe Schultz,0,0,0,0
3018,2.2957101870967795e-06,0.0017499563238032212,-0.16583425430111645,Hal Schumacher,0,0,0,0
3020,1.4763344294374997e-07,0.00045251240980563075,-0.0827539038367468,Ferdie Schupp,0,0,0,0
3021,3.582809815307812e-08,0.0002988558291263792,-0.050167880590767176,Mike Scioscia,0,0,0,0
3022,3.2358825461618826e-06,0.002226748957031761,-0.17449633982808174,Everett Scott,0,0,0,0
3023,2.2849752825166694e-06,0.005433529161565315,-0.0937187109587847,George Scott,0,0,0,0
3024,2.4371721451229343e-07,0.0004874891434304275,-0.10243877902471069,Jack Scott,0,0,0,0
3025,4.148313718480022e-05,0.012478373616916776,-0.26256676838295445,Mike Scott,0,0,0,0
3026,1.556015072186111e-07,0.00040873219242314657,-0.0893939960735453,Tony Scott,0,0,0,0
3030,2.03392890267477e-08,0.0008138390019447942,0.022899789328626723,Tom Seaver,1,0,0,0
3031,1.025692389648411e-05,0.00444292665566828,-0.2196932548513076,Dick Seay,0,0,0,0
3033,1.1491812519875646e-06,0.000955926631882468,-0.1588122346651497,Diego Segui,0,0,0,0
3035,4.826587595160933e-05,0.009026379447943354,-0.3335830670080786,Kip Selbach,0,0,0,0
3037,1.4617970027535225e-07,0.0004520705807111449,-0.08238570645021664,Dick Selma,0,0,0,0
3038,9.699291777153954e-08,0.0004854346497141616,-0.06476029773999116,Andy Seminick,0,0,0,0
3041,7.862974983294013e-07,0.0012429504493472589,-0.11518770231281743,Hank Severeid,0,0,0,0
3042,0.00024865907123200064,0.0430631568318933,0.34064381431842156,Joe Sewell,1,0,1,1
3043,0.0004121001350104299,0.031346464818563104,-0.5171314789654794,Luke Sewell,0,0,1,1
3044,2.4722521303731246e-05,0.007778610288925018,-0.2573411947616224,Rip Sewell,0,0,0,0
3046,9.78865212135779e-06,0.0034502538721510262,-0.2436660706938584,Cy Seymour,0,0,0,0
3047,1.4615329654458417e-06,0.0012663058140524636,-0.15558563818666138,Orator Shafer,0,0,0,0
3048,3.7769632627178362e-06,0.0024389490159612993,-0.18011480356760243,Howie Shanks,0,0,0,0
3049,0.0001136129800647744,0.0385871759613294,-0.24381312490266904,Bobby Shantz,0,0,1,1
3050,3.7769464730099296e-07,0.0005763522350423926,-0.11727646915469496,Joe Shaute,0,0,0,0
3051,1.1810013225990018e-07,0.000510653822855686,-0.06967237743235746,Bob Shaw,0,0,0,0
3053,1.0092092286919453e-06,0.0008557928711109456,-0.15730046598073566,Bob Shawkey,0,0,0,0
3054,4.599547779477965e-07,0.0009722723093927548,-0.09962355316309293,Merv Shea,0,0,0,0
3055,0.00011731184679701753,0.012171655266964437,-0.4471430690249293,Jimmy Sheckard,0,0,0,0
3058,1.0507570507716273e-07,0.0003777888233537853,-0.07641070378299554,John Shelby,0,0,0,0
3059,1.682121866296138e-06,0.0015954779695665949,-0.1486778387359302,Bill Sherdel,0,0,0,0
3060,1.799546072167822e-07,0.0008033450300523363,-0.06855917177466618,Larry Sherry,0,0,0,0
3063,4.378316517053257e-05,0.006487267351408124,-0.3752485692541926,Billy Shindle,0,0,0,0
3065,1.5794216080675486e-07,0.0005373120099122012,-0.07854683749226912,Bob Shirley,0,0,0,0
3066,2.182376543191358e-06,0.001261385776224899,-0.1904918703014533,George Shively,0,0,0,0
3067,9.478443207965721e-07,0.000977763614675556,-0.14260961092015484,George Shoch,0,0,0,0
3068,6.0053244398156615e-05,0.011281747718173031,-0.33244971797817013,Urban Shocker,0,0,0,0
3069,7.063811946311413e-07,0.0010114957065365392,-0.12103958759922857,Chris Short,0,0,0,0
3070,3.5738887771621226e-06,0.0030042297948664034,-0.15781934883301943,Burt Shotton,0,0,0,0
3071,3.7720622037293995e-07,0.0007147468808870725,-0.10523681002346433,Clyde Shoun,0,0,0,0
3073,1.5859828129230857e-07,0.0004828987819609797,-0.08302826164399826,Eric Show,0,0,0,0
3076,2.4666460054624276e-08,0.0003258063691923478,-0.0398669045619898,Dick Siebert,0,0,0,0
3077,9.956562358815773e-07,0.0013974799942655558,-0.1222328352496546,Norm Siebern,0,0,0,0
3078,8.648196970133482e-08,0.00038237873401056116,-0.06890369625747941,Sonny Siebert,0,0,0,0
3080,7.419645498224632e-05,0.018865762229375645,-0.2846611912792331,Roy Sievers,0,0,1,1
3081,1.1944701265291077e-07,0.0004096666641042733,-0.07823354406892583,Charlie Silvera,0,0,0,0
3082,1.3890211349362525e-09,0.00019626576961341956,0.012189872713345243,Al Simmons,1,0,0,0
3083,2.497887478354469e-05,0.007541904741791459,-0.2627312007883424,Curt Simmons,0,0,0,0
3084,0.014051958850383153,0.06168881444674218,2.1185968237835917,Ted Simmons,1,1,1,1
3085,5.044297544257461e-08,0.00033856600557744226,-0.0559261327736996,Harry Simpson,0,0,0,0
3086,6.396523166857697e-08,0.0003218964595210044,-0.06458826608348099,Duke Sims,0,0,0,0
3087,1.514930543667621e-07,0.0004386456628241,-0.08514395446885602,Matt Sinatro,0,0,0,0
3088,6.592021314174799e-07,0.0007420337598374583,-0.13653560722954347,Bill Singer,0,0,0,0
3089,2.913608098639823e-06,0.004557283700141958,-0.11560598521746877,Ken Singleton,0,0,0,0
3091,0.0030431080521678925,0.13886060037367698,0.6295287150459876,George Sisler,1,1,1,1
3092,4.166852589718689e-07,0.0006574741016845654,-0.11532715402835272,Sibby Sisti,0,0,0,0
3094,1.8341648590842933e-07,0.000886075403055398,-0.06590236452474278,Ted Sizemore,0,0,0,0
3095,2.4477898209562675e-07,0.0009390204096624843,-0.07395289711528608,Bob Skinner,0,0,0,0
3096,4.886759657540873e-06,0.004895782148404757,-0.1444253333587747,Bill Skowron,0,0,0,0
3097,4.3133086588539353e-07,0.0009568229038555969,-0.09725037031566663,Jimmy Slagle,0,0,0,0
3098,4.836860296001936e-07,0.0010145655511189496,-0.10000712474435482,Jim Slaton,0,0,0,0
3100,5.274523475860646e-08,0.0008144851058854965,0.036862327515566035,Enos Slaughter,1,0,0,0
3102,1.7386391123482604e-07,0.00046718927027922447,-0.0883825377567524,Roy Smalley,0,0,0,0
3103,4.339472636768293e-08,0.0003904149646308901,-0.048303667082519715,Roy Smalley,0,0,0,0
3105,1.0763538398405741e-07,0.0004980230473779307,-0.06735258794524017,Al Smith,0,0,0,0
3106,4.4766005196065505e-06,0.004892372370438209,-0.1382799115023662,Al Smith,0,0,0,0
3107,8.714170311658022e-07,0.0007909066222417681,-0.15205063986272666,Bob Smith,0,0,0,0
3108,2.7633473000322174e-07,0.0005925051863002663,-0.09893560314694826,Bob Smith,0,0,0,0
3109,4.4347144133426125e-07,0.000629305589282919,-0.12161159557214689,Bryn Smith,0,0,0,0
3110,1.48313399808833e-07,0.0004425336750638767,-0.08387461972249115,Charlie Smith,0,0,0,0
3111,5.317612412074101e-08,0.00030267140636527673,-0.06073185626925658,Charley Smith,0,0,0,0
3112,1.1424840657368767e-06,0.001223904993928745,-0.13992487880285814,Clarence Smith,0,0,0,0
3113,2.42506821353232e-07,0.0006027789209795197,-0.09188860689652235,Dave Smith,0,0,0,0
3114,8.118280692516578e-07,0.0012889169812595397,-0.11493416391089263,Earl Smith,0,0,0,0
3115,8.256051973203922e-08,0.0003694379362669583,-0.0684927927203423,Eddie Smith,0,0,0,0
3116,0.0001330898769553199,0.01274881311550519,-0.46522293192402253,Elmer Smith,0,0,0,0
3117,7.625781927859193e-07,0.0010200013233672928,-0.12523619585217852,Elmer Smith,0,0,0,0
3118,2.637168880153587e-07,0.0005249746740129413,-0.1026822592189948,Frank Smith,0,0,0,0
3119,2.293346820358263e-05,0.003575507690360445,-0.3663513995088507,Germany Smith,0,0,0,0
3120,1.4788680145338926e-07,0.00044643663840954076,-0.08338683237681765,Harry Smith,0,0,0,0
3121,3.5163145611696065e-08,0.0002631809109038846,-0.05296258298782352,Hal Smith,0,0,0,0
3122,0.007087614564820768,0.01628816005068986,2.9981794875714964,Hilton Smith,1,1,0,1
3123,3.033623812832755e-06,0.0020124164788400314,-0.17774367129886917,Jack Smith,0,0,0,0
3125,2.967084479555131e-05,0.011413741885580943,-0.23230997837454678,Lonnie Smith,0,0,0,0
3128,5.375807919459107e-06,0.0025485341465714658,-0.21019974109096196,Pop Smith,0,0,0,0
3129,0.0007966775231598728,0.04612247278395673,-0.5882215708084315,Reggie Smith,0,0,1,1
3131,8.340622380214473e-07,0.0009062648115485103,-0.1389582819651701,Sherry Smith,0,0,0,0
3135,0.0007752195424001321,0.04927240532778411,0.5604645798593387,Duke Snider,1,0,1,1
3136,0.00013122033646547468,0.014883207192278623,-0.42707664089556635,Felton Snow,0,0,0,0
3139,4.624987491129078e-06,0.0031738335617046845,-0.17465562181046154,Frank Snyder,0,0,0,0
3140,1.1982344796861886e-05,0.0025602465317286914,-0.31309994906566624,Pop Snyder,0,0,0,0
3141,1.7782670132818863e-07,0.000576556158651539,-0.08045667711750518,Russ Snyder,0,0,0,0
3144,1.44951604591828e-07,0.0004499903621653346,-0.0822283960062776,Eddie Solomon,0,0,0,0
3145,1.0672932281013982e-06,0.001215763083755188,-0.13569470089668426,Joe Sommer,0,0,0,0
3146,6.614339295138356e-08,0.0003589418287785285,-0.06219606218628448,Lary Sorensen,0,0,0,0
3151,1.4755706954668114e-07,0.0004510141350992257,-0.08286986341132309,Vic Sorrell,0,0,0,0
3152,3.877441900273959e-07,0.0007080523048385625,-0.10720025549082907,Elias Sosa,0,0,0,0
3154,1.9764322410945038e-07,0.0004671705245618148,-0.09423482467563538,Allen Sothoron,0,0,0,0
3156,8.219686053129405e-06,0.005046998366318016,-0.18446839268158652,Mario Soto,0,0,0,0
3157,3.4631492354104894e-06,0.0023088786298783226,-0.1772730645056967,Billy Southworth,0,0,0,0
3158,1.0844742531839513e-08,0.0005135122882821337,0.021053888251988433,Warren Spahn,1,0,0,0
3160,3.133611874573589e-07,0.0005443426950308612,-0.1099202772744385,Al Spangler,0,0,0,0
3161,3.553745803958075e-07,0.0005810031095496926,-0.11330195381914956,Tully Sparks,0,0,0,0
3162,2.3675090205223795e-09,0.0002811637817035721,0.013295807480495364,Tris Speaker,1,0,0,0
3163,4.374080078565571e-07,0.0006746438060282251,-0.11664582443627172,Clyde Spearman,0,0,0,0
3164,9.56955157574317e-07,0.0017082856626593871,-0.10836871567625679,Henry Spearman,0,0,0,0
3165,2.0538621474679077e-06,0.002424902807560041,-0.13320512188404232,Chris Speier,0,0,0,0
3167,5.7403737578560926e-08,0.00032193694720395,-0.061182103283817985,Daryl Spencer,0,0,0,0
3168,9.625687933784465e-08,0.000532668472045039,-0.06158590699368865,Jim Spencer,0,0,0,0
3169,3.243620095684482e-07,0.0005376659204405391,-0.11252566793996205,Roy Spencer,0,0,0,0
3172,3.2405488110837704e-07,0.0005777263503609562,-0.10850065375494972,Dan Spillner,0,0,0,0
3173,2.959720242809593e-07,0.0005438923427785962,-0.10687112217550933,Harry Spilman,0,0,0,0
3174,3.378457359083579e-06,0.0020771732003351806,-0.18462095427136052,Paul Splittorff,0,0,0,0
3177,1.1044088568309137e-07,0.00047463181669238103,-0.06988646516249584,Mike Squires,0,0,0,0
3178,3.0832471362023653e-06,0.002517202253727111,-0.16017969676494043,Chick Stahl,0,0,0,0
3179,8.817150072140253e-08,0.00036177376892627586,-0.07152809425918025,Larry Stahl,0,0,0,0
3180,2.7596675912616455e-07,0.0004979138229956315,-0.10785810727409713,Tuck Stainback,0,0,0,0
3182,6.432033561791691e-07,0.001246264762620898,-0.1040417979566852,Gerry Staley,0,0,0,0
3183,2.3745363787115775e-06,0.0025324747896949343,-0.1401444418762548,Oscar Stanage,0,0,0,0
3184,1.5611553092961269e-07,0.0004661548317562551,-0.08384291316141075,Lee Stange,0,0,0,0
3185,4.585531973975989e-08,0.00031476039746970084,-0.05530267105700817,Don Stanhouse,0,0,0,0
3186,4.07336948873453e-06,0.004210857056331534,-0.14222796439857807,Eddie Stanky,0,0,0,0
3187,9.492639467917862e-07,0.0017883775606346952,-0.10548357633087739,Bob Stanley,0,0,0,0
3188,6.060000518448285e-07,0.0006879777646286463,-0.1359594293485848,Fred Stanley,0,0,0,0
3189,7.686636465913578e-07,0.0015829428438414723,-0.10090233057154084,Mickey Stanley,0,0,0,0
3191,9.994096635238878e-06,0.00492962551339818,-0.2058265305143537,Neck Stanley,0,0,0,0
3193,0.0014590313732159715,0.14098705544877685,0.4320680935599617,Willie Stargell,1,0,1,1
3194,4.7211439559134257e-07,0.0006142411200672697,-0.1270078030530697,Jim Starks,0,0,0,0
3195,1.82477183016269e-05,0.0034526086881291763,-0.33257471693119295,Joe Start,0,0,0,0
3196,0.00010382003572874814,0.027531833257611257,-0.27750471465616094,Rusty Staub,0,0,1,1
3198,5.951893019045839e-07,0.0011842053866118983,-0.10267539686485233,John Stearns,0,0,0,0
3199,0.0015052869163682397,0.04646001399387723,0.8054694581356632,Turkey Stearnes,1,0,1,1
3200,2.2405115381273333e-07,0.0005124943631807887,-0.09579158911738989,Bill Stein,0,0,0,0
3201,4.926224975870049e-06,0.0019809499488354886,-0.22829659412932823,Harry Steinfeldt,0,0,0,0
3203,2.789503259533389e-06,0.0019896595974167957,-0.17141594368828741,Casey Stengel,0,0,0,0
3204,3.000416853184262e-08,0.00027968856124711654,-0.04745722621509883,Rennie Stennett,0,0,0,0
3205,2.980266209016354e-07,0.0005060757532212961,-0.11117816222046248,Gene Stephens,0,0,0,0
3206,3.6023836398645564e-06,0.0024144743475564053,-0.17679435742977984,Jake Stephens,0,0,0,0
3207,1.0468693703347683e-07,0.0003825050169269867,-0.07579738980739913,John Stephenson,0,0,0,0
3208,9.76258143913603e-06,0.004769025781705686,-0.20684217178410486,Riggs Stephenson,0,0,0,0
3209,0.013493201923014111,0.07072658684628433,-1.929512351669305,Vern Stephens,0,1,1,1
3213,1.270145195698309e-07,0.00039547645006119856,-0.08210887941643921,Jimmy Stewart,0,0,0,0
3214,2.422874356283542e-07,0.0006683653071957876,-0.08722138174405264,Lefty Stewart,0,0,0,0
3215,1.560946123243037e-07,0.0004679829576270253,-0.08367330822366204,Sammy Stewart,0,0,0,0
3219,1.127639759638983e-07,0.0004317447447917573,-0.07404360155143112,Bob Stinson,0,0,0,0
3220,1.4834930445247773e-05,0.00796473239321225,-0.19698373429671795,Snuffy Stirnweiss,0,0,0,0
3221,1.2808539741790986e-06,0.0011684186575502923,-0.15163740671683304,Jack Stivetts,0,0,0,0
3222,1.260405360720485e-06,0.0009798486520365332,-0.16427534679649164,Chuck Stobbs,0,0,0,0
3223,2.4108398075526796e-06,0.002088249533738356,-0.15554236426441906,Milt Stock,0,0,0,0
3224,4.1780094157953123e-07,0.0008077236554605721,-0.10418075194035725,Tim Stoddard,0,0,0,0
3225,3.2333190716805815e-06,0.0024573976426030004,-0.16602058385328888,Ed Stone,0,0,0,0
3226,1.9964777587077615e-06,0.0018927624154762262,-0.1486902310034244,John Stone,0,0,0,0
3227,8.881128984159725e-07,0.00250922857850018,-0.0861049396552321,Steve Stone,0,0,0,0
3228,3.3241234518028857e-06,0.002551573830492037,-0.16519213819579748,Mel Stottlemyre,0,0,0,0
3230,2.5619085975776183e-07,0.0006423378121244975,-0.09148927628649145,George Stovall,0,0,0,0
3231,0.0018529435696638113,0.03953965315548179,-0.9722188475420628,Harry Stovey,0,1,1,1
3232,2.283969380711944e-07,0.0005569446839292793,-0.09277432044393046,Sammy Strang,0,0,0,0
3235,3.3814056494052597e-07,0.0007709178272471723,-0.09593714115616836,Sam Streeter,0,0,0,0
3236,4.31923117999796e-06,0.002720552538277035,-0.18234453343888504,Cub Stricker,0,0,0,0
3237,1.4348507291093564e-07,0.00041614311473337965,-0.08507486505255493,George Strickland,0,0,0,0
3238,1.4162158953782665e-07,0.00045430559838305806,-0.08089127144516245,Joe Stripp,0,0,0,0
3239,2.2155864543877922e-06,0.0013729442338561951,-0.1839624620912831,Joe Strong,0,0,0,0
3241,1.5713933415465743e-05,0.0041244176268328036,-0.28227559180423295,Amos Strunk,0,0,0,0
3242,9.705263731683328e-08,0.0005764396730440685,-0.05944443151537081,Dick Stuart,0,0,0,0
3244,1.3020545694363203e-07,0.000427590082165475,-0.07994983261792195,Tom Sturdivant,0,0,0,0
3247,2.1635098142400843e-07,0.0005879018457312738,-0.08788382923228036,Pete Suder,0,0,0,0
3248,1.8222290701082197e-07,0.0004929231045241375,-0.08808754003329403,Willie Sudhoff,0,0,0,0
3249,1.7584596769623535e-06,0.0018034318707536977,-0.1429664128132633,Joe Sugden,0,0,0,0
3250,1.4945345888247227e-06,0.0024258605233503086,-0.11360627240171875,Gus Suhr,0,0,0,0
3251,3.853626083339089e-07,0.0011705166734611477,-0.08310005443121839,Clyde Sukeforth,0,0,0,0
3252,1.3675691469489187e-05,0.00440622499743199,-0.25473700932800186,Billy Sullivan,0,0,0,0
3253,4.6503519178770243e-07,0.0009026723150306031,-0.10396601417731288,Billy Sullivan,0,0,0,0
3254,5.1779903652493484e-08,0.0003149234417998754,-0.058751556420914494,Frank Sullivan,0,0,0,0
3255,1.664879426297014e-07,0.00045948149819866264,-0.08721018913161958,Mike Sullivan,0,0,0,0
3257,1.1299779299674187e-07,0.00038666528971637986,-0.07832367460066574,Homer Summa,0,0,0,0
3258,1.7472148203320308e-07,0.0004620552351002176,-0.08909134079872782,Champ Summers,0,0,0,0
3259,8.027636954871686e-06,0.005935128014852483,-0.16803348214519245,Jim Sundberg,0,0,0,0
3262,0.010999726072793056,0.15000448119151005,-1.1440810278485152,Rick Sutcliffe,0,1,1,1
3263,1.3819763503892509e-07,0.000422952356181633,-0.08281754763943666,Gary Sutherland,0,0,0,0
3264,0.033509831124794165,0.15903428661465774,1.929032431876909,Bruce Sutter,1,1,1,1
3265,0.0020355058212311507,0.061572397056296795,0.8071480054296521,Mule Suttles,1,1,1,1
3266,0.0011747079738787575,0.06498537247107426,0.5957663942240996,Don Sutton,1,0,1,1
3267,0.00013608945256045392,0.008163956038209423,-0.5892390159780697,Ezra Sutton,0,0,0,0
3270,2.8918201038562656e-07,0.000545218420260214,-0.10550950818683047,Craig Swan,0,0,0,0
3274,1.6671606412627074e-07,0.00043145171402131756,-0.09006137302422716,Bill Swift,0,0,0,0
3276,2.4627639892009633e-07,0.0005114727750498293,-0.10053069627424102,Bob Swift,0,0,0,0
3279,5.445178136137669e-08,0.00036289275524599917,-0.05612388536362001,Pat Tabler,0,0,0,0
3280,0.0007405536349663364,0.036656995795999334,-0.639292994603005,Frank Tanana,0,0,1,1
3281,2.1203141030029903e-06,0.0013236102261459358,-0.1832913976119685,Jesse Tannehill,0,0,0,0
3282,1.2156861385143526e-07,0.0004127736237208153,-0.07862755292291145,Lee Tannehill,0,0,0,0
3285,1.0096997538127343e-07,0.0003672997338099592,-0.07596537620971511,Bennie Tate,0,0,0,0
3289,7.399902762294446e-08,0.00042917525779688823,-0.060160592009947514,Frank Taveras,0,0,0,0
3290,0.003182668940581135,0.021804431698212914,1.7315930731252533,Ben Taylor,1,1,1,1
3291,0.00653854522889926,0.10358942071238277,-1.0900489425422846,Candy Jim Taylor,0,1,1,1
3292,2.347054930813301e-07,0.0005254909917514177,-0.09682209994766973,C. I. Taylor,0,0,0,0
3293,1.7061868189014717e-07,0.00045209365341955976,-0.08900420807265892,Hawk Taylor,0,0,0,0
3294,1.554640152381453e-07,0.00045543312297448003,-0.08464734920427457,Jack Taylor,0,0,0,0
3295,2.1690367498148347e-07,0.0006256061628340951,-0.08530150668455774,LeRoy Taylor,0,0,0,0
3296,2.0821327722201696e-07,0.0005001558129141381,-0.09347652570971941,Ron Taylor,0,0,0,0
3297,2.131160822048526e-06,0.0030403738151704917,-0.12114152959775512,Tony Taylor,0,0,0,0
3298,1.5047184458717043e-06,0.0013714549290826192,-0.15168704392821528,Zack Taylor,0,0,0,0
3299,5.021985096616324e-06,0.003725964800039198,-0.16792578580656273,Birdie Tebbetts,0,0,0,0
3300,1.0861936661881198e-05,0.0035389672012462073,-0.25342833571853657,Patsy Tebeau,0,0,0,0
3303,2.912435578443922e-06,0.0025508902055586397,-0.15464550519116707,Kent Tekulve,0,0,0,0
3304,8.634270302843223e-06,0.005848915520651284,-0.17555410480380373,Garry Templeton,0,0,0,0
3305,1.0058735990084462e-06,0.002912216911282953,-0.0850425335204922,Johnny Temple,0,0,0,0
3306,3.5027342706798833e-07,0.0013384046945343867,-0.07408472820743832,Gene Tenace,0,0,0,0
3307,2.6910147182252068e-05,0.009167875113337368,-0.2471345010638119,Fred Tenney,0,0,0,0
3308,1.473033224699457e-07,0.0005200050245791817,-0.07710795790646104,Walt Terrell,0,0,0,0
3309,3.3182504594552133e-06,0.0016023280047772817,-0.20837244957896467,Adonis Terry,0,0,0,0
3310,5.067981550911564e-05,0.02033650191886576,0.2264266271290672,Bill Terry,1,0,1,1
3311,1.6205403304244476e-07,0.0008701506167149294,-0.06251054999640826,Ralph Terry,0,0,0,0
3313,5.7321888086171e-08,0.0003366761997347307,-0.05978476989002921,Tim Teufel,0,0,0,0
3316,2.2036839387143263e-06,0.0020676807716084353,-0.14944902980509997,Tommy Thevenow,0,0,0,0
3317,0.00013937570551339446,0.01147164082975749,-0.5022095682085512,Clint Thomas,0,0,0,0
3318,1.1053502955207436e-06,0.0011013464194697894,-0.14509697388586895,Dave Thomas,0,0,0,0
3319,9.27400145092703e-07,0.0010371157753708228,-0.1369633226797261,Derrel Thomas,0,0,0,0
3320,5.934875257779088e-07,0.0016287013408155808,-0.08740590254882162,Frank Thomas,0,0,0,0
3322,2.577798297542786e-07,0.0004893586914619863,-0.10515118507505412,George Thomas,0,0,0,0
3323,2.586318536772738e-07,0.0010311758271130563,-0.07253711178524393,Gorman Thomas,0,0,0,0
3324,1.527581384373894e-06,0.0015202642028871148,-0.14515163058414046,Ira Thomas,0,0,0,0
3325,2.302706077900168e-05,0.005408101217384437,-0.2982146359031494,Jules Thomas,0,0,0,0
3326,1.3928884813554221e-07,0.000434547126053268,-0.08202665443285467,Pinch Thomas,0,0,0,0
3327,3.5942508977441486e-06,0.0035465736459067013,-0.14562564215424864,Roy Thomas,0,0,0,0
3328,9.011242509820629e-07,0.0010952079644671886,-0.13137591014168962,Tommy Thomas,0,0,0,0
3330,2.968472258423728e-07,0.0007620633464176447,-0.09040970764535262,Hank Thompson,0,0,0,0
3331,6.341617126559526e-08,0.0005895314434807299,-0.047514713687298156,Jason Thompson,0,0,0,0
3334,0.002340770065860818,0.05845029335373517,0.8898510218146137,Sam Thompson,1,1,1,1
3335,2.6317604558186876e-07,0.000582144433014584,-0.09740718745533498,Sandy Thompson,0,0,0,0
3336,1.3302334845212585e-06,0.0017801528223822182,-0.12515783494684765,Bobby Thomson,0,0,0,0
3338,2.5115622536056996e-07,0.0008450558209391573,-0.07896876446288363,Dickie Thon,0,0,0,0
3339,1.4908005897546827e-06,0.004132391371552524,-0.08685993613284772,Andre Thornton,0,0,0,0
3341,0.000592141048284871,0.03403502573504574,-0.5940730886931929,Luis Tiant,0,0,1,1
3342,7.094657542718152e-07,0.0011513482306564828,-0.11368989379986857,Luis Tiant,0,0,0,0
3343,8.954772351634276e-07,0.0014677793658467275,-0.1131065029010776,Dick Tidrow,0,0,0,0
3344,3.3565037697810707e-07,0.0008551465789453261,-0.09075011071025176,Bobby Tiefenauer,0,0,0,0
3345,0.00026679973800660485,0.019327947683190006,-0.5331769615960873,Mike Tiernan,0,0,1,1
3348,0.004061838037191975,0.008689129450964467,3.1195198185880346,Joe Tinker,1,1,0,1
3349,4.506595711830603e-07,0.0007598289131783802,-0.11156063606948755,John Titus,0,0,0,0
3350,4.791900071077622e-07,0.0012638340972564673,-0.08917515606464231,Jack Tobin,0,0,0,0
3351,1.5085567070570355e-07,0.00043531034879729465,-0.08528966810652827,Al Todd,0,0,0,0
3352,6.798512817566553e-07,0.0013222924773037585,-0.10384020144042931,Bobby Tolan,0,0,0,0
3353,1.0711959374680931e-07,0.00039966910437476286,-0.0750079010590143,Wayne Tolleson,0,0,0,0
3355,5.351589579888594e-07,0.0006995334904251007,-0.1267053160411981,Dave Tomlin,0,0,0,0
3357,2.7983257798213276e-07,0.0005177209432145973,-0.10651198205799141,Fred Toney,0,0,0,0
3358,6.806527091091359e-08,0.00032047786041458734,-0.06677345033425548,Jeff Torborg,0,0,0,0
3359,2.008168988027112e-06,0.0018910162261356368,-0.14919392171778603,Earl Torgeson,0,0,0,0
3361,0.006957116748850909,0.07713675457372395,-1.3220938551327983,Joe Torre,0,1,1,1
3362,2.996777026702376e-06,0.0021831372083593336,-0.1695984061309342,Mike Torrez,0,0,0,0
3365,0.0019800857888597834,0.0073077449141217615,2.3766612092636965,Cristóbal Torriente,1,1,0,1
3366,1.2812649923352034e-07,0.0008308281415979623,-0.05688438160907653,Cesar Tovar,0,0,0,0
3369,8.415476856304799e-06,0.004728620714708644,-0.19286460397603122,Cecil Travis,0,0,0,0
3370,8.57304714205287e-11,5.969645379914764e-05,0.0054914878039547975,Pie Traynor,1,0,0,0
3371,4.563862080253426e-06,0.0030426556150237407,-0.17720982311429337,Ted Trent,0,0,0,0
3372,3.7584970470741676e-08,0.000342123697855476,-0.04802317520027947,Mike Tresh,0,0,0,0
3373,1.9320725643412344e-07,0.0004453217918626366,-0.09543060304813003,Alex Trevino,0,0,0,0
3374,4.4974265030467846e-08,0.00046421553478722863,-0.04509527330169344,Gus Triandos,0,0,0,0
3375,6.782970120915047e-05,0.018799295353255273,-0.2726639610653488,Manny Trillo,0,0,1,1
3377,7.891680832400173e-07,0.0016399086642513254,-0.10044496678119037,Hal Trosky,0,0,0,0
3378,0.00029603083462782857,0.044658411744603214,-0.36467486211031247,Quincy Trouppe,0,0,1,1
3379,1.65008432405449e-05,0.008789883873454439,-0.1976760301563593,Dizzy Trout,0,0,0,0
3380,3.0501077800772215e-07,0.0005592064432653529,-0.10699406623819624,Steve Trout,0,0,0,0
3381,3.1272981085926554e-06,0.003281791015616437,-0.14122937065173,Virgil Trucks,0,0,0,0
3383,2.1143959747399536e-07,0.00048640235153443815,-0.09552110317054095,John Tsitouris,0,0,0,0
3385,3.938629383959451e-05,0.007415076129246917,-0.33274246977223537,Tommy Tucker,0,0,0,0
3386,2.6653539384541714e-06,0.0029280048439517432,-0.1380589147554207,John Tudor,0,0,0,0
3388,4.156499318899958e-06,0.004736527497959781,-0.13542925996127145,Bob Turley,0,0,0,0
3389,2.522364796124841e-07,0.0005225749650302347,-0.10065278363121334,Cool Turner,0,0,0,0
3390,1.1218790408173412e-07,0.00039856103116374527,-0.0768685491418242,Jerry Turner,0,0,0,0
3391,8.281056092465231e-06,0.0034256015689175775,-0.22492563187528003,Terry Turner,0,0,0,0
3392,7.408248537698337e-08,0.0003378224369349247,-0.06784999258294651,Bill Tuttle,0,0,0,0
3393,3.881987632283309e-08,0.0002930647320582204,-0.05273407040177942,Wayne Twitchell,0,0,0,0
3394,2.547477157228922e-07,0.0005029743455115194,-0.10310568989845818,Lefty Tyler,0,0,0,0
3395,7.176703963061237e-08,0.0003413751266645013,-0.06643272772777563,Mike Tyson,0,0,0,0
3397,0.00024217308008021743,0.018590671920593237,-0.5181435871896389,George Uhle,0,0,1,1
3398,2.430992899331287e-07,0.0005368619753483716,-0.09748853870365301,Tom Underwood,0,0,0,0
3399,3.9387316258173005e-07,0.0008302127209982965,-0.09977294635578743,Del Unser,0,0,0,0
3400,2.7990770230207887e-08,0.0002473859879892079,-0.04873890832449174,Willie Upshaw,0,0,0,0
3403,7.762859127164127e-08,0.0003667336870336077,-0.06666002124145895,Jose Uribe,0,0,0,0
3406,7.42433948637536e-08,0.0003390341732901446,-0.06780210665819282,Mike Vail,0,0,0,0
3409,5.5616424222392057e-08,0.0003264300674649467,-0.059806061977205324,Bobby Valentine,0,0,0,0
3410,7.064551663008559e-09,0.0001469153145077741,-0.031775069629874635,Ellis Valentine,0,0,0,0
3416,2.522288426281922e-05,0.006240201469559467,-0.29043464930700946,Elmer Valo,0,0,0,0
3418,0.002567395941394232,0.06894753331049917,0.8532647085830285,Dazzy Vance,1,1,1,1
3419,5.174699859637475e-05,0.015373581070699098,-0.26381558671968114,Johnny Vander Meer,0,0,0,0
3421,1.6086815593730627e-07,0.00043633809505727735,-0.08797076186325913,Elam Vangilder,0,0,0,0
3422,0.0009734477939104227,0.02775387475967895,-0.8462375228484091,George Van Haltren,0,0,1,1
3427,1.7518126346145501e-06,0.00449049532855821,0.09030858871587424,Arky Vaughan,1,0,0,0
3428,3.0970468217500926e-06,0.0015207739304508804,-0.20664301044621985,Farmer Vaughn,0,0,0,0
3430,1.1047456654594771e-05,0.0056813474234430825,-0.20150133128408154,Hippo Vaughn,0,0,0,0
3433,0.0001004401829954303,0.01542789758678465,-0.36688823407902377,Bobby Veach,0,0,0,0
3434,2.779636472659667e-07,0.0007897789032857075,-0.08593682766699837,Bob Veale,0,0,0,0
3436,1.6890905831423053e-07,0.0006760632079752639,-0.0724095105486765,Otto Velez,0,0,0,0
3437,2.6218945179590166e-07,0.0004818291362993957,-0.1068725256395918,Max Venable,0,0,0,0
3440,0.004079504914352573,0.041021024110901486,-1.415189740381153,Mickey Vernon,0,1,1,1
3441,1.3340531461963862e-06,0.003064687889558923,-0.0954633293495519,Zoilo Versalles,0,0,0,0
3442,1.1263674713358821e-07,0.00037158090392440754,-0.07977049759213331,Tom Veryzer,0,0,0,0
3446,2.507446238971319e-07,0.000524687857842757,-0.10015231470159353,Manuel Villa,0,0,0,0
3451,3.5346771340082967e-07,0.0014981146071236515,-0.07033742222273115,Bill Virdon,0,0,0,0
3452,7.247515826978098e-08,0.00033570489865786235,-0.06732129858622048,Ozzie Virgil,0,0,0,0
3453,6.087005889521389e-07,0.0009019718677342447,-0.11899235591375772,Ossie Vitt,0,0,0,0
3458,2.2365000499000836e-07,0.0005713917027563852,-0.09063647923254518,Clyde Vollmer,0,0,0,0
3461,8.148677176248853e-06,0.00495434017234407,-0.18538807604394478,Joe Vosmik,0,0,0,0
3462,8.263722678759656e-07,0.0016972391908527203,-0.10103157535531253,Pete Vuckovich,0,0,0,0
3463,1.3659270855046986e-07,0.0004162773214419451,-0.08299302947478562,John Vukovich,0,0,0,0
3464,0.006053670962226622,0.002294673348880393,7.434636900793554,Rube Waddell,1,1,0,1
3466,6.482647548402818e-08,0.0003630252933164781,-0.06122637762772798,Hal Wagner,0,0,0,0
3467,5.053954327476007e-06,0.0025046829670164555,-0.2055911213736591,Heinie Wagner,0,0,0,0
3468,3.522746891099974e-07,0.0019429809704720271,0.06164441997496747,Honus Wagner,1,0,0,0
3469,3.386436914679947e-07,0.001312329193054704,-0.07356556781349811,Leon Wagner,0,0,0,0
3470,1.405194233788279e-08,0.000218128533432183,-0.0367768235402528,Eddie Waitkus,0,0,0,0
3471,2.6089498821361064e-07,0.0006506940277266184,-0.09173028922322805,Rick Waits,0,0,0,0
3474,2.465639628584086e-06,0.0019365761274324543,-0.1633564290821409,Rube Walberg,0,0,0,0
3475,3.6509383451750196e-07,0.0007138201795116195,-0.1036006372557337,Bob Walk,0,0,0,0
3476,6.788854891407363e-08,0.0003883994857113093,-0.060573717946016827,Bill Walker,0,0,0,0
3477,1.8621631256294283e-07,0.0004556651215401984,-0.09261826604226277,Chico Walker,0,0,0,0
3478,3.893681056471462e-06,0.003032482267857794,-0.16395746836367017,Curt Walker,0,0,0,0
3479,0.002489922520095393,0.0629776723888604,-0.882031775499971,Dixie Walker,0,1,1,1
3480,2.7437414889988404e-07,0.0008995780644621359,-0.07999565252464258,Edsall Walker,0,0,0,0
3481,2.6091013641253105e-06,0.0031552751087086713,-0.13156799763160207,Gee Walker,0,0,0,0
3482,8.113214219425389e-08,0.0005378691032156364,-0.05626664130287355,Harry Walker,0,0,0,0
3483,1.0555356172315059e-05,0.004471159128350931,-0.22215850968465797,Hoss Walker,0,0,0,0
3487,9.755207389788139e-08,0.0003628538590646313,-0.07512478126921136,Rube Walker,0,0,0,0
3488,4.794094732448054e-07,0.000887599327276112,-0.10645391689099272,Tillie Walker,0,0,0,0
3490,0.001037006338431352,0.042737228174533945,0.6984137191686685,Bobby Wallace,1,0,1,1
3491,2.9042955366349717e-07,0.0005209061668351709,-0.10817755434968793,Dick Wallace,0,0,0,0
3493,3.889046855989694e-06,0.0017099995314197073,-0.21835422517238645,Denny Walling,0,0,0,0
3494,4.453096604585637e-08,0.00027771723271690035,-0.05802016736852826,Lee Walls,0,0,0,0
3495,0.004831748390830543,0.03374491342196835,1.7045256469432195,Ed Walsh,1,1,1,1
3496,0.013214937356116431,0.051113706013721116,-2.2697634755012523,Bucky Walters,0,1,1,1
3497,1.5799522998269776e-07,0.0004271946463978816,-0.08811015198476722,Roxy Walters,0,0,0,0
3499,1.2311936572302798e-06,0.0011495505849095178,-0.149885293749809,Bill Wambsganss,0,0,0,0
3500,0.012695528046922042,0.03590421557368106,2.6756074869330893,Lloyd Waner,1,1,1,1
3501,1.0783668772321927e-07,0.001209165872725993,0.04325011342143696,Paul Waner,1,0,0,0
3502,4.3723259668278034e-07,0.0006700483185956756,-0.11702194297764987,Aaron Ward,0,0,0,0
3504,1.435639883866239e-07,0.0006788997402970564,-0.06661654617609256,Gary Ward,0,0,0,0
3505,0.003208092476923568,0.03434067858950973,1.3763871802023981,John Ward,1,1,1,1
3507,0.00013817731299317057,0.012891349829805143,-0.47136930764469587,Frank Warfield,0,0,0,0
3508,5.131689172623829e-07,0.0006291038574659371,-0.130840439338213,Jack Warner,0,0,0,0
3509,0.011624210323763165,0.0436587908705029,-2.312394672795078,Lon Warneke,0,1,1,1
3510,1.7534173917369998e-07,0.00045464443670339017,-0.08997412141047212,Rabbit Warstler,0,0,0,0
3511,1.9965810783251445e-07,0.0004776859421894981,-0.09366517299339026,Jimmy Wasdell,0,0,0,0
3514,1.7406119587755327e-07,0.0004898542316671021,-0.08636162395174117,Ray Washburn,0,0,0,0
3515,7.697652919535933e-07,0.0014434180882411053,-0.1057496838354151,Claudell Washington,0,0,0,0
3516,6.174954186823417e-07,0.000819365270982439,-0.12575050716356556,Namon Washington,0,0,0,0
3517,3.768112563431406e-07,0.0006280363420503674,-0.11221289691729287,Pete Washington,0,0,0,0
3518,1.20037312499332e-07,0.00039942653513257576,-0.0794259779558752,Ron Washington,0,0,0,0
3519,2.0521077926959885e-07,0.0004851795354132754,-0.09422217258774432,U. L. Washington,0,0,0,0
3520,4.158969960923384e-08,0.0002730486663399602,-0.056548776056404654,John Wathan,0,0,0,0
3521,2.258599708217652e-06,0.0027263252724324376,-0.1317187570923106,Bob Watson,0,0,0,0
3523,1.4186975155852943e-07,0.00044595780198721934,-0.08171669778182623,Eddie Watt,0,0,0,0
3525,6.905443728951176e-08,0.000386197922957488,-0.061265586839366205,Roy Weatherly,0,0,0,0
3528,3.579817583362758e-07,0.0007005160401172505,-0.10355686282889912,Skeeter Webb,0,0,0,0
3533,4.411761197625155e-07,0.0006056148291995216,-0.1236476446215769,Herm Wehmeier,0,0,0,0
3535,2.9213879312180655e-07,0.0005331942304362248,-0.10723726510271633,Bob Weiland,0,0,0,0
3536,1.065768590431322e-07,0.00045345319653700795,-0.07023868683288992,Al Weis,0,0,0,0
3538,8.463873622766379e-05,0.015552295068760474,-0.3354233670384637,Bob Welch,0,0,0,0
3539,1.2357679730990676e-05,0.005216720087007296,-0.2224557247478585,Curt Welch,0,0,0,0
3540,0.0017315050915019657,0.0005841801366180927,7.887170889595626,Mickey Welch,1,1,0,1
3542,2.389154051307672e-07,0.0005063694932931189,-0.09951486838957846,Ed Wells,0,0,0,0
3545,0.00016838755736051607,0.02959962996555493,0.3404842142884401,Willie Wells,1,0,1,1
3547,1.985308583786318e-06,0.002179857850631434,-0.13814516953902206,Billy Werber,0,0,0,0
3549,8.56567256523334e-05,0.01534843221780309,-0.33970321715186275,Vic Wertz,0,0,0,0
3550,3.008532008725078e-07,0.0006726010490092166,-0.09688623796335293,Edgar Wesley,0,0,0,0
3553,0.00014724981688744512,0.012800422152998226,-0.4883456945687016,Jim West,0,0,0,0
3554,1.0888806999404876e-07,0.000444073959336065,-0.07174236566902763,Wally Westlake,0,0,0,0
3555,3.464054091457011e-08,0.00033240432937627957,-0.04677313194165595,Wes Westrum,0,0,0,0
3556,0.0010413355382035705,0.029952367878509963,-0.8415616603049609,Sam West,0,0,1,1
3558,9.643752515557042e-07,0.0007920007783619108,-0.15984454604989098,Gus Weyhing,0,0,0,0
3559,0.0003534166855209644,0.04921127900116525,0.3786717062023769,Zack Wheat,1,0,1,1
3562,0.0001269314698231563,0.02752914940628424,-0.30685711790369957,Bill White,0,0,1,1
3563,4.697037369852863e-05,0.006120068854117214,-0.40023075818333415,Chaney White,0,0,0,0
3564,0.001167472034010034,0.017320132680566463,1.179405944493707,Deacon White,1,0,1,1
3566,4.602335374656567e-07,0.0006140925201869708,-0.1254147120892055,Doc White,0,0,0,0
3567,2.5006291534437624e-05,0.004515211755551961,-0.3402612906843976,Earl Whitehill,0,0,0,0
3568,0.00013183350419841737,0.0374125981914443,-0.266890857615225,Frank White,0,0,1,1
3570,2.9949720204742576e-07,0.0005457442831967394,-0.10732302257731506,Hal White,0,0,0,0
3571,1.4398977151543834e-07,0.00039474705803581165,-0.08750447882447716,Jerry White,0,0,0,0
3575,1.83289722037928e-07,0.0009299833111011682,-0.06430416287615004,Roy White,0,0,0,0
3577,1.313928464266533e-08,0.0002327957329016511,-0.0344236916817857,Sammy White,0,0,0,0
3578,2.732448402808565e-07,0.0005569643555513843,-0.10147310606687092,Sol White,0,0,0,0
3579,2.320881608069878e-07,0.0005525414704576158,-0.09389310155328374,Will White,0,0,0,0
3580,5.55931143126376e-08,0.00029484275784097706,-0.0629159680397065,Terry Whitfield,0,0,0,0
3581,8.201495046262079e-07,0.0009019209795688248,-0.13812617269539848,Art Whitney,0,0,0,0
3582,4.0084203335927283e-07,0.0007002251792172796,-0.10960372357177216,Jim Whitney,0,0,0,0
3583,4.0264421295800625e-06,0.003586565740924438,-0.1532677448811722,Pinky Whitney,0,0,0,0
3584,2.529134786315869e-07,0.0007342441671289566,-0.08501897889326593,Ed Whitson,0,0,0,0
3585,2.442876794515165e-07,0.0007498479131802152,-0.08268199506315288,Ernie Whitt,0,0,0,0
3586,5.80716546217143e-07,0.000839500247847884,-0.12047556217490177,George Whitted,0,0,0,0
3587,6.814987935477256e-08,0.0003429242297313114,-0.06459049744920693,Dave Wickersham,0,0,0,0
3589,2.901070231781298e-07,0.0005347493050745178,-0.10670812869773617,Frank Wickware,0,0,0,0
3593,3.020823506896905e-07,0.000541337661485856,-0.10822326208477552,Bill Wight,0,0,0,0
3594,1.7818625911536191e-06,0.001619179460839212,-0.15189636258642608,Milt Wilcox,0,0,0,0
3595,6.91558936172089e-07,0.0007140734706922005,-0.14255999860816757,Doc Wiley,0,0,0,0
3596,1.2526481791425732e-07,0.0003910642231926491,-0.08200025915908082,Rob Wilfong,0,0,0,0
3597,0.008485712755098868,0.04322512222595995,1.9860518268794585,Hoyt Wilhelm,1,1,1,1
3598,1.39561720600645e-07,0.0004113381152804811,-0.08439252648064723,Curt Wilkerson,0,0,0,0
3600,6.382093972737008e-08,0.00037250985643876635,-0.05997102282017824,Ted Wilks,0,0,0,0
3601,1.686572908734993e-07,0.0004806337150266527,-0.08582240843885192,Ed Willett,0,0,0,0
3603,0.0040509006618348236,0.07473992238762373,1.0262213241837412,Billy Williams,1,1,1,1
3604,1.633708766599832e-06,0.0010795499305273925,-0.17817265529605353,Bobby Williams,0,0,0,0
3605,5.394704486782887e-06,0.003771463508216487,-0.1729888099889653,Chester Williams,0,0,0,0
3606,2.9788123743224203e-07,0.0005790506867567311,-0.1039075621908477,Clarence Williams,0,0,0,0
3607,8.527981446057083e-05,0.013229868669935838,-0.3654794829966568,Cy Williams,0,0,0,0
3608,1.380547864909449e-07,0.00043029452067880455,-0.08206519700126402,Dick Williams,0,0,0,0
3611,2.4901745009269096e-06,0.0020230800428078163,-0.16061209759982137,Harry Williams,0,0,0,0
3613,2.6941262603392033e-05,0.008483517319582195,-0.2571464976600865,Jimmy Williams,0,0,0,0
3614,1.1765344142033017e-06,0.0011702595302148938,-0.14521671364851776,Jim Williams,0,0,0,0
3615,9.21401274670046e-08,0.00042968751906337447,-0.0670910141381673,Jim Willis,0,0,0,0
3617,0.004066800096006877,0.007040788960696036,3.470492425132773,Joe Williams,1,1,0,1
3618,5.3146363715801555e-06,0.0030360787361949837,-0.19143865352035472,Ken Williams,0,0,0,0
3622,2.2399959455979737e-05,0.004335340969487879,-0.32868370941693104,Ed Williamson,0,0,0,0
3623,1.9280555525417533e-07,0.0005141050877258403,-0.0887220979540538,Nish Williams,0,0,0,0
3624,3.922520456063918e-07,0.0006746561685466759,-0.11045985250276213,Poindexter Williams,0,0,0,0
3625,4.338494849661468e-07,0.000735052154771945,-0.11129110121100609,Stan Williams,0,0,0,0
3626,7.70048019574029e-07,0.0007828514947266865,-0.14366758725971324,String Bean Williams,0,0,0,0
3627,1.932184461903594e-15,4.5608660370358015e-07,0.000298270417262616,Ted Williams,1,0,0,0
3628,0.003698366404164342,0.0010664431324896454,8.52931326203605,Vic Willis,1,1,0,1
3629,3.7598878795956906e-08,0.00026060112490041,-0.055036696152327313,Walt Williams,0,0,0,0
3631,0.000745608292183748,0.06439792747957511,-0.4769519780656919,Maury Wills,0,0,1,1
3632,7.2701550364115405e-06,0.00317494509125752,-0.21893885715236064,Walt Wilmot,0,0,0,0
3633,4.6706098741970285e-07,0.0005942687671737903,-0.12843278759101653,Art Wilson,0,0,0,0
3637,4.877770551776044e-06,0.00376941131169813,-0.16453697270455034,Dan Wilson,0,0,0,0
3638,8.322429106278631e-07,0.0011563796998176905,-0.12286642446561641,Earl Wilson,0,0,0,0
3639,5.180996553851159e-09,0.0001251046231270671,-0.029488484385867344,Glenn Wilson,0,0,0,0
3640,0.0015963645409789835,0.06362681256167507,0.7023928541786348,Hack Wilson,1,0,1,1
3642,7.858089555776248e-05,0.01146535650719079,-0.3771987975768925,Jimmie Wilson,0,0,0,0
3643,4.301020531009388e-07,0.0009571211427584026,-0.09709659818820936,Jim Wilson,0,0,0,0
3644,0.0030424755864891517,0.05369624102072938,1.061124981229854,Jud Wilson,1,1,1,1
3645,1.363648782232079e-07,0.0006077990609484078,-0.06861970986615701,Mookie Wilson,0,0,0,0
3647,2.1077036279499385e-07,0.0005429309700130899,-0.09026599696165967,Ray Wilson,0,0,0,0
3648,8.387473621429907e-08,0.000347741791026962,-0.07115759535115324,Red Wilson,0,0,0,0
3649,9.663428857557184e-05,0.027261604127567472,-0.26909002562731094,Willie Wilson,0,0,1,1
3650,3.81163809912488e-07,0.0006056478819876097,-0.11492746330542357,Hooks Wiltse,0,0,0,0
3651,9.530240745476878e-08,0.0004290708612427741,-0.0682816301052189,Bobby Wine,0,0,0,0
3653,3.3737229112976176e-05,0.009360732275836583,-0.27382128860714,Ivey Wingo,0,0,0,0
3655,2.189510103040172e-07,0.0005453777623151448,-0.09179435016155146,Bobby Winston,0,0,0,0
3656,2.98010011099552e-07,0.0005813214067226065,-0.10372672052301586,Nip Winters,0,0,0,0
3658,3.1573413612821596e-06,0.002604443355791136,-0.15934802063759435,Rick Wise,0,0,0,0
3659,2.9610231792784598e-05,0.005811302230835503,-0.3261581465262171,Sam Wise,0,0,0,0
3662,8.18433879975749e-07,0.0020513820245106266,-0.09143916776511565,Mike Witt,0,0,0,0
3663,1.7647384139854375e-07,0.0006048995432089524,-0.07824863976650327,Whitey Witt,0,0,0,0
3664,1.6499068767226954e-07,0.0004359752810800553,-0.08912791335990676,John Wockenfuss,0,0,0,0
3666,7.356093746321425e-07,0.0007311233340333535,-0.1453045230077247,Jim Wohlford,0,0,0,0
3667,4.143864377361627e-06,0.0025614045925969166,-0.1840841542344359,Chicken Wolf,0,0,0,0
3670,1.9974143517847022e-07,0.000506462798473533,-0.09098293663525596,Larry Woodall,0,0,0,0
3671,9.686263408963458e-08,0.00036810005520371313,-0.07432328505122282,Hal Woodeshick,0,0,0,0
3672,2.718261411945887e-05,0.006672531793747731,-0.2915118099883042,George Wood,0,0,0,0
3673,1.5359366257535103e-05,0.004045941861148798,-0.281777381859203,Smoky Joe Wood,0,0,0,0
3675,2.1917979048032714e-06,0.004220406977929794,-0.10421118774648919,Gene Woodling,0,0,0,0
3677,9.65939217652953e-05,0.012666734002029358,-0.3976345443284742,Wilbur Wood,0,0,0,0
3680,9.877467071158453e-07,0.0009847756491757425,-0.14506072556597785,Al Worthington,0,0,0,0
3681,5.356082804455845e-08,0.00031628816463596986,-0.05962427703543808,Clyde Wright,0,0,0,0
3683,5.560241798686312e-06,0.0024561177563822093,-0.21776992362343298,George Wright,0,0,0,0
3684,6.766167963529306e-05,0.01184777883731965,-0.34425042961601254,Glenn Wright,0,0,0,0
3687,7.996374772872943e-07,0.0014269455423782163,-0.1084032840945638,Johnny Wright,0,0,0,0
3688,0.00022246563693956663,0.03243514222981647,-0.3733131221409046,Wild Bill Wright,0,0,1,1
3689,9.815799496299355e-05,0.014645100972665458,-0.37241112111326763,Whit Wyatt,0,0,0,0
3690,3.0652274269175213e-07,0.0007169850927720668,-0.09471749169664027,Butch Wynegar,0,0,0,0
3691,0.0011323424559191064,0.07754190923606101,0.5318677041234668,Early Wynn,1,0,1,1
3692,1.1071606438425779e-05,0.0058165625983781465,-0.19934944267055457,Jim Wynn,0,0,0,0
3693,4.6552707003312246e-08,0.0003136350843646625,-0.055821523137832285,Johnny Wyrostek,0,0,0,0
3694,2.455371166032065e-07,0.0005684126302048882,-0.09521665031104207,Bill Yancey,0,0,0,0
3696,2.1646881285940792e-05,0.01925353156545797,0.15217050815894337,Carl Yastrzemski,1,0,1,1
3697,2.0562571429212344e-07,0.0005033692699056852,-0.09259673576460294,Joe Yeager,0,0,0,0
3698,3.1192075713863684e-07,0.001003278335671357,-0.08076126258144276,Steve Yeager,0,0,0,0
3699,6.887352672566418e-07,0.0007554165091851785,-0.13831792775554497,Laymon Yokely,0,0,0,0
3700,0.0010676734891337898,0.06092817700996572,-0.5878536102279938,Rudy York,0,0,1,1
3701,2.8930085035417844e-05,0.004160582315678444,-0.3813309886493135,Tom York,0,0,0,0
3702,8.291852496146016e-07,0.0021953574782028725,-0.08896221086684114,Eddie Yost,0,0,0,0
3706,2.2364282275488995e-07,0.0005176997666380495,-0.09522164923212983,Curt Young,0,0,0,0
3707,0.004204102307305017,0.030199006157510953,1.683802974971296,Cy Young,1,1,1,1
3712,1.0837559449420325e-07,0.0004125522319908006,-0.07425852527393943,Joel Youngblood,0,0,0,0
3714,6.831383331850329e-08,0.00032928457019131956,-0.06599435214739008,Matt Young,0,0,0,0
3716,8.925396917465731e-08,0.00039401082975108075,-0.06895785786442593,Pep Young,0,0,0,0
3717,0.009694824063882428,0.01634392654674917,3.500443332804037,Ross Youngs,1,1,0,1
3718,1.325243304493123e-06,0.0009736345753345849,-0.16898491502942392,Tom Young,0,0,0,0
3719,0.020020927913041702,0.05204750825138617,2.767228763369874,Robin Yount,1,1,1,1
3720,1.3265155482659663e-05,0.004382171353710195,-0.25157499600542804,Tom Zachary,0,0,0,0
3721,1.0845005252774134e-07,0.0006632363623510499,-0.05857958608022368,Pat Zachry,0,0,0,0
3722,1.6035802945921883e-06,0.001646071496364422,-0.1429133899864035,Geoff Zahn,0,0,0,0
3724,2.716774365517614e-08,0.00023120420289796125,-0.049669336582197875,Al Zarilla,0,0,0,0
3727,1.670428166558719e-08,0.0002594458312522475,-0.036765786073085394,Gus Zernial,0,0,0,0
3729,6.200147659052028e-05,0.006166266231246732,-0.45809588940838475,Charles Zimmer,0,0,0,0
3730,4.514770831310003e-08,0.0002830423680327255,-0.05786824447302622,Don Zimmer,0,0,0,0
3731,0.00019738744616186316,0.01512724590192336,-0.5194928082418141,Heinie Zimmerman,0,0,0,0
3734,4.348702272879895e-07,0.0014968620371570813,-0.07805007325811737,Richie Zisk,0,0,0,0
3737,2.3251506931386946e-07,0.0005109148690908212,-0.09773496383840506,Bill Zuber,0,0,0,0
