pitch_type,game_date,release_speed,release_pos_x,release_pos_z,player_name,batter,pitcher,events,description,spin_dir,spin_rate_deprecated,break_angle_deprecated,break_length_deprecated,zone,des,game_type,stand,p_throws,home_team,away_team,type,hit_location,bb_type,balls,strikes,game_year,pfx_x,pfx_z,plate_x,plate_z,on_3b,on_2b,on_1b,outs_when_up,inning,inning_topbot,hc_x,hc_y,tfs_deprecated,tfs_zulu_deprecated,umpire,sv_id,vx0,vy0,vz0,ax,ay,az,sz_top,sz_bot,hit_distance_sc,launch_speed,launch_angle,effective_speed,release_spin_rate,release_extension,game_pk,fielder_2,fielder_3,fielder_4,fielder_5,fielder_6,fielder_7,fielder_8,fielder_9,release_pos_y,estimated_ba_using_speedangle,estimated_woba_using_speedangle,woba_value,woba_denom,babip_value,iso_value,launch_speed_angle,at_bat_number,pitch_number,pitch_name,home_score,away_score,bat_score,fld_score,post_away_score,post_home_score,post_bat_score,post_fld_score,if_fielding_alignment,of_fielding_alignment,spin_axis,delta_home_win_exp,delta_run_exp,bat_speed,swing_length,estimated_slg_using_speedangle,delta_pitcher_run_exp,hyper_speed,home_score_diff,bat_score_diff,home_win_exp,bat_win_exp,age_pit_legacy,age_bat_legacy,age_pit,age_bat,n_thruorder_pitcher,n_priorpa_thisgame_player_at_bat,pitcher_days_since_prev_game,batter_days_since_prev_game,pitcher_days_until_next_game,batter_days_until_next_game,api_break_z_with_gravity,api_break_x_arm,api_break_x_batter_in,arm_angle,attack_angle,attack_direction,swing_path_tilt,intercept_ball_minus_batter_pos_x_inches,intercept_ball_minus_batter_pos_y_inches
FF,2015-04-05,98.1,-1.05,6.15,"Rosenthal, Trevor",570489,572096,strikeout,swinging_strike,,,,,11,Arismendy Alcantara strikes out swinging.,R,L,R,CHC,STL,S,2,,3,2,2015,-0.48,1.6,-0.3123747100747272,3.5912210421971995,,,,2,9,Bot,,,,,,150405_222345,3.2924506329844063,-143.80310166682776,-4.7513157216396325,-7.178,33.752,-9.637,3.36,1.55,,,,97.3,2352,5.8,413661,425877,571431,543939,572761,425509,445055,488721,518792,54.5,,0.0,0.0,1,0,0,,75,6,4-Seam Fastball,0,3,0,3,3,0,0,3,Standard,Strategic,,-0.007,-0.31,,,,0.31,,-3,-3,0.007,0.007,25,23,25,24,1,1,,,6,3,0.8,0.48,-0.48,,,,,,
CH,2015-04-05,86.6,-0.72,6.14,"Rosenthal, Trevor",570489,572096,,ball,,,,,12,,R,L,R,CHC,STL,B,,,2,2,2015,-1.14,1.32,1.3769351238821863,2.9696941966601673,,,,2,9,Bot,,,,,,150405_222329,7.731792582473285,-126.79466298310824,-3.3829600101414963,-13.388,24.588,-17.663,3.36,1.55,,,,86.2,1774,5.8,413661,425877,571431,543939,572761,425509,445055,488721,518792,54.5,,,,,,,,75,5,Changeup,0,3,0,3,3,0,0,3,Standard,Strategic,,0.002,0.098,,,,-0.098,,-3,-3,0.005,0.005,25,23,25,24,1,1,,,6,3,1.75,1.14,-1.14,,,,,,
FF,2015-04-05,97.4,-1.04,6.18,"Rosenthal, Trevor",570489,572096,,foul,,,,,13,,R,L,R,CHC,STL,S,,,2,1,2015,-0.95,1.53,-0.8415614583579675,2.1324135413048957,,,,2,9,Bot,,,,,,150405_222307,3.0795561447618436,-142.67143687508022,-8.393183007670247,-13.219,34.786,-10.069,3.36,1.55,218,81.0,59,96.8,2461,6.0,413661,425877,571431,543939,572761,425509,445055,488721,518792,54.5,,,,,,,,75,4,4-Seam Fastball,0,3,0,3,3,0,0,3,Standard,Strategic,,-0.001,-0.076,,,,0.076,88.0,-3,-3,0.006,0.006,25,23,25,24,1,1,,,6,3,0.92,0.95,-0.95,,,,,,
FF,2015-04-05,97.0,-1.03,6.17,"Rosenthal, Trevor",570489,572096,,called_strike,,,,,11,,R,L,R,CHC,STL,S,,,2,0,2015,-0.61,1.55,-0.8712085167940079,2.800193364526741,,,,2,9,Bot,,,,,,150405_222252,2.0496470780418106,-142.17216322473257,-6.593322761490081,-8.456,33.307,-10.377,3.36,1.55,,,,96.7,2299,6.1,413661,425877,571431,543939,572761,425509,445055,488721,518792,54.5,,,,,,,,75,3,4-Seam Fastball,0,3,0,3,3,0,0,3,Standard,Standard,,-0.002,-0.07,,,,0.07,,-3,-3,0.008,0.008,25,23,25,24,1,1,,,6,3,0.91,0.61,-0.61,,,,,,
FF,2015-04-05,98.0,-0.98,6.25,"Rosenthal, Trevor",570489,572096,,ball,,,,,14,,R,L,R,CHC,STL,B,,,1,0,2015,-0.56,1.89,0.4675645492128077,0.907658990253836,,,,2,9,Bot,,,,,,150405_222234,5.412126376481889,-143.09831244287966,-12.958100585561889,-8.748,33.782,-4.052,3.36,1.55,,,,97.6,,6.2,413661,425877,571431,543939,572761,425509,445055,488721,518792,54.5,,,,,,,,75,2,4-Seam Fastball,0,3,0,3,3,0,0,3,Standard,Strategic,,0.002,0.065,,,,-0.065,,-3,-3,0.006,0.006,25,23,25,24,1,1,,,6,3,0.54,0.56,-0.56,,,,,,
FF,2015-04-05,97.9,-0.88,6.16,"Rosenthal, Trevor",570489,572096,,ball,,,,,14,,R,L,R,CHC,STL,B,,,0,0,2015,-0.93,1.55,0.0829166389466001,1.0569204293688106,,,,2,9,Bot,,,,,,150405_222222,5.095038769525265,-143.01479302855353,-11.360465121804475,-13.426,33.872,-9.009,3.36,1.55,,,,96.9,2466,5.9,413661,425877,571431,543939,572761,425509,445055,488721,518792,54.5,,,,,,,,75,1,4-Seam Fastball,0,3,0,3,3,0,0,3,Standard,Strategic,,0.001,0.037,,,,-0.037,,-3,-3,0.005,0.005,25,23,25,24,1,1,,,6,3,0.89,0.93,-0.93,,,,,,
FF,2015-04-05,98.5,-0.94,6.24,"Rosenthal, Trevor",592609,572096,strikeout,swinging_strike,,,,,11,Mike Olt strikes out swinging.,R,R,R,CHC,STL,S,2,,2,2,2015,-0.24,1.66,-0.0863592401911818,3.750143605597812,,,,1,9,Bot,,,,,,150405_222148,2.987259168145587,-144.38103360206284,-4.785955181375961,-3.972,34.3,-8.728,3.5,1.57,,,,97.5,2350,5.7,413661,425877,571431,543939,572761,425509,445055,488721,518792,54.5,,0.0,0.0,1,0,0,,74,5,4-Seam Fastball,0,3,0,3,3,0,0,3,Standard,Standard,,-0.011,-0.216,,,,0.216,,-3,-3,0.016,0.016,25,26,25,27,1,3,,,6,5,0.73,0.24,0.24,,,,,,
FF,2015-04-05,98.1,-0.89,6.21,"Rosenthal, Trevor",592609,572096,,foul,,,,,2,,R,R,R,CHC,STL,S,,,2,1,2015,-0.68,1.35,-0.0202190252539015,2.9258580699216816,,,,1,9,Bot,,,,,,150405_222130,4.201897127855262,-143.68440902199515,-5.994589318425956,-10.048,34.938,-12.768,3.5,1.57,,,,97.1,1739,5.8,413661,425877,571431,543939,572761,425509,445055,488721,518792,54.5,,,,,,,,74,4,4-Seam Fastball,0,3,0,3,3,0,0,3,Standard,Standard,,-0.005,-0.067,,,,0.067,,-3,-3,0.021,0.021,25,26,25,27,1,3,,,6,5,1.07,0.68,0.68,,,,,,
FF,2015-04-05,97.8,-0.99,6.22,"Rosenthal, Trevor",592609,572096,,called_strike,,,,,7,,R,R,R,CHC,STL,S,,,2,0,2015,-0.75,1.62,-0.3764024227833735,2.1314167500409225,,,,1,9,Bot,,,,,,150405_222115,3.6864790495475583,-143.17604595741568,-8.80889685798603,-10.854,35.497,-8.687,3.5,1.57,,,,96.8,2383,5.9,413661,425877,571431,543939,572761,425509,445055,488721,518792,54.5,,,,,,,,74,3,4-Seam Fastball,0,3,0,3,3,0,0,3,Standard,Standard,,-0.005,-0.071,,,,0.071,,-3,-3,0.026,0.026,25,26,25,27,1,3,,,6,5,0.82,0.75,0.75,,,,,,
FF,2015-04-05,95.1,-1.05,6.3,"Rosenthal, Trevor",592609,572096,,ball,,,,,14,,R,R,R,CHC,STL,B,,,1,0,2015,-0.17,1.54,1.6293140897790563,1.529864208174915,,,,1,9,Bot,,,,,,150405_222057,7.464293311325699,-138.93640129210198,-9.770420608021476,-3.854,31.818,-10.753,3.5,1.57,,,,93.9,2416,5.7,413661,425877,571431,543939,572761,425509,445055,488721,518792,54.5,,,,,,,,74,2,4-Seam Fastball,0,3,0,3,3,0,0,3,Standard,Standard,,0.005,0.071,,,,-0.071,,-3,-3,0.021,0.021,25,26,25,27,1,3,,,6,5,1.04,0.17,0.17,,,,,,
CU,2015-04-05,78.9,-0.7,6.29,"Rosenthal, Trevor",592609,572096,,ball,,,,,12,,R,R,R,CHC,STL,B,,,0,0,2015,1.05,0.06,0.9559583312082944,4.628475451313351,,,,1,9,Bot,,,,,,150405_222045,1.3383856037367612,-115.77055584646727,4.308613218110377,8.86,21.061,-32.419,3.5,1.57,,,,77.9,2244,5.3,413661,425877,571431,543939,572761,425509,445055,488721,518792,54.5,,,,,,,,74,1,Curveball,0,3,0,3,3,0,0,3,Standard,Standard,,0.003,0.038,,,,-0.038,,-3,-3,0.018,0.018,25,26,25,27,1,3,,,6,5,3.64,-1.05,-1.05,,,,,,
FF,2015-04-05,98.4,-1.0,6.14,"Rosenthal, Trevor",458085,572096,strikeout,called_strike,,,,,7,Chris Coghlan called out on strikes.,R,L,R,CHC,STL,S,2,,2,2,2015,-0.43,1.42,-0.6702397152887897,1.81115919439398,,,,0,9,Bot,,,,,,150405_222017,2.066273265012033,-144.0503514192173,-9.055766952653212,-6.29,36.296,-10.912,3.27,1.47,,,,97.5,2368,6.0,413661,425877,571431,543939,572761,425509,445055,488721,518792,54.5,,0.0,0.0,1,0,0,,73,5,4-Seam Fastball,0,3,0,3,3,0,0,3,Standard,Strategic,,-0.021,-0.224,,,,0.224,,-3,-3,0.039,0.039,25,30,25,30,1,3,,,6,3,0.99,0.43,-0.43,,,,,,
CH,2015-04-05,87.2,-0.86,6.12,"Rosenthal, Trevor",458085,572096,,ball,,,,,8,,R,L,R,CHC,STL,B,,,1,2,2015,-1.34,0.95,-0.1348655038280484,1.4454188287560106,,,,0,9,Bot,,,,,,150405_222001,4.961770440645218,-127.58114801568452,-6.196660861934682,-15.136,25.543,-20.887,3.27,1.47,,,,86.7,1683,5.9,413661,425877,571431,543939,572761,425509,445055,488721,518792,54.5,,,,,,,,73,4,Changeup,0,3,0,3,3,0,0,3,Standard,Strategic,,0.004,0.04,,,,-0.04,,-3,-3,0.035,0.035,25,30,25,30,1,3,,,6,3,2.09,1.34,-1.34,,,,,,
CH,2015-04-05,86.2,-0.8,6.17,"Rosenthal, Trevor",458085,572096,,called_strike,,,,,11,,R,L,R,CHC,STL,S,,,1,1,2015,-1.46,0.89,-0.1768371275093685,3.3879717744830504,,,,0,9,Bot,,,,,,150405_221940,4.956105129582203,-126.409281308771,-1.3296578573666038,-16.122,26.817,-22.677,3.15,1.55,,,,85.6,1453,5.8,413661,425877,571431,543939,572761,425509,445055,488721,518792,54.5,,,,,,,,73,3,Changeup,0,3,0,3,3,0,0,3,Standard,Strategic,,-0.007,-0.056,,,,0.056,,-3,-3,0.042,0.042,25,30,25,30,1,3,,,6,3,2.23,1.46,-1.46,,,,,,
FF,2015-04-05,96.9,-0.94,6.2,"Rosenthal, Trevor",458085,572096,,ball,,,,,14,,R,L,R,CHC,STL,B,,,0,1,2015,-0.24,1.54,1.734814860805,2.1651303544247207,,,,0,9,Bot,,,,,,150405_221924,7.793680825542749,-141.68363349378075,-8.23748797782132,-4.977,33.988,-10.241,3.27,1.47,,,,96.7,2363,6.3,413661,425877,571431,543939,572761,425509,445055,488721,518792,54.5,,,,,,,,73,2,4-Seam Fastball,0,3,0,3,3,0,0,3,Standard,Strategic,,0.003,0.025,,,,-0.025,,-3,-3,0.039,0.039,25,30,25,30,1,3,,,6,3,0.94,0.24,-0.24,,,,,,
FF,2015-04-05,95.6,-0.98,6.15,"Rosenthal, Trevor",458085,572096,,called_strike,,,,,7,,R,L,R,CHC,STL,S,,,0,0,2015,-0.72,1.22,-0.7342827971114894,1.7463673006056193,,,,0,9,Bot,,,,,,150405_221900,2.5525441273455964,-139.92910136565587,-8.149615340031906,-9.745,31.79,-14.821,3.27,1.47,,,,94.6,2336,5.7,413661,425877,571431,543939,572761,425509,445055,488721,518792,54.5,,,,,,,,73,1,4-Seam Fastball,0,3,0,3,3,0,0,3,Standard,Strategic,,-0.004,-0.036,,,,0.036,,-3,-3,0.043,0.043,25,30,25,30,1,3,,,6,3,1.32,0.72,-0.72,,,,,,
FF,2015-04-05,94.7,-2.13,5.85,"Rondón, Héctor",425509,444468,field_out,hit_into_play,,,,,2,Jhonny Peralta flies out to center fielder Dexter Fowler.,R,R,R,CHC,STL,X,8,fly_ball,0,1,2015,-0.44,1.61,-0.1610371884318722,3.1729979923806706,488721,,,2,9,Top,113.45,98.18,,,,150405_221616,6.2855831302191385,-138.72175086842006,-4.406993243751565,-6.927,33.156,-11.239,3.68,1.73,311,98.6,46,94.7,2088,6.5,413661,471083,519203,570489,592609,516770,458085,451594,624585,54.5,0.02,0.03,0.0,1,0,0,3,72,2,4-Seam Fastball,0,3,3,0,3,0,3,0,Standard,Standard,,0.007,-0.273,,,0.056,0.273,98.6,-3,3,0.036,0.964,27,33,27,33,1,4,,,3,3,0.99,0.44,0.44,,,,,,
FF,2015-04-05,93.7,-2.21,5.79,"Rondón, Héctor",425509,444468,,swinging_strike,,,,,2,,R,R,R,CHC,STL,S,,,0,0,2015,-0.6,1.55,-0.2155434363059372,3.586060861312604,,,488721,2,9,Top,,,,,,150405_221538,6.7029706120534245,-137.3032288185533,-2.8605947637876783,-8.874,32.376,-12.656,3.68,1.73,,,,93.5,2085,6.3,413661,471083,519203,570489,592609,516770,458085,451594,624585,54.5,,,,,,,,72,1,4-Seam Fastball,0,3,3,0,3,0,3,0,Strategic,Standard,,-0.003,-0.042,,,,0.042,,-3,3,0.039,0.961,27,33,27,33,1,4,,,3,3,1.1,0.6,0.6,,,,,,
SL,2015-04-05,84.8,-2.24,5.75,"Rondón, Héctor",407812,444468,walk,ball,,,,,14,Matt Holliday walks.,R,R,R,CHC,STL,B,,,3,2,2015,0.71,-0.1,1.207462700548085,0.8075144609362832,,,,2,9,Top,,,,,,150405_221456,6.398056764805601,-124.24568020257284,-3.7241582095135257,5.636,27.189,-32.391,3.67,1.82,,,,84.0,2430,5.9,413661,471083,519203,570489,592609,516770,458085,451594,624585,54.5,,0.686843,0.7,1,0,0,,71,7,Slider,0,3,3,0,3,0,3,0,Standard,Standard,,-0.002,0.269,,,,-0.269,,-3,3,0.041,0.959,27,35,27,35,1,4,,,3,3,3.35,-0.71,-0.71,,,,,,
SL,2015-04-05,85.8,-2.13,5.73,"Rondón, Héctor",407812,444468,,ball,,,,,14,,R,R,R,CHC,STL,B,,,2,2,2015,0.66,0.25,2.456009741358293,0.0332365898542081,,,,2,9,Top,,,,,,150405_221432,9.2826550484844,-125.34539830404624,-6.544262807277533,4.671,26.953,-28.211,3.67,1.82,,,,84.7,2444,5.8,413661,471083,519203,570489,592609,516770,458085,451594,624585,54.5,,,,,,,,71,6,Slider,0,3,3,0,3,0,3,0,Standard,Standard,,0.0,0.098,,,,-0.098,,-3,3,0.041,0.959,27,35,27,35,1,4,,,3,3,2.93,-0.66,-0.66,,,,,,
SL,2015-04-05,85.7,-2.3,5.69,"Rondón, Héctor",407812,444468,,ball,,,,,14,,R,R,R,CHC,STL,B,,,1,2,2015,0.4,-0.33,1.2900813136215343,0.4070652390066835,,,,2,9,Top,,,,,,150405_221409,7.532790857420924,-125.40765766092596,-4.188775979901719,2.421,26.863,-34.624,3.67,1.82,,,,84.8,704,5.9,413661,471083,519203,570489,592609,516770,458085,451594,624585,54.5,,,,,,,,71,5,Slider,0,3,3,0,3,0,3,0,Standard,Standard,,-0.001,0.035,,,,-0.035,,-3,3,0.042,0.958,27,35,27,35,1,4,,,3,3,3.51,-0.4,-0.4,,,,,,
FF,2015-04-05,96.0,-1.99,5.89,"Rondón, Héctor",407812,444468,,foul,,,,,12,,R,R,R,CHC,STL,S,,,1,2,2015,-0.93,1.41,0.848610419552658,3.040273028547392,,,,2,9,Top,,,,,,150405_221349,9.96762431184231,-140.47488759205325,-4.5296016040388976,-14.26,34.603,-13.258,3.67,1.82,,,,95.2,2043,6.0,413661,471083,519203,570489,592609,516770,458085,451594,624585,54.5,,,,,,,,71,4,4-Seam Fastball,0,3,3,0,3,0,3,0,,,,0.0,0.0,,,,0.0,,-3,3,0.042,0.958,27,35,27,35,1,4,,,3,3,1.13,0.93,0.93,,,,,,
SI,2015-04-05,94.9,-2.38,5.75,"Rondón, Héctor",407812,444468,,ball,,,,,11,,R,R,R,CHC,STL,B,,,0,2,2015,-1.0,0.88,-1.5348899551817854,4.500883688069856,,,,2,9,Top,,,,,,150405_221330,4.8350148994364055,-139.22744316046317,1.2288722896211848,-13.65,35.447,-21.595,3.67,1.82,,,,94.1,2076,6.0,413661,471083,519203,570489,592609,516770,458085,451594,624585,54.5,,,,,,,,71,3,Sinker,0,3,3,0,3,0,3,0,Standard,Standard,,0.0,0.019,,,,-0.019,,-3,3,0.042,0.958,27,35,27,35,1,4,,,3,3,1.72,1.0,1.0,,,,,,
FF,2015-04-05,95.5,-2.18,5.82,"Rondón, Héctor",407812,444468,,foul,,,,,5,,R,R,R,CHC,STL,S,,,0,1,2015,-0.75,1.38,0.0989017392266174,2.9555262841158583,,,,2,9,Top,,,,,,150405_221303,7.966654875927255,-139.73207454267614,-4.483251196195423,-11.251,31.436,-13.729,3.67,1.82,319,91.9,40,95.5,2071,6.2,413661,471083,519203,570489,592609,516770,458085,451594,624585,54.5,,,,,,,,71,2,4-Seam Fastball,0,3,3,0,3,0,3,0,Standard,Standard,,0.001,-0.056,,,,0.056,91.9,-3,3,0.041,0.959,27,35,27,35,1,4,,,3,3,1.17,0.75,0.75,,,,,,
SL,2015-04-05,84.5,-2.13,5.86,"Rondón, Héctor",407812,444468,,swinging_strike,,,,,6,,R,R,R,CHC,STL,S,,,0,0,2015,0.85,0.09,0.3536180922788251,2.886800189194365,,,,2,9,Top,,,,,,150405_221247,3.803069321714398,-123.9190556815214,0.4276971906556522,7.652,25.734,-31.348,3.67,1.82,,,,83.8,2330,5.8,413661,471083,519203,570489,592609,516770,458085,451594,624585,54.5,,,,,,,,71,1,Slider,0,3,3,0,3,0,3,0,Standard,Standard,,0.0,-0.043,,,,0.043,,-3,3,0.041,0.959,27,35,27,35,1,4,,,3,3,3.16,-0.85,-0.85,,,,,,
FF,2015-04-05,96.1,-1.95,5.78,"Rondón, Héctor",518792,444468,field_out,hit_into_play,,,,,12,Jason Heyward lines out softly to shortstop Starlin Castro.,R,L,R,CHC,STL,X,6,line_drive,1,1,2015,-0.77,1.68,0.8363082191061515,2.8901523828363977,,,,1,9,Top,121.2,146.66,,,,150405_221201,9.407950629699096,-140.6038363950287,-5.369123573183068,-12.134,35.997,-9.549,3.45,1.59,177,61.7,23,95.4,2150,6.2,413661,471083,519203,570489,592609,516770,458085,451594,624585,54.5,0.533,0.48,0.0,1,0,0,4,70,3,4-Seam Fastball,0,3,3,0,3,0,3,0,Standard,Standard,,0.003,-0.233,,,0.533,0.233,88.0,-3,3,0.038,0.962,27,25,27,26,1,4,,,3,3,0.86,0.77,-0.77,,,,,,
SI,2015-04-05,94.8,-2.21,5.82,"Rondón, Héctor",518792,444468,,called_strike,,,,,13,,R,L,R,CHC,STL,S,,,1,0,2015,-1.31,0.96,-1.0017506499120208,2.325510194089675,,,,1,9,Top,,,,,,150405_221146,6.573454224853354,-138.91272763861488,-4.856032436592995,-17.787,33.293,-19.125,3.45,1.59,,,,94.2,1962,6.0,413661,471083,519203,570489,592609,516770,458085,451594,624585,54.5,,,,,,,,70,2,Sinker,0,3,3,0,3,0,3,0,Standard,Standard,,0.0,-0.05,,,,0.05,,-3,3,0.038,0.962,27,25,27,26,1,4,,,3,3,1.63,1.31,-1.31,,,,,,
FF,2015-04-05,95.0,-2.01,5.83,"Rondón, Héctor",518792,444468,,ball,,,,,12,,R,L,R,CHC,STL,B,,,0,0,2015,-0.39,1.6,1.2175090739593817,2.8032886944721596,,,,1,9,Top,,,,,,150405_221133,9.459860722785152,-138.96324678129827,-5.302965170183197,-7.101,33.75,-11.105,3.45,1.59,,,,94.7,2078,6.3,413661,471083,519203,570489,592609,516770,458085,451594,624585,54.5,,,,,,,,70,1,4-Seam Fastball,0,3,3,0,3,0,3,0,Standard,Standard,,0.0,0.038,,,,-0.038,,-3,3,0.038,0.962,27,25,27,26,1,4,,,3,3,1.0,0.39,-0.39,,,,,,
FF,2015-04-05,94.8,-2.11,5.76,"Rondón, Héctor",572761,444468,field_out,hit_into_play,,,,,4,Matt Carpenter flies out to left fielder Chris Coghlan.,R,L,R,CHC,STL,X,7,fly_ball,3,2,2015,-0.7,1.07,-0.2788907437273036,2.6551091514973244,,,,0,9,Top,81.9,89.09,,,,150405_221055,6.620924434287078,-138.9735941860899,-4.122669727533475,-10.302,34.284,-17.912,3.56,1.72,331,94.4,35,94.8,2086,6.4,413661,471083,519203,570489,592609,516770,458085,451594,624585,54.5,0.1,0.175,0.0,1,0,0,3,69,6,4-Seam Fastball,0,3,3,0,3,0,3,0,Standard,Standard,,0.005,-0.323,,,0.325,0.323,94.4,-3,3,0.033,0.967,27,29,27,30,1,4,,,3,3,1.53,0.7,-0.7,,,,,,
SL,2015-04-05,85.2,-2.42,5.8,"Rondón, Héctor",572761,444468,,ball,,,,,14,,R,L,R,CHC,STL,B,,,2,2,2015,0.11,-0.49,1.1306516795977786,-0.908186498091928,,,,0,9,Top,,,,,,150405_221029,8.05805454801832,-124.53619805100844,-7.000535198139372,-0.663,27.871,-35.458,3.56,1.72,,,,84.4,,6.1,413661,471083,519203,570489,592609,516770,458085,451594,624585,54.5,,,,,,,,69,5,Slider,0,3,3,0,3,0,3,0,Standard,Standard,,-0.002,0.1,,,,-0.1,,-3,3,0.035,0.965,27,29,27,30,1,4,,,3,3,3.73,-0.11,0.11,,,,,,
FF,2015-04-05,97.1,-2.09,5.85,"Rondón, Héctor",572761,444468,,ball,,,,,14,,R,L,R,CHC,STL,B,,,1,2,2015,-1.05,1.54,1.2972105895070103,1.6042337737719374,,,,0,9,Top,,,,,,150405_221010,11.857401723600091,-141.85835858348284,-8.754975689038249,-16.619,37.305,-10.109,3.56,1.72,,,,96.0,2193,6.2,413661,471083,519203,570489,592609,516770,458085,451594,624585,54.5,,,,,,,,69,4,4-Seam Fastball,0,3,3,0,3,0,3,0,Standard,Standard,,0.0,0.04,,,,-0.04,,-3,3,0.035,0.965,27,29,27,30,1,4,,,3,3,0.97,1.05,-1.05,,,,,,
FF,2015-04-05,96.1,-2.28,5.9,"Rondón, Héctor",572761,444468,,ball,,,,,11,,R,L,R,CHC,STL,B,,,0,2,2015,-0.52,1.65,-1.240675800892622,3.547643160725465,,,,0,9,Top,,,,,,150405_220951,4.1147772448231335,-140.87468935192013,-3.934522647608663,-7.571,33.826,-10.15,3.56,1.72,,,,95.2,2100,5.8,413661,471083,519203,570489,592609,516770,458085,451594,624585,54.5,,,,,,,,69,3,4-Seam Fastball,0,3,3,0,3,0,3,0,Standard,Standard,,-0.001,0.02,,,,-0.02,,-3,3,0.036,0.964,27,29,27,30,1,4,,,3,3,0.87,0.52,-0.52,,,,,,
SI,2015-04-05,96.0,-2.28,5.83,"Rondón, Héctor",572761,444468,,foul,,,,,7,,R,L,R,CHC,STL,S,,,0,1,2015,-1.52,0.9,-0.3257188220585587,1.6912653197638572,,,,0,9,Top,,,,,,150405_220927,9.191401422430095,-140.45430975587757,-6.639145788128755,-21.497,33.62,-19.117,3.56,1.72,263,79.8,37,96.1,1920,6.5,413661,471083,519203,570489,592609,516770,458085,451594,624585,54.5,,,,,,,,69,2,Sinker,0,3,3,0,3,0,3,0,Standard,Standard,,0.001,-0.051,,,,0.051,88.0,-3,3,0.035,0.965,27,29,27,30,1,4,,,3,3,1.63,1.52,-1.52,,,,,,
FF,2015-04-05,95.0,-2.26,5.94,"Rondón, Héctor",572761,444468,,called_strike,,,,,9,,R,L,R,CHC,STL,S,,,0,0,2015,-1.04,1.66,0.3525378875102303,2.2626385299983607,,,,0,9,Top,,,,,,150405_220910,9.552842946151788,-138.83728065616958,-7.228927462549132,-15.09,30.352,-9.84,3.56,1.72,,,,94.9,2100,6.2,413661,471083,519203,570489,592609,516770,458085,451594,624585,54.5,,,,,,,,69,1,4-Seam Fastball,0,3,3,0,3,0,3,0,Standard,Standard,,0.001,-0.036,,,,0.036,,-3,3,0.034,0.966,27,29,27,30,1,4,,,3,3,0.91,1.04,-1.04,,,,,,
SL,2015-04-05,87.0,-2.24,5.9,"Walden, Jordan",516770,477229,strikeout,swinging_strike_blocked,,,,,14,Starlin Castro strikes out swinging.,R,R,R,CHC,STL,S,2,,1,2,2015,0.52,0.16,0.520187894458771,0.4742288681415068,,,519203,2,8,Bot,,,,,,150405_220627,5.3689544729104135,-127.26782745061692,-6.03125479296824,4.341,25.808,-29.3,3.37,1.54,,,,89.0,2410,7.5,413661,425877,571431,543939,572761,425509,407812,445055,518792,54.5,,0.0,0.0,1,0,0,,68,4,Slider,0,3,0,3,3,0,0,3,Standard,Standard,,-0.015,-0.181,,,,0.181,,-3,-3,0.049,0.049,27,25,28,25,1,3,,,5,3,2.91,-0.52,-0.52,,,,,,
FF,2015-04-05,95.5,-2.12,5.95,"Walden, Jordan",516770,477229,,foul,,,,,5,,R,R,R,CHC,STL,S,,,1,1,2015,-1.12,1.11,0.1223209713210107,2.352653655553816,,,519203,2,8,Bot,,,,,,150405_220600,8.844906232632155,-139.77786070762423,-5.64879300854513,-16.21,33.721,-16.9,3.37,1.54,243,74.3,45,97.6,2650,7.6,413661,425877,571431,543939,572761,425509,407812,445055,518792,54.5,,,,,,,,68,3,4-Seam Fastball,0,3,0,3,3,0,0,3,Standard,Standard,,-0.006,-0.071,,,,0.071,88.0,-3,-3,0.055,0.055,27,25,28,25,1,3,,,5,3,1.45,1.12,1.12,,,,,,
FF,2015-04-05,94.4,-2.15,5.95,"Walden, Jordan",516770,477229,,foul,,,,,5,,R,R,R,CHC,STL,S,,,1,0,2015,-1.02,1.77,-0.0007458362007792,2.6217287889230434,,,519203,2,8,Bot,,,,,,150405_220532,8.25505352259759,-138.19807182446505,-6.4160967990555715,-14.561,34.076,-8.959,3.37,1.54,,,,96.2,2580,7.5,413661,425877,571431,543939,572761,425509,407812,445055,518792,54.5,,,,,,,,68,2,4-Seam Fastball,0,3,0,3,3,0,0,3,Standard,Standard,,-0.004,-0.052,,,,0.052,,-3,-3,0.059,0.059,27,25,28,25,1,3,,,5,3,0.86,1.02,1.02,,,,,,
FF,2015-04-05,95.6,-2.3,6.0,"Walden, Jordan",516770,477229,,ball,,,,,14,,R,R,R,CHC,STL,B,,,0,0,2015,-1.3,1.34,0.4453421929094541,1.2335381721973686,,,519203,2,8,Bot,,,,,,150405_220512,10.631492385097626,-139.68877465279735,-9.282892460592835,-18.904,35.452,-13.142,3.37,1.54,,,,96.8,2622,7.4,413661,425877,571431,543939,572761,425509,407812,445055,518792,54.5,,,,,,,,68,1,4-Seam Fastball,0,3,0,3,3,0,0,3,Standard,Standard,,0.003,0.038,,,,-0.038,,-3,-3,0.056,0.056,27,25,28,25,1,3,,,5,3,1.24,1.3,1.3,,,,,,
CH,2015-04-05,86.8,-3.08,5.43,"Walden, Jordan",519203,477229,walk,ball,,,,,13,Anthony Rizzo walks.,R,L,R,CHC,STL,B,,,3,2,2015,-1.51,0.7,-0.8060558422901773,0.988351101348118,,,,2,8,Bot,,,,,,150405_220434,9.065926043715066,-126.98364888441348,-4.939183117051003,-17.656,25.465,-23.867,3.59,1.66,,,,89.1,1542,7.7,413661,425877,571431,543939,572761,425509,407812,445055,518792,54.5,,0.686843,0.7,1,0,0,,67,6,Changeup,0,3,0,3,3,0,0,3,Standard,Standard,,0.011,0.269,,,,-0.269,,-3,-3,0.045,0.045,27,25,28,26,1,3,,,5,3,2.38,1.51,-1.51,,,,,,
CH,2015-04-05,86.6,-2.98,5.42,"Walden, Jordan",519203,477229,,ball,,,,,14,,R,L,R,CHC,STL,B,,,2,2,2015,-1.96,0.46,0.1395382910285847,0.92717522817605,,,,2,8,Bot,,,,,,150405_220417,12.106690500193576,-126.54497354300564,-4.356371734485687,-22.794,27.228,-26.518,3.59,1.66,,,,88.5,1877,7.6,413661,425877,571431,543939,572761,425509,407812,445055,518792,54.5,,,,,,,,67,5,Changeup,0,3,0,3,3,0,0,3,Standard,Standard,,0.003,0.098,,,,-0.098,,-3,-3,0.042,0.042,27,25,28,26,1,3,,,5,3,2.66,1.96,-1.96,,,,,,
FF,2015-04-05,95.0,-2.91,5.58,"Walden, Jordan",519203,477229,,called_strike,,,,,13,,R,L,R,CHC,STL,S,,,2,1,2015,-1.61,1.22,-1.2815913813939386,1.884666337107703,,,,2,8,Bot,,,,,,150405_220401,8.48213866412363,-139.0648167186798,-6.061902368313399,-22.011,34.528,-15.577,3.67,1.81,,,,96.7,2696,7.5,413661,425877,571431,543939,572761,425509,407812,445055,518792,54.5,,,,,,,,67,4,4-Seam Fastball,0,3,0,3,3,0,0,3,Strategic,Standard,,-0.002,-0.076,,,,0.076,,-3,-3,0.044,0.044,27,25,28,26,1,3,,,5,3,1.38,1.61,-1.61,,,,,,
CH,2015-04-05,86.8,-3.11,5.47,"Walden, Jordan",519203,477229,,swinging_strike,,,,,7,,R,L,R,CHC,STL,S,,,2,0,2015,-1.68,0.7,-0.4976004282030732,1.9458708187608065,,,,2,8,Bot,,,,,,150405_220342,10.28251721918671,-126.99731296370014,-2.7212765215158567,-19.696,26.635,-24.341,3.59,1.66,,,,88.7,2175,7.5,413661,425877,571431,543939,572761,425509,407812,445055,518792,54.5,,,,,,,,67,3,Changeup,0,3,0,3,3,0,0,3,Strategic,Standard,,-0.003,-0.07,,,,0.07,,-3,-3,0.047,0.047,27,25,28,26,1,3,,,5,3,2.39,1.68,-1.68,,,,,,
FF,2015-04-05,94.4,-3.05,5.55,"Walden, Jordan",519203,477229,,ball,,,,,13,,R,L,R,CHC,STL,B,,,1,0,2015,-1.73,1.41,-1.2577647960345204,1.0624116115772968,,,,2,8,Bot,,,,,,150405_220325,9.178589695540866,-137.99381885070068,-8.517125233529695,-23.417,32.527,-12.887,3.59,1.66,,,,96.4,2570,7.7,413661,425877,571431,543939,572761,425509,407812,445055,518792,54.5,,,,,,,,67,2,4-Seam Fastball,0,3,0,3,3,0,0,3,Strategic,Standard,,0.003,0.065,,,,-0.065,,-3,-3,0.044,0.044,27,25,28,26,1,3,,,5,3,1.21,1.73,-1.73,,,,,,
FF,2015-04-05,94.2,-3.17,5.54,"Walden, Jordan",519203,477229,,ball,,,,,13,,R,L,R,CHC,STL,B,,,0,0,2015,-1.67,1.24,-1.4580566713227003,2.1109707613046393,,,,2,8,Bot,,,,,,150405_220309,8.778147837379494,-137.89929267766385,-5.282514801215562,-22.472,32.367,-15.797,3.59,1.66,,,,96.1,2551,7.5,413661,425877,571431,543939,572761,425509,407812,445055,518792,54.5,,,,,,,,67,1,4-Seam Fastball,0,3,0,3,3,0,0,3,Strategic,Standard,,0.001,0.037,,,,-0.037,,-3,-3,0.043,0.043,27,25,28,26,1,3,,,5,3,1.39,1.67,-1.67,,,,,,
FF,2015-04-05,95.8,-2.74,5.71,"Walden, Jordan",624585,477229,field_out,hit_into_play,,,,,8,Jorge Soler grounds out to first baseman Matt Adams.,R,R,R,CHC,STL,X,3,ground_ball,0,2,2015,-1.05,1.4,0.0306540581136354,1.7142501799671837,,,,1,8,Bot,147.76,169.08,,,,150405_220233,10.067559817509869,-139.86857563083996,-7.515143284877309,-15.595,31.328,-12.755,3.59,1.61,15,100.2,-7,98.0,2471,7.6,413661,425877,571431,543939,572761,425509,407812,445055,518792,54.5,0.408,0.371,0.0,1,0,0,2,66,3,4-Seam Fastball,0,3,0,3,3,0,0,3,Standard,Standard,,-0.01,-0.151,,,0.448,0.151,100.2,-3,-3,0.053,0.053,27,23,28,23,1,3,,,5,3,1.14,1.05,1.05,,,,,,
SL,2015-04-05,84.6,-2.72,5.73,"Walden, Jordan",624585,477229,,swinging_strike,,,,,14,,R,R,R,CHC,STL,S,,,0,1,2015,0.49,0.03,1.0407449635153998,1.388770381157182,,,,1,8,Bot,,,,,,150405_220210,7.626923483890814,-123.75276400953636,-2.6149883290448552,3.29,25.009,-31.345,3.59,1.61,,,,86.2,,7.4,413661,425877,571431,543939,572761,425509,407812,445055,518792,54.5,,,,,,,,66,2,Slider,0,3,0,3,3,0,0,3,Standard,Standard,,-0.004,-0.056,,,,0.056,,-3,-3,0.057,0.057,27,23,28,23,1,3,,,5,3,3.22,-0.49,-0.49,,,,,,
SL,2015-04-05,84.8,-2.74,5.77,"Walden, Jordan",624585,477229,,called_strike,,,,,7,,R,R,R,CHC,STL,S,,,0,0,2015,0.37,0.02,-0.5341190512799138,1.6629873957906072,,,,1,8,Bot,,,,,,150405_220156,4.28679520499469,-124.19254664028756,-2.183477755371877,3.004,22.379,-31.621,3.59,1.61,,,,86.8,,7.2,413661,425877,571431,543939,572761,425509,407812,445055,518792,54.5,,,,,,,,66,1,Slider,0,3,0,3,3,0,0,3,Standard,Standard,,-0.003,-0.039,,,,0.039,,-3,-3,0.06,0.06,27,23,28,23,1,3,,,5,3,3.17,-0.37,-0.37,,,,,,
CH,2015-04-05,86.5,-3.1,5.43,"Walden, Jordan",451594,477229,strikeout,called_strike,,,,,6,Dexter Fowler called out on strikes.,R,L,R,CHC,STL,S,2,,2,2,2015,-1.58,0.71,0.3535612598847786,2.353747210867552,,,,0,8,Bot,,,,,,150405_220124,11.978246742242057,-126.43999937124327,-1.6296503960940276,-18.792,25.728,-24.478,3.76,1.69,,,,89.0,2076,7.9,413661,425877,571431,543939,572761,425509,407812,445055,518792,54.5,,0.0,0.0,1,0,0,,65,6,Changeup,0,3,0,3,3,0,0,3,Standard,Strategic,,-0.023,-0.224,,,,0.224,,-3,-3,0.083,0.083,27,29,28,29,1,3,,,5,3,2.4,1.58,-1.58,,,,,,
FF,2015-04-05,92.8,-3.05,5.42,"Walden, Jordan",451594,477229,,foul,,,,,8,,R,L,R,CHC,STL,S,,,2,2,2015,-0.99,1.46,0.017622308483407,2.2048873116986996,,,,0,8,Bot,,,,,,150405_220104,10.368637346603649,-135.79601134053974,-5.01196524319371,-14.177,31.863,-13.708,3.76,1.69,,,,94.5,2556,7.4,413661,425877,571431,543939,572761,425509,407812,445055,518792,54.5,,,,,,,,65,5,4-Seam Fastball,0,3,0,3,3,0,0,3,Standard,Standard,,0.0,0.0,,,,0.0,,-3,-3,0.083,0.083,27,29,28,29,1,3,,,5,3,1.26,0.99,-0.99,,,,,,
FF,2015-04-05,94.6,-3.27,5.54,"Walden, Jordan",451594,477229,,ball,,,,,11,,R,L,R,CHC,STL,B,,,1,2,2015,-1.46,1.08,-1.0867930536866044,4.145872435051821,,,,0,8,Bot,,,,,,150405_220046,9.494272959283396,-138.44917704341907,0.3024819368134003,-20.209,31.18,-18.836,3.76,1.69,,,,96.7,2663,7.5,413661,425877,571431,543939,572761,425509,407812,445055,518792,54.5,,,,,,,,65,4,4-Seam Fastball,0,3,0,3,3,0,0,3,Standard,Strategic,,0.004,0.04,,,,-0.04,,-3,-3,0.079,0.079,27,29,28,29,1,3,,,5,3,1.51,1.46,-1.46,,,,,,
CH,2015-04-05,85.6,-3.02,5.46,"Walden, Jordan",451594,477229,,swinging_strike,,,,,13,,R,L,R,CHC,STL,S,,,1,1,2015,-1.54,0.41,-0.1495046918769651,1.3059702949490122,,,,0,8,Bot,,,,,,150405_220019,10.38175163135161,-125.03938833823524,-3.322840929377783,-17.661,23.411,-27.337,3.76,1.69,,,,87.8,1879,7.6,413661,425877,571431,543939,572761,425509,407812,445055,518792,54.5,,,,,,,,65,3,Changeup,0,3,0,3,3,0,0,3,Standard,Standard,,-0.007,-0.056,,,,0.056,,-3,-3,0.086,0.086,27,29,28,29,1,3,,,5,3,2.74,1.54,-1.54,,,,,,
FF,2015-04-05,93.8,-3.15,5.59,"Walden, Jordan",451594,477229,,foul,,,,,7,,R,L,R,CHC,STL,S,,,1,0,2015,-0.95,1.35,-0.4358243019152297,2.314771418439734,,,,0,8,Bot,,,,,,150405_220000,9.476936124644414,-137.1535195465286,-5.09945596007255,-13.692,31.442,-14.591,3.76,1.69,,,,96.3,2469,7.9,413661,425877,571431,543939,572761,425509,407812,445055,518792,54.5,,,,,,,,65,2,4-Seam Fastball,0,3,0,3,3,0,0,3,Standard,Standard,,-0.006,-0.047,,,,0.047,,-3,-3,0.092,0.092,27,29,28,29,1,3,,,5,3,1.3,0.95,-0.95,,,,,,
FF,2015-04-05,94.1,-3.04,5.68,"Walden, Jordan",451594,477229,,ball,,,,,14,,R,L,R,CHC,STL,B,,,0,0,2015,-1.08,1.42,0.7343703743758885,1.5336835558801667,,,,0,8,Bot,,,,,,150405_215944,12.586079766735102,-137.3867695085666,-7.52779206587148,-16.18,33.23,-13.143,3.76,1.69,,,,95.9,2530,7.7,413661,425877,571431,543939,572761,425509,407812,445055,518792,54.5,,,,,,,,65,1,4-Seam Fastball,0,3,0,3,3,0,0,3,Standard,Standard,,0.005,0.036,,,,-0.036,,-3,-3,0.087,0.087,27,29,28,29,1,3,,,5,3,1.24,1.08,-1.08,,,,,,
SL,2015-04-05,83.7,-1.48,5.74,"Strop, Pedro",448602,467008,strikeout,called_strike,,,,,13,Mark Reynolds called out on strikes.,R,R,R,CHC,STL,S,2,,3,2,2015,0.18,-0.02,-1.0088321327738077,1.8562925655021456,,445055,,2,8,Top,,,,,,150405_215653,0.6570516228961094,-122.80947898676226,-1.293470028274371,1.657,25.46,-32.095,3.52,1.58,,,,82.1,580,5.2,413661,471083,519203,570489,592609,516770,458085,451594,624585,54.5,,0.0,0.0,1,0,0,,64,6,Slider,0,3,3,0,3,0,3,0,Infield shift,Standard,,0.011,-0.267,,,,0.267,,-3,3,0.076,0.924,30,31,30,32,1,0,,,3,5,3.33,-0.18,-0.18,,,,,,
SL,2015-04-05,82.1,-1.19,5.93,"Strop, Pedro",448602,467008,,swinging_strike,,,,,9,,R,R,R,CHC,STL,S,,,3,1,2015,0.41,-0.13,0.6858567896109988,1.5105495513892817,,445055,,2,8,Top,,,,,,150405_215631,3.308964587366169,-120.45841201427156,-1.8726971248471789,3.147,25.686,-33.015,3.52,1.58,,,,80.2,2349,5.1,413661,471083,519203,570489,592609,516770,458085,451594,624585,54.5,,,,,,,,64,5,Slider,0,3,3,0,3,0,3,0,Infield shift,Standard,,0.001,-0.063,,,,0.063,,-3,3,0.075,0.925,30,31,30,32,1,0,,,3,5,3.59,-0.41,-0.41,,,,,,
FF,2015-04-05,94.0,-1.3,5.98,"Strop, Pedro",448602,467008,,called_strike,,,,,2,,R,R,R,CHC,STL,S,,,3,0,2015,-0.94,1.57,-0.0900812230652591,3.2140765632994572,,445055,,2,8,Top,,,,,,150405_215612,5.565979050843196,-137.7715423772268,-4.405289125403313,-12.776,33.681,-11.975,3.52,1.58,,,,92.7,2338,5.7,413661,471083,519203,570489,592609,516770,458085,451594,624585,54.5,,,,,,,,64,4,4-Seam Fastball,0,3,3,0,3,0,3,0,Infield shift,Standard,,0.0,-0.021,,,,0.021,,-3,3,0.075,0.925,30,31,30,32,1,0,,,3,5,1.07,0.94,0.94,,,,,,
SI,2015-04-05,96.0,-0.88,5.94,"Strop, Pedro",448602,467008,,ball,,,,,14,,R,R,R,CHC,STL,B,,,2,0,2015,-1.49,0.93,1.033582750252198,1.0180734121872124,,445055,,2,8,Top,,,,,,150405_215547,9.013320742234637,-140.31570205789515,-8.708750844209083,-21.095,35.826,-18.298,3.52,1.58,,,,94.3,2240,5.7,413661,471083,519203,570489,592609,516770,458085,451594,624585,54.5,,,,,,,,64,3,Sinker,0,3,3,0,3,0,3,0,Infield shift,Standard,,0.0,0.024,,,,-0.024,,-3,3,0.075,0.925,30,31,30,32,1,0,,,3,5,1.63,1.49,1.49,,,,,,
SI,2015-04-05,94.0,-1.05,6.06,"Strop, Pedro",448602,467008,,ball,,,,,11,,R,R,R,CHC,STL,B,,,1,0,2015,-1.24,1.05,-2.1921223768892983,3.295931483518859,,445055,,2,8,Top,,,,,,150405_215515,0.2524568495847621,-137.82058345907552,-3.0708284715635017,-15.145,33.117,-18.614,3.52,1.58,,,,92.5,2218,5.5,413661,471083,519203,570489,592609,516770,458085,451594,624585,54.5,,,,,,,,64,2,Sinker,0,3,3,0,3,0,3,0,Infield shift,Standard,,-0.001,0.033,,,,-0.033,,-3,3,0.076,0.924,30,31,30,32,1,0,,,3,5,1.59,1.24,1.24,,,,,,
SL,2015-04-05,82.8,-1.51,5.81,"Strop, Pedro",448602,467008,,ball,,,,,13,,R,R,R,CHC,STL,B,,,0,0,2015,0.14,-0.29,-1.4018979582807485,1.7926462272331245,,445055,,2,8,Top,,,,,,150405_215457,-0.0716573302006264,-121.4342356010034,-0.7879336946218771,1.335,24.471,-34.79,3.52,1.58,,,,81.3,2130,5.2,413661,471083,519203,570489,592609,516770,458085,451594,624585,54.5,,,,,,,,64,1,Slider,0,3,3,0,3,0,3,0,Strategic,Standard,,0.0,0.02,,,,-0.02,,-3,3,0.076,0.924,30,31,30,32,1,0,,,3,5,3.67,-0.14,-0.14,,,,,,
SI,2015-04-05,93.7,-0.93,5.95,"Strop, Pedro",445055,467008,double,hit_into_play,,,,,8,"Jon Jay doubles (1) on a line drive to center fielder Dexter Fowler, deflected by right fielder Jorge Soler.",R,L,R,CHC,STL,X,9,line_drive,0,0,2015,-1.3,0.82,-0.1883310522681599,1.703611783750974,,,,2,8,Top,169.9,126.05,,,,150405_215356,5.290646042103251,-137.27336091172242,-6.259905230842399,-17.036,32.494,-20.696,3.49,1.58,252,90.8,15,92.5,2262,5.6,413661,471083,519203,570489,592609,516770,458085,451594,624585,54.5,0.833,0.802,1.25,1,1,1,4,63,1,Sinker,0,3,3,0,3,0,3,0,Standard,Standard,,-0.008,0.54,,,0.994,-0.54,90.8,-3,3,0.084,0.916,30,30,30,30,1,3,,,3,3,1.83,1.3,-1.3,,,,,,
SI,2015-04-05,94.1,-1.06,5.86,"Strop, Pedro",543939,467008,field_out,hit_into_play,,,,,13,"Kolten Wong grounds out, second baseman Arismendy Alcantara to first baseman Anthony Rizzo.",R,L,R,CHC,STL,X,4,ground_ball,1,0,2015,-1.56,0.34,-0.7899580161488643,1.0619091607296698,,,,1,8,Top,145.55,164.23,,,,150405_215323,4.760848181793839,-137.76617997171874,-6.475182677397733,-20.183,32.879,-26.525,3.13,1.45,,82.9,-21,92.8,2121,5.6,413661,471083,519203,570489,592609,516770,458085,451594,624585,54.5,0.077,0.082,0.0,1,0,0,2,62,2,Sinker,0,3,3,0,3,0,3,0,Standard,Standard,,0.007,-0.283,,,0.077,0.283,88.0,-3,3,0.077,0.923,30,24,30,25,1,3,,,3,3,2.3,1.56,-1.56,,,,,,
SL,2015-04-05,83.7,-1.04,5.77,"Strop, Pedro",543939,467008,,ball,,,,,9,,R,L,R,CHC,STL,B,,,0,0,2015,0.27,-0.33,0.7571228272461924,1.4878449646927754,,,,1,8,Top,,,,,,150405_215307,3.5286101325122172,-122.8508617185895,-1.41286088795578,1.832,28.16,-34.991,3.1,1.46,,,,81.9,1063,5.4,413661,471083,519203,570489,592609,516770,458085,451594,624585,54.5,,,,,,,,62,1,Slider,0,3,3,0,3,0,3,0,Standard,Standard,,-0.001,0.038,,,,-0.038,,-3,3,0.078,0.922,30,24,30,25,1,3,,,3,3,3.67,-0.27,0.27,,,,,,
SI,2015-04-05,94.4,-0.78,6.0,"Strop, Pedro",425877,467008,strikeout,foul_tip,,,,,13,Yadier Molina strikes out on a foul tip.,R,R,R,CHC,STL,S,2,,2,2,2015,-1.49,0.63,-1.0247819879597095,1.790475052659837,,,,0,8,Top,,,,,,150405_215234,3.2438415663182356,-138.3724431561429,-5.756869147238975,-19.074,34.527,-23.064,3.51,1.57,,,,93.2,2075,5.8,413661,471083,519203,570489,592609,516770,458085,451594,624585,54.5,,0.0,0.0,1,0,0,,61,7,Sinker,0,3,3,0,3,0,3,0,Standard,Standard,,0.005,-0.224,,,,0.224,,-3,3,0.073,0.927,30,32,30,33,1,3,,,3,3,2.0,1.49,1.49,,,,,,
SI,2015-04-05,94.1,-0.92,6.01,"Strop, Pedro",425877,467008,,foul,,,,,3,,R,R,R,CHC,STL,S,,,2,2,2015,-1.25,1.17,0.3306816715074714,3.4176702493265396,,,,0,8,Top,,,,,,150405_215215,6.499974905648973,-137.87335104725642,-2.951934098873838,-16.817,31.937,-17.125,3.51,1.57,,,,93.5,2203,6.0,413661,471083,519203,570489,592609,516770,458085,451594,624585,54.5,,,,,,,,61,6,Sinker,0,3,3,0,3,0,3,0,Standard,Standard,,0.0,0.0,,,,0.0,,-3,3,0.073,0.927,30,32,30,33,1,3,,,3,3,1.45,1.25,1.25,,,,,,
SL,2015-04-05,81.7,-1.24,5.89,"Strop, Pedro",425877,467008,,ball,,,,,14,,R,R,R,CHC,STL,B,,,1,2,2015,0.4,0.19,1.2187874841398303,0.1599180961551112,,,,0,8,Top,,,,,,150405_215156,4.640923094478923,-119.54801378943942,-5.525614623947388,2.861,22.475,-29.394,3.51,1.57,,,,80.3,2333,5.3,413661,471083,519203,570489,592609,516770,458085,451594,624585,54.5,,,,,,,,61,5,Slider,0,3,3,0,3,0,3,0,Standard,Standard,,-0.001,0.04,,,,-0.04,,-3,3,0.074,0.926,30,32,30,33,1,3,,,3,3,3.28,-0.4,-0.4,,,,,,
SL,2015-04-05,83.0,-0.83,6.04,"Strop, Pedro",425877,467008,,ball,,,,,14,,R,R,R,CHC,STL,B,,,0,2,2015,0.46,0.18,1.4681167649089648,2.183561638127802,,,,0,8,Top,,,,,,150405_215145,4.197952180493353,-121.65745394343908,-1.561677047393085,3.638,23.368,-30.153,3.51,1.57,,,,82.1,1156,5.5,413661,471083,519203,570489,592609,516770,458085,451594,624585,54.5,,,,,,,,61,4,Slider,0,3,3,0,3,0,3,0,Standard,Standard,,0.0,0.02,,,,-0.02,,-3,3,0.074,0.926,30,32,30,33,1,3,,,3,3,3.17,-0.46,-0.46,,,,,,
SI,2015-04-05,93.6,-0.77,6.01,"Strop, Pedro",425877,467008,,foul,,,,,5,,R,R,R,CHC,STL,S,,,0,2,2015,-1.67,0.87,0.2487634257423212,2.886510380520575,,,,0,8,Top,,,,,,150405_215128,6.94970812293644,-137.14027592578338,-3.458273231111024,-21.88,31.855,-20.818,3.51,1.57,,,,92.6,2263,5.8,413661,471083,519203,570489,592609,516770,458085,451594,624585,54.5,,,,,,,,61,3,Sinker,0,3,3,0,3,0,3,0,Standard,Standard,,0.0,0.0,,,,0.0,,-3,3,0.074,0.926,30,32,30,33,1,3,,,3,3,1.78,1.67,1.67,,,,,,
SI,2015-04-05,93.6,-0.84,5.99,"Strop, Pedro",425877,467008,,foul,,,,,3,,R,R,R,CHC,STL,S,,,0,1,2015,-1.45,0.84,0.3543223974997807,3.048034902531688,,,,0,8,Top,,,,,,150405_215109,6.825944281598496,-137.10199706787645,-2.902735995262668,-19.15,31.626,-21.345,3.51,1.57,231,79.0,52,92.8,2153,5.9,413661,471083,519203,570489,592609,516770,458085,451594,624585,54.5,,,,,,,,61,2,Sinker,0,3,3,0,3,0,3,0,Standard,Standard,,0.001,-0.051,,,,0.051,88.0,-3,3,0.073,0.927,30,32,30,33,1,3,,,3,3,1.82,1.45,1.45,,,,,,
SL,2015-04-05,82.4,-1.13,5.98,"Strop, Pedro",425877,467008,,foul,,,,,14,,R,R,R,CHC,STL,S,,,0,0,2015,-0.07,-0.27,0.8650523402966115,1.8251317499063775,,,,0,8,Top,,,,,,150405_215047,4.692294006023355,-120.77993327121852,-1.0472343228655658,-1.612,25.103,-34.456,3.51,1.57,,,,81.1,641,5.5,413661,471083,519203,570489,592609,516770,458085,451594,624585,54.5,,,,,,,,61,1,Slider,0,3,3,0,3,0,3,0,Standard,Standard,,0.001,-0.036,,,,0.036,,-3,3,0.072,0.928,30,32,30,33,1,3,,,3,3,3.69,0.07,0.07,,,,,,
FF,2015-04-05,94.8,-0.91,5.59,"Martinez, Carlos",600303,593372,field_out,hit_into_play,,,,,4,"Tommy La Stella grounds out, shortstop Jhonny Peralta to first baseman Matt Adams.",R,L,R,CHC,STL,X,6,ground_ball,2,2,2015,-0.79,1.29,-0.728103353634025,2.2024374634140993,,570489,,2,7,Bot,118.43,152.11,,,,150405_214803,2.5592848819274527,-138.96258660517225,-5.493029971418448,-10.469,31.891,-14.828,3.39,1.52,10,87.8,-13,93.1,2193,5.2,413661,425877,571431,543939,572761,425509,407812,445055,518792,54.5,0.121,0.109,0.0,1,0,0,2,60,6,4-Seam Fastball,0,3,0,3,3,0,0,3,Standard,Standard,,-0.026,-0.224,,,0.138,0.224,88.0,-3,-3,0.098,0.098,23,26,24,26,1,2,,,7,3,1.29,0.79,-0.79,,,,,,
CU,2015-04-05,81.3,-1.01,5.92,"Martinez, Carlos",600303,593372,,foul,,,,,1,,R,L,R,CHC,STL,S,,,2,2,2015,1.62,-0.19,-0.6396095675126405,3.0370992053780776,,570489,,2,7,Bot,,,,,,150405_214736,-2.805641181255446,-119.11797019761543,1.7974945391406167,15.447,22.419,-34.223,3.39,1.52,,,,79.8,2311,5.1,413661,425877,571431,543939,572761,425509,407812,445055,518792,54.5,,,,,,,,60,5,Curveball,0,3,0,3,3,0,0,3,Standard,Standard,,0.0,0.0,,,,0.0,,-3,-3,0.098,0.098,23,26,24,26,1,2,,,7,3,3.68,-1.62,1.62,,,,,,
CU,2015-04-05,83.3,-1.15,5.41,"Martinez, Carlos",600303,593372,,ball,,,,,14,,R,L,R,CHC,STL,B,,,1,2,2015,1.25,-0.03,1.007080746842374,1.2103570677242446,,570489,,2,7,Bot,,,,,,150405_214714,2.087022286013849,-122.17780593872196,-1.9487729494119392,11.713,23.963,-32.063,3.39,1.52,,,,81.2,2326,4.7,413661,425877,571431,543939,572761,425509,407812,445055,518792,54.5,,,,,,,,60,4,Curveball,0,3,0,3,3,0,0,3,Standard,Standard,,0.004,0.033,,,,-0.033,,-3,-3,0.094,0.094,23,26,24,26,1,2,,,7,3,3.35,-1.25,1.25,,,,,,
CH,2015-04-05,84.9,-1.14,5.78,"Martinez, Carlos",600303,593372,,called_strike,,,,,4,,R,L,R,CHC,STL,S,,,1,1,2015,-1.29,0.61,-0.5622366973405678,2.2443685970137666,,570489,,2,7,Bot,,,,,,150405_214654,4.391542792753343,-124.3863982957944,-2.210379635325517,-13.841,24.661,-25.576,3.39,1.52,,,,84.2,2067,5.7,413661,425877,571431,543939,572761,425509,407812,445055,518792,54.5,,,,,,,,60,3,Changeup,0,3,0,3,3,0,0,3,Standard,Standard,,-0.007,-0.065,,,,0.065,,-3,-3,0.101,0.101,23,26,24,26,1,2,,,7,3,2.59,1.29,-1.29,,,,,,
FF,2015-04-05,93.2,-1.18,5.6,"Martinez, Carlos",600303,593372,,called_strike,,,,,4,,R,L,R,CHC,STL,S,,,1,0,2015,-0.49,1.31,-0.641906375636615,2.407040693565312,,570489,,2,7,Bot,,,,,,150405_214633,2.636169005148852,-136.6501392644735,-4.758211092279375,-6.45,29.687,-15.304,3.39,1.52,,,,92.0,2136,5.4,413661,425877,571431,543939,572761,425509,407812,445055,518792,54.5,,,,,,,,60,2,4-Seam Fastball,0,3,0,3,3,0,0,3,Standard,Standard,,-0.004,-0.038,,,,0.038,,-3,-3,0.105,0.105,23,26,24,26,1,2,,,7,3,1.35,0.49,-0.49,,,,,,
FF,2015-04-05,94.3,-1.13,5.59,"Martinez, Carlos",600303,593372,,ball,,,,,14,,R,L,R,CHC,STL,B,,,0,0,2015,-0.64,1.0,0.0805640216510265,0.866537787267357,,570489,,2,7,Bot,,,,,,150405_214613,4.822616976969323,-137.88795104721805,-8.054424826175778,-8.994,31.32,-18.09,3.39,1.52,,,,93.2,2096,5.7,413661,425877,571431,543939,572761,425509,407812,445055,518792,54.5,,,,,,,,60,1,4-Seam Fastball,0,3,0,3,3,0,0,3,Standard,Standard,,0.002,0.02,,,,-0.02,,-3,-3,0.103,0.103,23,26,24,26,1,2,,,7,3,1.62,0.64,-0.64,,,,,,
CH,2015-04-05,85.1,-1.21,5.65,"Martinez, Carlos",471083,593372,strikeout,swinging_strike,,,,,13,Miguel Montero strikes out swinging.,R,L,R,CHC,STL,S,2,,3,2,2015,-1.72,0.39,-1.0282357247945326,1.5011881798993962,,570489,,1,7,Bot,,,,,,150405_214540,4.476093725625954,-124.7998477563174,-3.0993469346797267,-18.178,27.618,-27.585,3.3,1.43,,,,83.6,2048,5.4,413661,425877,571431,543939,572761,425509,407812,445055,518792,54.5,,0.0,0.0,1,0,0,,59,6,Changeup,0,3,0,3,3,0,0,3,Standard,Standard,,-0.05,-0.286,,,,0.286,,-3,-3,0.153,0.153,23,31,24,32,1,1,,,7,3,2.83,1.72,-1.72,,,,,,
CH,2015-04-05,85.5,-1.23,5.77,"Martinez, Carlos",471083,593372,,ball,,,,,13,,R,L,R,CHC,STL,B,,,2,2,2015,-1.71,0.02,-2.387072409803954,1.3376586644260868,,570489,,1,7,Bot,,,,,,150405_214513,1.2999775808277896,-125.45945960349104,-3.032314308346803,-17.58,26.592,-31.292,3.3,1.43,,,,84.4,1958,5.5,413661,425877,571431,543939,572761,425509,407812,445055,518792,54.5,,,,,,,,59,5,Changeup,0,3,0,3,3,0,0,3,Standard,Standard,,0.013,0.056,,,,-0.056,,-3,-3,0.14,0.14,23,31,24,32,1,1,,,7,3,3.15,1.71,-1.71,,,,,,
CH,2015-04-05,86.1,-1.03,5.71,"Martinez, Carlos",471083,593372,,foul,,,,,7,,R,L,R,CHC,STL,S,,,2,1,2015,-1.78,0.21,-0.5266507201136617,1.960519706494012,,570489,,1,7,Bot,,,,,,150405_214445,5.431377690560083,-126.29870555552026,-1.93808475305738,-19.412,27.78,-29.603,3.3,1.43,,,,84.8,2089,5.6,413661,425877,571431,543939,572761,425509,407812,445055,518792,54.5,,,,,,,,59,4,Changeup,0,3,0,3,3,0,0,3,Standard,Standard,,-0.01,-0.074,,,,0.074,,-3,-3,0.15,0.15,23,31,24,32,1,1,,,7,3,2.93,1.78,-1.78,,,,,,
SI,2015-04-05,92.8,-1.04,5.46,"Martinez, Carlos",471083,593372,,ball,,,,,13,,R,L,R,CHC,STL,B,,,1,1,2015,-1.51,0.4,-1.0920656369658863,1.2989002240000251,,,570489,1,7,Bot,,,,,,150405_214356,3.736533131628678,-136.07693003959193,-4.806017033949544,-18.937,29.946,-26.302,3.3,1.43,,,,91.4,1893,5.3,413661,425877,571431,543939,572761,425509,407812,445055,518792,54.5,,,,,,,,59,3,Sinker,0,3,0,3,3,0,0,3,Standard,Standard,,0.02,0.041,,,,-0.041,,-3,-3,0.13,0.13,23,31,24,32,1,1,,,7,3,2.28,1.51,-1.51,,,,,,
FF,2015-04-05,94.8,-0.89,5.62,"Martinez, Carlos",471083,593372,,ball,,,,,8,,R,L,R,CHC,STL,B,,,0,1,2015,-0.6,1.62,-0.0549415721025339,1.4535011851156048,,,570489,1,7,Bot,,,,,,150405_214334,3.7419729743916026,-138.6300937062368,-8.375509398268477,-8.318,30.362,-10.145,3.3,1.43,,,,93.0,2101,5.2,413661,425877,571431,543939,572761,425509,407812,445055,518792,54.5,,,,,,,,59,2,4-Seam Fastball,0,3,0,3,3,0,0,3,Standard,Standard,,0.003,0.022,,,,-0.022,,-3,-3,0.127,0.127,23,31,24,32,1,1,,,7,3,0.96,0.6,-0.6,,,,,,
FF,2015-04-05,93.7,-0.97,5.61,"Martinez, Carlos",471083,593372,,foul,,,,,4,,R,L,R,CHC,STL,S,,,0,0,2015,-0.91,1.02,-0.5706144524055147,2.111657250916945,,,570489,1,7,Bot,,,,,,150405_214305,3.389711912750927,-137.19422305986504,-4.869683127306464,-11.9,29.566,-18.693,3.3,1.43,,,,92.8,1910,5.6,413661,425877,571431,543939,572761,425509,407812,445055,518792,54.5,,,,,,,,59,1,4-Seam Fastball,0,3,0,3,3,0,0,3,Standard,Standard,,-0.005,-0.036,,,,0.036,,-3,-3,0.132,0.132,23,31,24,32,1,1,,,7,3,1.62,0.91,-0.91,,,,,,
SI,2015-04-05,92.9,-1.2,5.53,"Martinez, Carlos",570489,593372,walk,blocked_ball,,,,,14,Arismendy Alcantara walks.,R,L,R,CHC,STL,B,,,3,2,2015,-1.45,0.9,0.9316905138332372,0.5416816894282852,,,,1,7,Bot,,,,,,150405_214224,9.155046260460706,-135.71742809602603,-8.192006713786858,-19.326,28.564,-19.655,3.36,1.55,,,,91.2,1958,5.2,413661,425877,571431,543939,572761,425509,407812,445055,518792,54.5,,0.686843,0.7,1,0,0,,58,7,Sinker,0,3,0,3,3,0,0,3,Standard,Standard,,0.027,0.331,,,,-0.331,,-3,-3,0.105,0.105,23,23,24,24,1,0,,,7,3,1.79,1.45,-1.45,,,,,,
FF,2015-04-05,94.8,-0.9,5.72,"Martinez, Carlos",570489,593372,,foul,,,,,8,,R,L,R,CHC,STL,S,,,3,2,2015,-0.54,1.3,0.0391882345837096,2.031959779481126,,,,1,7,Bot,,,,,,150405_214206,3.884618924644592,-138.85164256860628,-6.254107972178248,-7.672,33.49,-14.565,3.36,1.55,,,,93.0,2070,5.4,413661,425877,571431,543939,572761,425509,407812,445055,518792,54.5,,,,,,,,58,6,4-Seam Fastball,0,3,0,3,3,0,0,3,Standard,Standard,,0.0,0.0,,,,0.0,,-3,-3,0.105,0.105,23,23,24,24,1,0,,,7,3,1.3,0.54,-0.54,,,,,,
CH,2015-04-05,85.9,-1.0,5.72,"Martinez, Carlos",570489,593372,,ball,,,,,13,,R,L,R,CHC,STL,B,,,2,2,2015,-2.02,0.14,-0.9197743330981496,0.0032741455235694,,,,1,7,Bot,,,,,,150405_214147,4.962416348598066,-125.85102545867475,-6.400628768454094,-21.6,27.801,-29.287,3.36,1.55,,,,84.0,1955,5.2,413661,425877,571431,543939,572761,425509,407812,445055,518792,54.5,,,,,,,,58,5,Changeup,0,3,0,3,3,0,0,3,Standard,Standard,,0.008,0.101,,,,-0.101,,-3,-3,0.097,0.097,23,23,24,24,1,0,,,7,3,3.02,2.02,-2.02,,,,,,
SI,2015-04-05,92.4,-1.17,5.63,"Martinez, Carlos",570489,593372,,foul,,,,,4,,R,L,R,CHC,STL,S,,,2,1,2015,-1.4,0.84,-0.7191976930175077,2.4024613397770995,,,,1,7,Bot,,,,,,150405_214130,4.715884566851606,-135.68046353104782,-3.430199837207526,-17.623,33.285,-21.404,3.36,1.55,,,,90.2,1975,5.1,413661,425877,571431,543939,572761,425509,407812,445055,518792,54.5,,,,,,,,58,4,Sinker,0,3,0,3,3,0,0,3,Standard,Standard,,-0.006,-0.067,,,,0.067,,-3,-3,0.103,0.103,23,23,24,24,1,0,,,7,3,1.89,1.4,-1.4,,,,,,
SI,2015-04-05,92.2,-1.4,5.52,"Martinez, Carlos",570489,593372,,ball,,,,,11,,R,L,R,CHC,STL,B,,,1,1,2015,-1.57,0.65,-1.930069396132243,3.1915245272624655,,,,1,7,Bot,,,,,,150405_214050,2.6404751517799654,-135.2881221098142,-0.6374746228647922,-19.153,30.434,-24.366,3.36,1.55,,,,90.6,1826,5.3,413661,425877,571431,543939,572761,425509,407812,445055,518792,54.5,,,,,,,,58,3,Sinker,0,3,0,3,3,0,0,3,Standard,Standard,,0.004,0.05,,,,-0.05,,-3,-3,0.099,0.099,23,23,24,24,1,0,,,7,3,2.07,1.57,-1.57,,,,,,
FF,2015-04-05,90.0,-1.19,5.79,"Martinez, Carlos",570489,593372,,called_strike,,,,,9,,R,L,R,CHC,STL,S,,,1,0,2015,-0.67,1.32,0.3698262549084868,2.028320551813362,,,,1,7,Bot,,,,,,150405_214038,5.535943144674027,-131.91179043588178,-5.472532230372672,-8.729,30.011,-16.161,3.36,1.55,,,,88.8,2022,5.6,413661,425877,571431,543939,572761,425509,407812,445055,518792,54.5,,,,,,,,58,2,4-Seam Fastball,0,3,0,3,3,0,0,3,Standard,Standard,,-0.004,-0.05,,,,0.05,,-3,-3,0.103,0.103,23,23,24,24,1,0,,,7,3,1.56,0.67,-0.67,,,,,,
FF,2015-04-05,92.5,-1.07,5.69,"Martinez, Carlos",570489,593372,,ball,,,,,13,,R,L,R,CHC,STL,B,,,0,0,2015,-0.9,1.43,-0.567123997708369,0.4878286501288683,,,,1,7,Bot,,,,,,150405_214026,3.5884674044527065,-135.2735287630215,-10.017756182913262,-11.517,28.324,-13.068,3.36,1.55,,,,90.9,2038,5.3,413661,425877,571431,543939,572761,425509,407812,445055,518792,54.5,,,,,,,,58,1,4-Seam Fastball,0,3,0,3,3,0,0,3,Standard,Standard,,0.003,0.038,,,,-0.038,,-3,-3,0.1,0.1,23,23,24,24,1,0,,,7,3,1.27,0.9,-0.9,,,,,,
FF,2015-04-05,93.3,-1.12,5.65,"Martinez, Carlos",592609,593372,field_out,hit_into_play,,,,,13,"Mike Olt grounds out, first baseman Matt Adams to pitcher Carlos Martinez.",R,R,R,CHC,STL,X,3,ground_ball,0,0,2015,-0.76,0.95,-0.5329702206169262,1.3207260220973356,,,,0,7,Bot,145.55,165.44,,,,150405_213937,3.474677653008951,-136.81241233528485,-6.720529183294371,-10.014,32.567,-19.123,3.5,1.57,7,55.9,-14,92.1,2053,5.6,413661,425877,571431,543939,572761,425509,407812,445055,518792,54.5,0.054,0.065,0.0,1,0,0,1,57,1,4-Seam Fastball,0,3,0,3,3,0,0,3,Standard,Standard,,-0.028,-0.25,,,0.065,0.25,88.0,-3,-3,0.128,0.128,23,26,24,27,1,2,,,7,5,1.72,0.76,0.76,,,,,,
FF,2015-04-05,92.4,-1.25,6.05,"Ramírez, Neil",571431,519166,field_out,hit_into_play,,,,,13,Matt Adams pops out to shortstop Starlin Castro.,R,L,R,CHC,STL,X,6,popup,1,0,2015,-0.48,1.65,-1.0045024911504477,1.903334502344165,,,425509,2,7,Top,96.29,143.02,,,,150405_213540,1.8444321829012456,-135.49561575563985,-7.80764906982789,-6.071,32.348,-10.897,3.57,1.68,195,76.7,57,92.7,2535,6.6,413661,471083,519203,600303,592609,516770,458085,451594,624585,54.5,0.007,0.006,0.0,1,0,0,3,56,2,4-Seam Fastball,0,3,3,0,3,0,3,0,Standard,Standard,,0.011,-0.304,,,0.007,0.304,88.0,-3,3,0.117,0.883,26,26,26,27,1,3,,,3,3,1.08,0.48,-0.48,,,,,,
FF,2015-04-05,92.4,-1.54,6.0,"Ramírez, Neil",571431,519166,,ball,,,,,13,,R,L,R,CHC,STL,B,,,0,0,2015,-0.73,1.4,-0.9333169886002638,1.0831363651402828,,,425509,2,7,Top,,,,,,150405_213520,3.4040623558209004,-135.35648201693186,-9.16447789342988,-9.411,30.699,-13.56,3.57,1.68,,,,92.6,2576,6.5,413661,471083,519203,600303,592609,516770,458085,451594,624585,54.5,,,,,,,,56,1,4-Seam Fastball,0,3,3,0,3,0,3,0,Standard,Standard,,-0.001,0.038,,,,-0.038,,-3,3,0.118,0.882,26,26,26,27,1,3,,,3,3,1.32,0.73,-0.73,,,,,,
FF,2015-04-05,93.0,-1.09,6.01,"Ramírez, Neil",425509,519166,single,hit_into_play,,,,,6,Jhonny Peralta singles on a ground ball to second baseman Tommy La Stella.,R,R,R,CHC,STL,X,4,ground_ball,1,2,2015,-0.59,1.37,0.7716837279653189,3.0051301605412992,,,,2,7,Top,133.93,148.48,,,,150405_213435,6.297277951724616,-136.2894957214238,-4.339888729757502,-8.517,31.002,-14.818,3.68,1.73,41,98.1,-3,93.9,2469,6.8,413661,471083,519203,600303,592609,516770,458085,451594,624585,54.5,0.414,0.373,0.9,1,1,0,2,55,4,4-Seam Fastball,0,3,3,0,3,0,3,0,Standard,Standard,,-0.006,0.399,,,0.466,-0.399,98.1,-3,3,0.124,0.876,26,33,26,33,1,3,,,3,3,1.32,0.59,0.59,,,,,,
SL,2015-04-05,84.9,-0.84,6.19,"Ramírez, Neil",425509,519166,,swinging_strike,,,,,2,,R,R,R,CHC,STL,S,,,1,1,2015,0.54,0.37,0.0060270094817148,3.342925159992068,,,,2,7,Top,,,,,,150405_213412,0.7112142118282283,-124.50985970596868,-0.0695140697192611,5.288,23.929,-28.413,3.68,1.73,,,,84.8,2297,6.0,413661,471083,519203,600303,592609,516770,458085,451594,624585,54.5,,,,,,,,55,3,Slider,0,3,3,0,3,0,3,0,Standard,Standard,,0.001,-0.062,,,,0.062,,-3,3,0.123,0.877,26,33,26,33,1,3,,,3,3,2.82,-0.54,-0.54,,,,,,
SL,2015-04-05,85.7,-0.86,6.16,"Ramírez, Neil",425509,519166,,ball,,,,,14,,R,R,R,CHC,STL,B,,,0,1,2015,0.52,0.16,2.4392970038218698,1.6760161286080255,,,,2,7,Top,,,,,,150405_213351,6.560595119408116,-125.40558983155417,-3.539783788717054,4.038,24.288,-29.804,3.68,1.73,,,,85.7,2346,6.2,413661,471083,519203,600303,592609,516770,458085,451594,624585,54.5,,,,,,,,55,2,Slider,0,3,3,0,3,0,3,0,Standard,Standard,,-0.001,0.026,,,,-0.026,,-3,3,0.124,0.876,26,33,26,33,1,3,,,3,3,2.98,-0.52,-0.52,,,,,,
SL,2015-04-05,83.5,-0.88,6.25,"Ramírez, Neil",425509,519166,,swinging_strike,,,,,14,,R,R,R,CHC,STL,S,,,0,0,2015,0.59,0.14,0.3124379936364578,1.552621012474377,,,,2,7,Top,,,,,,150405_213334,1.399274310462881,-122.3602926810818,-3.481891523780551,5.438,24.255,-30.156,3.68,1.73,,,,83.4,2127,6.1,413661,471083,519203,600303,592609,516770,458085,451594,624585,54.5,,,,,,,,55,1,Slider,0,3,3,0,3,0,3,0,Standard,Standard,,0.001,-0.043,,,,0.043,,-3,3,0.123,0.877,26,33,26,33,1,3,,,3,3,3.18,-0.59,-0.59,,,,,,
FF,2015-04-05,93.3,-1.12,6.15,"Ramírez, Neil",407812,519166,strikeout,swinging_strike,,,,,6,Matt Holliday strikes out swinging.,R,R,R,CHC,STL,S,2,,0,2,2015,-0.46,1.84,0.6132230949765098,2.6917057860744436,,,,1,7,Top,,,,,,150405_213301,5.64362284792395,-136.83416020862626,-6.73668507124779,-6.863,33.741,-8.489,3.67,1.82,,,,93.2,2308,6.4,413661,471083,519203,600303,592609,516770,458085,451594,624585,54.5,,0.0,0.0,1,0,0,,54,3,4-Seam Fastball,0,3,3,0,3,0,3,0,Standard,Standard,,0.004,-0.151,,,,0.151,,-3,3,0.119,0.881,26,35,26,35,1,3,,,3,3,0.85,0.46,0.46,,,,,,
SL,2015-04-05,84.6,-1.01,6.22,"Ramírez, Neil",407812,519166,,foul,,,,,13,,R,R,R,CHC,STL,S,,,0,1,2015,0.36,0.14,-0.1334184014197465,1.099656979578281,,,,1,7,Top,,,,,,150405_213236,1.2069376657661186,-123.9594686823076,-4.782575350968537,3.406,22.882,-29.909,3.67,1.82,,,,84.3,2312,5.8,413661,471083,519203,600303,592609,516770,458085,451594,624585,54.5,,,,,,,,54,2,Slider,0,3,3,0,3,0,3,0,Standard,Standard,,0.002,-0.056,,,,0.056,,-3,3,0.117,0.883,26,35,26,35,1,3,,,3,3,3.07,-0.36,-0.36,,,,,,
FF,2015-04-05,94.1,-1.22,6.14,"Ramírez, Neil",407812,519166,,called_strike,,,,,14,,R,R,R,CHC,STL,S,,,0,0,2015,-0.38,1.8,0.8534622894375623,2.2161346804445867,,,,1,7,Top,,,,,,150405_213216,6.352043418454029,-137.64926843249114,-7.996822491803568,-6.126,32.277,-8.324,3.67,1.82,,,,94.4,2445,6.6,413661,471083,519203,600303,592609,516770,458085,451594,624585,54.5,,,,,,,,54,1,4-Seam Fastball,0,3,3,0,3,0,3,0,Standard,Standard,,0.001,-0.039,,,,0.039,,-3,3,0.116,0.884,26,35,26,35,1,3,,,3,3,0.84,0.38,0.38,,,,,,
FF,2015-04-05,91.8,-1.19,6.12,"Ramírez, Neil",518792,519166,field_out,hit_into_play,,,,,4,Jason Heyward grounds out to first baseman Anthony Rizzo.,R,L,R,CHC,STL,X,3,ground_ball,0,0,2015,-0.73,1.73,-0.3997589498241508,2.564372178141979,,,,0,7,Top,149.97,170.29,,,,150405_213139,3.862006338826818,-134.5974613430729,-6.383447293852692,-9.385,31.505,-10.593,3.45,1.59,66,108.4,0,92.5,2178,6.8,413661,471083,519203,600303,592609,516770,458085,451594,624585,54.5,0.553,0.553,0.0,1,0,0,4,53,1,4-Seam Fastball,0,3,3,0,3,0,3,0,Standard,Standard,,0.009,-0.25,,,0.685,0.25,108.4,-3,3,0.107,0.893,26,25,26,26,1,3,,,3,3,1.04,0.73,-0.73,,,,,,
FC,2015-04-05,84.2,-1.25,6.45,"Wainwright, Adam",458085,425794,field_out,hit_into_play,,,,,2,Chris Coghlan flies out to right fielder Jason Heyward.,R,L,R,CHC,STL,X,9,fly_ball,1,1,2015,0.32,0.47,0.1407198099570933,2.831479494780899,,,516770,2,6,Bot,210.85,90.3,,,,150405_212824,2.487255331749454,-123.44826487237478,-1.974918374142519,2.727,22.918,-27.178,3.27,1.47,342,95.5,30,84.5,2360,6.2,413661,425877,571431,543939,572761,425509,407812,445055,518792,54.5,0.26,0.465,0.0,1,0,0,5,52,3,Cutter,0,3,0,3,3,0,0,3,Standard,Standard,,-0.023,-0.252,,,0.852,0.252,95.5,-3,-3,0.13,0.13,33,30,34,30,3,2,,,8,3,2.77,-0.32,0.32,,,,,,
CU,2015-04-05,73.6,-1.35,6.53,"Wainwright, Adam",458085,425794,,blocked_ball,,,,,13,,R,L,R,CHC,STL,B,,,0,1,2015,1.12,-1.49,-1.2979038882604166,0.7163772831731929,,,516770,2,6,Bot,,,,,,150405_212756,-2.171676097805606,-108.13351858235262,-0.0164734964353983,8.75,21.835,-43.251,3.27,1.47,,,,72.4,2626,5.6,413661,425877,571431,543939,572761,425509,407812,445055,518792,54.5,,,,,,,,52,2,Curveball,0,3,0,3,3,0,0,3,Standard,Standard,,0.003,0.027,,,,-0.027,,-3,-3,0.127,0.127,33,30,34,30,3,2,,,8,3,5.8,-1.12,1.12,,,,,,
FC,2015-04-05,86.6,-1.18,6.39,"Wainwright, Adam",458085,425794,,foul,,,,,3,,R,L,R,CHC,STL,S,,,0,0,2015,0.09,0.76,0.3183495773289357,2.92079149383269,,,516770,2,6,Bot,,,,,,150405_212721,3.36815390264947,-126.91371305339705,-2.810784792648686,0.333,23.408,-23.647,3.27,1.47,33,85.0,-4,87.3,2110,6.4,413661,425877,571431,543939,572761,425509,407812,445055,518792,54.5,,,,,,,,52,1,Cutter,0,3,0,3,3,0,0,3,Standard,Standard,,-0.004,-0.042,,,,0.042,88.0,-3,-3,0.131,0.131,33,30,34,30,3,2,,,8,3,2.29,-0.09,0.09,,,,,,
FF,2015-04-05,90.2,-1.04,6.28,"Wainwright, Adam",516770,425794,single,hit_into_play,,,,,6,Starlin Castro singles on a ground ball to center fielder Jon Jay.,R,R,R,CHC,STL,X,8,ground_ball,1,2,2015,-0.23,1.09,0.2809941819388955,2.1992643904044167,,,,2,6,Bot,115.11,107.87,,,,150405_212630,3.863105009461336,-132.21450903739728,-5.750203167632233,-3.515,30.276,-18.578,3.37,1.54,23,103.9,-5,90.6,2271,6.7,413661,425877,571431,543939,572761,425509,407812,445055,518792,54.5,0.46,0.444,0.9,1,1,0,2,51,4,4-Seam Fastball,0,3,0,3,3,0,0,3,Standard,Standard,,0.017,0.399,,,0.512,-0.399,103.9,-3,-3,0.114,0.114,33,25,34,25,3,2,,,8,3,1.77,0.23,0.23,,,,,,
CU,2015-04-05,75.2,-1.25,6.37,"Wainwright, Adam",516770,425794,,ball,,,,,14,,R,R,R,CHC,STL,B,,,0,2,2015,1.15,-1.33,1.7278664437087152,1.5313031238373052,,,,2,6,Bot,,,,,,150405_212608,3.792294885908396,-110.46763180226142,1.3257961337089976,8.157,23.017,-42.796,3.37,1.54,,,,74.9,2696,6.3,413661,425877,571431,543939,572761,425509,407812,445055,518792,54.5,,,,,,,,51,3,Curveball,0,3,0,3,3,0,0,3,Standard,Standard,,0.001,0.019,,,,-0.019,,-3,-3,0.113,0.113,33,25,34,25,3,2,,,8,3,5.47,-1.15,-1.15,,,,,,
FC,2015-04-05,88.3,-1.24,6.27,"Wainwright, Adam",516770,425794,,foul,,,,,3,,R,R,R,CHC,STL,S,,,0,1,2015,0.0,1.22,0.6563645022371376,3.2725217069263084,,,,2,6,Bot,,,,,,150405_212522,4.6287831268317206,-129.42706672099155,-3.0860348438585867,-0.911,25.426,-18.286,3.37,1.54,272,88.6,48,89.0,2386,6.4,413661,425877,571431,543939,572761,425509,407812,445055,518792,54.5,,,,,,,,51,2,Cutter,0,3,0,3,3,0,0,3,Standard,Standard,,-0.002,-0.056,,,,0.056,88.6,-3,-3,0.115,0.115,33,25,34,25,3,2,,,8,3,1.73,0.0,0.0,,,,,,
CU,2015-04-05,72.8,-1.24,6.39,"Wainwright, Adam",516770,425794,,called_strike,,,,,9,,R,R,R,CHC,STL,S,,,0,0,2015,1.5,-1.24,0.4659563390276896,2.090436854719343,,,,2,6,Bot,,,,,,150405_212509,0.4056553976780413,-107.0355707043224,2.7572471399216125,10.83,22.486,-41.754,3.37,1.54,,,,72.0,2691,6.1,413661,425877,571431,543939,572761,425509,407812,445055,518792,54.5,,,,,,,,51,1,Curveball,0,3,0,3,3,0,0,3,Standard,Standard,,-0.002,-0.043,,,,0.043,,-3,-3,0.117,0.117,33,25,34,25,3,2,,,8,3,5.67,-1.5,-1.5,,,,,,
FC,2015-04-05,84.9,-1.25,6.38,"Wainwright, Adam",519203,425794,field_out,hit_into_play,,,,,6,"Anthony Rizzo grounds out, second baseman Kolten Wong to first baseman Matt Adams.",R,L,R,CHC,STL,X,4,ground_ball,2,1,2015,0.77,0.59,0.637138417443648,2.6997806796200847,,,,1,6,Bot,143.33,161.81,,,,150405_212428,2.61080194922416,-124.46790436092353,-2.5133295545060155,7.282,24.032,-25.762,3.59,1.66,7,54.5,-17,84.7,1168,6.0,413661,425877,571431,543939,572761,425509,407812,445055,518792,54.5,0.052,0.055,0.0,1,0,0,1,50,4,Cutter,0,3,0,3,3,0,0,3,Strategic,Standard,,-0.021,-0.283,,,0.052,0.283,88.0,-3,-3,0.138,0.138,33,25,34,26,3,2,,,8,3,2.61,-0.77,0.77,,,,,,
FC,2015-04-05,87.9,-1.33,6.26,"Wainwright, Adam",519203,425794,,foul,,,,,8,,R,L,R,CHC,STL,S,,,2,0,2015,-0.04,1.14,-0.1713154848099121,1.9062857389211283,,,,1,6,Bot,,,,,,150405_212406,2.9118474284567974,-128.83019494280057,-6.041968523992775,-1.051,27.188,-18.712,3.59,1.66,,,,88.1,2347,6.4,413661,425877,571431,543939,572761,425509,407812,445055,518792,54.5,,,,,,,,50,3,Cutter,0,3,0,3,3,0,0,3,Strategic,Standard,,-0.007,-0.071,,,,0.071,,-3,-3,0.145,0.145,33,25,34,26,3,2,,,8,3,1.86,0.04,-0.04,,,,,,
CH,2015-04-05,83.1,-1.58,6.34,"Wainwright, Adam",519203,425794,,ball,,,,,11,,R,L,R,CHC,STL,B,,,1,0,2015,-1.56,0.85,-1.563910762857316,3.0621547997395764,,,,1,6,Bot,,,,,,150405_212326,3.636600121499358,-121.90333327682224,-1.705259881231961,-15.663,27.283,-23.706,3.59,1.66,,,,82.9,1966,6.4,413661,425877,571431,543939,572761,425509,407812,445055,518792,54.5,,,,,,,,50,2,Changeup,0,3,0,3,3,0,0,3,Strategic,Standard,,0.007,0.071,,,,-0.071,,-3,-3,0.138,0.138,33,25,34,26,3,2,,,8,3,2.54,1.56,-1.56,,,,,,
SI,2015-04-05,87.4,-1.51,6.12,"Wainwright, Adam",519203,425794,,ball,,,,,11,,R,L,R,CHC,STL,B,,,0,0,2015,-1.4,1.02,-1.4743402163776416,3.2020337992887677,,,,1,6,Bot,,,,,,150405_212310,3.473629305062849,-128.2271724752597,-2.1182899188032094,-15.541,29.689,-20.992,3.59,1.66,,,,87.1,2234,6.2,413661,425877,571431,543939,572761,425509,407812,445055,518792,54.5,,,,,,,,50,1,Sinker,0,3,0,3,3,0,0,3,Strategic,Standard,,0.003,0.038,,,,-0.038,,-3,-3,0.135,0.135,33,25,34,26,3,2,,,8,3,2.04,1.4,-1.4,,,,,,
FC,2015-04-05,84.3,-1.21,6.34,"Wainwright, Adam",624585,425794,field_out,hit_into_play,,,,,4,Jorge Soler lines out to left fielder Matt Holliday.,R,R,R,CHC,STL,X,7,line_drive,3,2,2015,0.64,0.54,-0.2800296306085583,2.707205374598131,,,,0,6,Bot,94.63,99.99,,,,150405_212227,0.6680425970968163,-123.5613739159613,-2.162270514710414,6.237,24.06,-26.368,3.59,1.61,304,111.6,12,84.2,2374,6.1,413661,425877,571431,543939,572761,425509,407812,445055,518792,54.5,0.84,0.943,0.0,1,0,0,6,49,7,Cutter,0,3,0,3,3,0,0,3,Standard,Standard,,-0.035,-0.323,,,1.35,0.323,111.6,-3,-3,0.17,0.17,33,23,34,23,3,2,,,8,3,2.7,-0.64,-0.64,,,,,,
FF,2015-04-05,89.7,-1.14,6.25,"Wainwright, Adam",624585,425794,,foul,,,,,8,,R,R,R,CHC,STL,S,,,3,2,2015,-0.22,1.47,-0.1621224762276314,2.211351165899659,,,,0,6,Bot,,,,,,150405_212206,2.9703774252830293,-131.40374698234444,-6.506280604535139,-3.124,28.068,-14.335,3.59,1.61,,,,90.7,2396,6.8,413661,425877,571431,543939,572761,425509,407812,445055,518792,54.5,,,,,,,,49,6,4-Seam Fastball,0,3,0,3,3,0,0,3,Standard,Standard,,0.0,0.0,,,,0.0,,-3,-3,0.17,0.17,33,23,34,23,3,2,,,8,3,1.41,0.22,0.22,,,,,,
FF,2015-04-05,88.5,-1.29,6.25,"Wainwright, Adam",624585,425794,,swinging_strike,,,,,5,,R,R,R,CHC,STL,S,,,3,1,2015,-0.22,1.53,0.155556947783211,2.792676407669219,,,,0,6,Bot,,,,,,150405_212145,4.074610735219469,-129.78911465912694,-4.932643519200336,-3.264,29.049,-14.49,3.59,1.61,,,,89.0,2360,6.6,413661,425877,571431,543939,572761,425509,407812,445055,518792,54.5,,,,,,,,49,5,4-Seam Fastball,0,3,0,3,3,0,0,3,Standard,Standard,,-0.012,-0.094,,,,0.094,,-3,-3,0.182,0.182,33,23,34,23,3,2,,,8,3,1.44,0.22,0.22,,,,,,
FC,2015-04-05,86.0,-1.29,6.33,"Wainwright, Adam",624585,425794,,called_strike,,,,,5,,R,R,R,CHC,STL,S,,,3,0,2015,-0.23,1.34,-0.2173385531851257,2.2517767598562815,,,,0,6,Bot,,,,,,150405_212129,3.0764190476481668,-125.99065699090548,-5.451386130234491,-2.941,25.043,-17.314,3.59,1.61,,,,86.6,2259,6.6,413661,425877,571431,543939,572761,425509,407812,445055,518792,54.5,,,,,,,,49,4,Cutter,0,3,0,3,3,0,0,3,Standard,Standard,,-0.01,-0.07,,,,0.07,,-3,-3,0.192,0.192,33,23,34,23,3,2,,,8,3,1.79,0.23,0.23,,,,,,
FC,2015-04-05,83.2,-1.43,6.38,"Wainwright, Adam",624585,425794,,ball,,,,,11,,R,R,R,CHC,STL,B,,,2,0,2015,0.75,0.73,-0.3229457183137744,4.5029002944898755,,,,0,6,Bot,,,,,,150405_212112,0.8341275623816022,-121.9514721354359,1.6143607049055622,7.128,21.218,-25.375,3.59,1.61,,,,83.3,2528,5.9,413661,425877,571431,543939,572761,425509,407812,445055,518792,54.5,,,,,,,,49,3,Cutter,0,3,0,3,3,0,0,3,Standard,Standard,,0.015,0.132,,,,-0.132,,-3,-3,0.177,0.177,33,23,34,23,3,2,,,8,3,2.58,-0.75,-0.75,,,,,,
FC,2015-04-05,84.2,-1.26,6.34,"Wainwright, Adam",624585,425794,,ball,,,,,14,,R,R,R,CHC,STL,B,,,1,0,2015,0.32,1.09,1.0981508850759505,1.7528404193626317,,,,0,6,Bot,,,,,,150405_212055,4.7331067528286095,-123.24835593629638,-5.658438272702469,2.29,22.584,-20.324,3.59,1.61,,,,84.6,2538,6.3,413661,425877,571431,543939,572761,425509,407812,445055,518792,54.5,,,,,,,,49,2,Cutter,0,3,0,3,3,0,0,3,Standard,Standard,,0.009,0.069,,,,-0.069,,-3,-3,0.168,0.168,33,23,34,23,3,2,,,8,3,2.15,-0.32,-0.32,,,,,,
FC,2015-04-05,87.4,-1.52,6.35,"Wainwright, Adam",624585,425794,,ball,,,,,13,,R,R,R,CHC,STL,B,,,0,0,2015,-0.42,1.46,-1.599089456161852,1.988761837325283,,,,0,6,Bot,,,,,,150405_212043,0.8213924795160702,-128.00675671229234,-6.704561965588404,-4.602,27.34,-15.287,3.59,1.61,,,,87.4,2340,6.4,413661,425877,571431,543939,572761,425509,407812,445055,518792,54.5,,,,,,,,49,1,Cutter,0,3,0,3,3,0,0,3,Standard,Standard,,0.005,0.036,,,,-0.036,,-3,-3,0.163,0.163,33,23,34,23,3,2,,,8,3,1.58,0.42,0.42,,,,,,
SI,2015-04-05,94.2,-1.5,5.24,"Motte, Jason",572761,435400,field_out,hit_into_play,,,,,14,"Matt Carpenter grounds out, second baseman Tommy La Stella to first baseman Anthony Rizzo.",R,L,R,CHC,STL,X,4,ground_ball,2,2,2015,-1.45,0.94,0.0547422881547026,1.1124160329483164,,,,2,6,Top,155.57,152.03,,,,150405_211803,7.813457028529712,-137.858049297094,-6.276833931855482,-19.571,34.295,-19.196,3.56,1.72,,82.9,-21,93.2,2243,6.0,413661,471083,519203,600303,592609,516770,458085,451594,624585,54.5,0.069,0.074,0.0,1,0,0,2,48,7,Sinker,0,3,3,0,3,0,3,0,Standard,Standard,,0.005,-0.211,,,0.069,0.211,88.0,-3,3,0.158,0.842,33,29,33,30,1,3,,,5,3,1.71,1.45,-1.45,,,,,,
FF,2015-04-05,95.2,-0.93,5.8,"Motte, Jason",572761,435400,,foul,,,,,6,,R,L,R,CHC,STL,S,,,2,2,2015,-0.66,2.11,0.8150678612514144,2.303690635790152,,,,2,6,Top,,,,,,150405_211738,6.306462443509322,-139.3664720117432,-7.896468594805564,-9.822,35.637,-3.995,3.56,1.72,,,,94.1,2380,6.0,413661,471083,519203,600303,592609,516770,458085,451594,624585,54.5,,,,,,,,48,6,4-Seam Fastball,0,3,3,0,3,0,3,0,Standard,Standard,,0.0,0.0,,,,0.0,,-3,3,0.158,0.842,33,29,33,30,1,3,,,5,3,0.48,0.66,-0.66,,,,,,
FF,2015-04-05,96.1,-1.22,5.66,"Motte, Jason",572761,435400,,foul,,,,,7,,R,L,R,CHC,STL,S,,,2,2,2015,-1.03,1.58,-0.3426869465749406,1.940492119219484,,,,2,6,Top,,,,,,150405_211707,5.0659510632497575,-140.72873516094714,-7.30044659521336,-14.356,36.088,-10.326,3.56,1.72,,,,94.9,2476,5.9,413661,471083,519203,600303,592609,516770,458085,451594,624585,54.5,,,,,,,,48,5,4-Seam Fastball,0,3,3,0,3,0,3,0,Standard,Standard,,0.0,0.0,,,,0.0,,-3,3,0.158,0.842,33,29,33,30,1,3,,,5,3,0.96,1.03,-1.03,,,,,,
FF,2015-04-05,96.2,-1.19,5.56,"Motte, Jason",572761,435400,,called_strike,,,,,4,,R,L,R,CHC,STL,S,,,2,1,2015,-0.8,1.48,-0.714528286212931,2.9670704965279677,,,,2,6,Top,,,,,,150405_211644,3.3829643936757856,-141.2494525334523,-4.087887769027209,-11.0,38.143,-12.286,3.56,1.72,,,,95.0,2506,5.9,413661,471083,519203,600303,592609,516770,458085,451594,624585,54.5,,,,,,,,48,4,4-Seam Fastball,0,3,3,0,3,0,3,0,Standard,Standard,,0.002,-0.076,,,,0.076,,-3,3,0.156,0.844,33,29,33,30,1,3,,,5,3,1.06,0.8,-0.8,,,,,,
FF,2015-04-05,95.2,-1.25,5.46,"Motte, Jason",572761,435400,,called_strike,,,,,9,,R,L,R,CHC,STL,S,,,2,0,2015,-0.92,1.49,0.3077482241483975,2.279455439429401,,,,2,6,Top,,,,,,150405_211623,6.514159312523751,-139.4150172147893,-5.499364289405446,-13.119,34.56,-12.208,3.56,1.72,,,,94.5,2504,6.1,413661,471083,519203,600303,592609,516770,458085,451594,624585,54.5,,,,,,,,48,3,4-Seam Fastball,0,3,3,0,3,0,3,0,Standard,Standard,,0.001,-0.07,,,,0.07,,-3,3,0.155,0.845,33,29,33,30,1,3,,,5,3,1.09,0.92,-0.92,,,,,,
FF,2015-04-05,93.4,-1.35,5.33,"Motte, Jason",572761,435400,,ball,,,,,11,,R,L,R,CHC,STL,B,,,1,0,2015,-1.09,0.99,-1.2427572418788766,3.888831083937526,,,,2,6,Top,,,,,,150405_211604,3.081092136935632,-137.16482196248424,0.5747980528194396,-13.88,31.484,-20.339,3.56,1.72,,,,92.9,2303,5.8,413661,471083,519203,600303,592609,516770,458085,451594,624585,54.5,,,,,,,,48,2,4-Seam Fastball,0,3,3,0,3,0,3,0,Standard,Standard,,-0.001,0.065,,,,-0.065,,-3,3,0.156,0.844,33,29,33,30,1,3,,,5,3,1.66,1.09,-1.09,,,,,,
SI,2015-04-05,92.8,-1.66,5.17,"Motte, Jason",572761,435400,,ball,,,,,11,,R,L,R,CHC,STL,B,,,0,0,2015,-1.29,0.79,-1.495763336620113,2.792649074161715,,,,2,6,Top,,,,,,150405_211548,3.7236385390815943,-136.1302178100072,-1.2613897757133734,-16.296,29.576,-22.414,3.56,1.72,,,,92.2,2235,5.8,413661,471083,519203,600303,592609,516770,458085,451594,624585,54.5,,,,,,,,48,1,Sinker,0,3,3,0,3,0,3,0,Standard,Standard,,-0.001,0.037,,,,-0.037,,-3,3,0.157,0.843,33,29,33,30,1,3,,,5,3,1.89,1.29,-1.29,,,,,,
FF,2015-04-05,96.9,-1.01,5.71,"Motte, Jason",425794,435400,field_out,hit_into_play,,,,,12,Adam Wainwright pops out to first baseman Anthony Rizzo in foul territory.,R,R,R,CHC,STL,X,3,popup,0,2,2015,-0.79,1.47,0.9167255849902232,2.937824244083149,,,,1,6,Top,162.01,179.89,,,,150405_211500,7.271621164241283,-141.95023450491374,-4.639105510178295,-12.051,36.95,-12.091,3.61,1.64,,80.0,69,95.5,2534,5.7,413661,471083,519203,600303,592609,516770,458085,451594,624585,54.5,0.0,0.0,0.0,1,0,0,3,47,3,4-Seam Fastball,0,3,3,0,3,0,3,0,Standard,Standard,,0.005,-0.151,,,0.0,0.151,88.0,-3,3,0.152,0.848,33,33,33,34,1,2,,,5,8,1.03,0.79,0.79,,,,,,
FF,2015-04-05,96.3,-1.04,5.65,"Motte, Jason",425794,435400,,foul,,,,,5,,R,R,R,CHC,STL,S,,,0,1,2015,-0.7,1.53,-0.2457304370213655,2.389194111991856,,,,1,6,Top,,,,,,150405_211433,3.980134076322332,-141.15368875449198,-5.982326338579546,-9.968,37.378,-11.203,3.61,1.64,,,,95.1,2507,5.9,413661,471083,519203,600303,592609,516770,458085,451594,624585,54.5,,,,,,,,47,2,4-Seam Fastball,0,3,3,0,3,0,3,0,Standard,Standard,,0.003,-0.056,,,,0.056,,-3,3,0.149,0.851,33,33,33,34,1,2,,,5,8,1.01,0.7,0.7,,,,,,
FF,2015-04-05,95.2,-1.06,5.57,"Motte, Jason",425794,435400,,foul,,,,,5,,R,R,R,CHC,STL,S,,,0,0,2015,-0.8,1.64,0.2093855054228252,2.9361205875815934,,,,1,6,Top,,,,,,150405_211412,5.448079102624826,-139.58180285767912,-4.409261855425102,-11.399,37.025,-10.709,3.61,1.64,,,,93.7,2393,5.8,413661,471083,519203,600303,592609,516770,458085,451594,624585,54.5,,,,,,,,47,1,4-Seam Fastball,0,3,3,0,3,0,3,0,Standard,Strategic,,0.001,-0.039,,,,0.039,,-3,3,0.148,0.852,33,33,33,34,1,2,,,5,8,0.96,0.8,0.8,,,,,,
FF,2015-04-05,94.7,-0.94,5.73,"Motte, Jason",445055,435400,field_out,hit_into_play,,,,,3,Jon Jay flies out to center fielder Dexter Fowler.,R,L,R,CHC,STL,X,8,fly_ball,0,2,2015,-0.79,1.63,0.3184289313037028,3.150659478267517,,,,0,6,Top,148.56,80.56,,,,150405_211335,5.365779293375371,-138.77836250655216,-4.238363408230864,-11.115,32.209,-10.957,3.49,1.58,321,92.6,37,93.7,2412,5.7,413661,471083,519203,600303,592609,516770,458085,451594,624585,54.5,0.06,0.096,0.0,1,0,0,3,46,4,4-Seam Fastball,0,3,3,0,3,0,3,0,Standard,Strategic,,0.007,-0.163,,,0.18,0.163,92.6,-3,3,0.141,0.859,33,30,33,30,1,2,,,5,3,0.96,0.79,-0.79,,,,,,
FF,2015-04-05,95.8,-1.01,5.71,"Motte, Jason",445055,435400,,foul,,,,,11,,R,L,R,CHC,STL,S,,,0,2,2015,-0.84,1.4,-0.9115344675990396,2.5884247496111725,,,,0,6,Top,,,,,,150405_211307,2.4999816116486544,-140.4338907956338,-5.24353168426992,-11.314,34.562,-13.132,3.49,1.58,,,,94.5,2518,5.6,413661,471083,519203,600303,592609,516770,458085,451594,624585,54.5,,,,,,,,46,3,4-Seam Fastball,0,3,3,0,3,0,3,0,Standard,Strategic,,0.0,0.0,,,,0.0,,-3,3,0.141,0.859,33,30,33,30,1,2,,,5,3,1.14,0.84,-0.84,,,,,,
FF,2015-04-05,94.2,-1.2,5.57,"Motte, Jason",445055,435400,,foul,,,,,6,,R,L,R,CHC,STL,S,,,0,1,2015,-0.83,1.8,0.6550907892052981,2.8096190210284977,,,,0,6,Top,,,,,,150405_211244,6.971573755466639,-138.07865975957327,-4.965837619218238,-11.842,35.738,-9.049,3.49,1.58,2,45.0,-57,94.1,1016,6.6,413661,471083,519203,600303,592609,516770,458085,451594,624585,54.5,,,,,,,,46,2,4-Seam Fastball,0,3,3,0,3,0,3,0,Standard,Strategic,,0.002,-0.051,,,,0.051,88.0,-3,3,0.139,0.861,33,30,33,30,1,2,,,5,3,0.85,0.83,-0.83,,,,,,
FF,2015-04-05,92.1,-1.44,5.33,"Motte, Jason",445055,435400,,called_strike,,,,,5,,R,L,R,CHC,STL,S,,,0,0,2015,-1.26,1.16,-0.0628263174531182,2.4529324077787944,,,,0,6,Top,,,,,,150405_211230,6.720787350459589,-135.02419962362305,-3.296662868837318,-16.343,31.27,-17.824,3.49,1.58,,,,91.2,2350,5.8,413661,471083,519203,600303,592609,516770,458085,451594,624585,54.5,,,,,,,,46,1,4-Seam Fastball,0,3,3,0,3,0,3,0,Standard,Strategic,,0.002,-0.036,,,,0.036,,-3,3,0.137,0.863,33,30,33,30,1,2,,,5,3,1.58,1.26,-1.26,,,,,,
CU,2015-04-05,75.4,-1.13,6.6,"Wainwright, Adam",451594,425794,strikeout,swinging_strike,,,,,9,Dexter Fowler strikes out swinging.,R,L,R,CHC,STL,S,2,,1,2,2015,1.12,-1.52,0.4036594902014477,1.708206246912889,424325,,,2,5,Bot,,,,,,150405_210947,0.8726819110821457,-110.90235705790928,1.615265970060523,8.521,24.567,-44.388,3.76,1.69,,,,74.9,3008,6.3,413661,425877,571431,543939,572761,425509,407812,445055,518792,54.5,,0.0,0.0,1,0,0,,45,4,Curveball,0,3,0,3,3,0,0,3,Standard,Strategic,,-0.026,-0.235,,,,0.235,,-3,-3,0.163,0.163,33,29,34,29,3,2,,,8,3,5.66,-1.12,1.12,,,,,,
FC,2015-04-05,89.1,-1.14,6.41,"Wainwright, Adam",451594,425794,,swinging_strike,,,,,3,,R,L,R,CHC,STL,S,,,1,1,2015,-0.05,1.53,0.5030258570347487,3.4835837246708445,424325,,,2,5,Bot,,,,,,150405_210923,4.187121851517915,-130.70531517884038,-3.765295165694163,-1.537,29.203,-14.545,3.76,1.69,,,,89.1,2413,6.3,413661,425877,571431,543939,572761,425509,407812,445055,518792,54.5,,,,,,,,45,3,Cutter,0,3,0,3,3,0,0,3,Standard,Strategic,,-0.009,-0.028,,,,0.028,,-3,-3,0.172,0.172,33,29,34,29,3,2,,,8,3,1.4,0.05,-0.05,,,,,,
FC,2015-04-05,87.5,-1.29,6.43,"Wainwright, Adam",451594,425794,,ball,,,,,14,,R,L,R,CHC,STL,B,,,0,1,2015,0.36,0.88,1.3039034579172537,2.1512546558883603,424325,,,2,5,Bot,,,,,,150405_210905,5.398093597763308,-128.15530353442264,-5.196554662824187,2.807,25.182,-21.752,3.76,1.69,,,,88.0,2527,6.4,413661,425877,571431,543939,572761,425509,407812,445055,518792,54.5,,,,,,,,45,2,Cutter,0,3,0,3,3,0,0,3,Standard,Standard,,0.004,-0.004,,,,0.004,,-3,-3,0.168,0.168,33,29,34,29,3,2,,,8,3,2.13,-0.36,0.36,,,,,,
CU,2015-04-05,72.9,-1.31,6.55,"Wainwright, Adam",451594,425794,,called_strike,,,,,4,,R,L,R,CHC,STL,S,,,0,0,2015,1.64,-1.15,-0.5954376682095783,2.908834972369558,424325,,,2,5,Bot,,,,,,150405_210846,-1.8524621510161736,-107.05535148230564,3.8537642856226215,12.33,21.235,-41.358,3.76,1.69,,,,71.2,1384,5.2,413661,425877,571431,543939,572761,425509,407812,445055,518792,54.5,,,,,,,,45,1,Curveball,0,3,0,3,3,0,0,3,Standard,Standard,,-0.006,-0.019,,,,0.019,,-3,-3,0.174,0.174,33,29,34,29,3,2,,,8,3,5.55,-1.64,1.64,,,,,,
FF,2015-04-05,88.9,-1.32,6.43,"Wainwright, Adam",600303,425794,field_out,hit_into_play,,,,,3,Tommy La Stella flies out to center fielder Jon Jay.   David Ross to 3rd.,R,L,R,CHC,STL,X,8,fly_ball,3,2,2015,-0.29,1.65,0.3951542459537539,2.861688127448715,,424325,,1,5,Bot,117.56,73.29,,,,150405_210755,4.920460374892144,-130.29353740305004,-5.611200527340865,-4.225,27.709,-12.889,3.39,1.52,349,94.6,25,89.4,2382,6.6,413661,425877,571431,543939,572761,425509,407812,445055,518792,54.5,0.267,0.363,0.0,1,0,0,5,44,6,4-Seam Fastball,0,3,0,3,3,0,0,3,Standard,Standard,,-0.042,-0.276,,,0.603,0.276,94.6,-3,-3,0.216,0.216,33,26,34,26,2,1,,,8,3,1.28,0.29,-0.29,,,,,,
FF,2015-04-05,88.9,-1.36,6.32,"Wainwright, Adam",600303,425794,,called_strike,,,,,9,,R,L,R,CHC,STL,S,,,3,1,2015,-0.31,1.25,0.6931164211631291,1.823119714688579,,424325,,1,5,Bot,,,,,,150405_210735,5.787561218207932,-130.09691195412748,-6.903447160446457,-4.625,27.276,-17.011,3.39,1.52,,,,89.7,2335,6.8,413661,425877,571431,543939,572761,425509,407812,445055,518792,54.5,,,,,,,,44,5,4-Seam Fastball,0,3,0,3,3,0,0,3,Standard,Standard,,-0.009,-0.068,,,,0.068,,-3,-3,0.225,0.225,33,26,34,26,2,1,,,8,3,1.68,0.31,-0.31,,,,,,
FC,2015-04-05,86.8,-1.45,6.41,"Wainwright, Adam",600303,425794,,called_strike,,,,,5,,R,L,R,CHC,STL,S,,,3,0,2015,-0.48,1.23,0.1248212175854583,2.4276481685109763,,424325,,1,5,Bot,,,,,,150405_210717,4.900819396143257,-127.0116216887258,-5.159814160710999,-5.958,24.573,-18.232,3.39,1.52,,,,87.3,2312,6.4,413661,425877,571431,543939,572761,425509,407812,445055,518792,54.5,,,,,,,,44,4,Cutter,0,3,0,3,3,0,0,3,Standard,Standard,,-0.006,-0.045,,,,0.045,,-3,-3,0.231,0.231,33,26,34,26,2,1,,,8,3,1.83,0.48,-0.48,,,,,,
FC,2015-04-05,85.0,-1.41,6.39,"Wainwright, Adam",600303,425794,,ball,,,,,11,,R,L,R,CHC,STL,B,,,2,0,2015,0.54,0.77,-1.4055752958846337,2.7900988189995366,,424325,,1,5,Bot,,,,,,150405_210656,-1.2478590754686396,-124.57334827321613,-2.7619075965278235,5.651,24.367,-23.891,3.39,1.52,,,,85.1,2390,6.2,413661,425877,571431,543939,572761,425509,407812,445055,518792,54.5,,,,,,,,44,3,Cutter,0,3,0,3,3,0,0,3,Standard,Standard,,0.01,0.046,,,,-0.046,,-3,-3,0.221,0.221,33,26,34,26,2,1,,,8,3,2.42,-0.54,0.54,,,,,,
FC,2015-04-05,89.0,-1.26,6.39,"Wainwright, Adam",600303,425794,,ball,,,,,14,,R,L,R,CHC,STL,B,,,1,0,2015,0.01,1.63,1.3505237386638682,1.758998853657867,,424325,,1,5,Bot,,,,,,150405_210630,6.382875202684665,-130.16580234454824,-8.136172895406643,-1.322,28.12,-12.617,3.39,1.52,,,,89.8,2321,6.9,413661,425877,571431,543939,572761,425509,407812,445055,518792,54.5,,,,,,,,44,2,Cutter,0,3,0,3,3,0,0,3,Standard,Standard,,0.007,0.035,,,,-0.035,,-3,-3,0.214,0.214,33,26,34,26,2,1,,,8,3,1.31,-0.01,0.01,,,,,,
FC,2015-04-05,85.2,-1.24,6.41,"Wainwright, Adam",600303,425794,,ball,,,,,14,,R,L,R,CHC,STL,B,,,0,0,2015,0.71,0.44,1.0174772243493229,2.3645564705477384,,424325,,1,5,Bot,,,,,,150405_210613,3.6445311338526287,-124.8062714930624,-3.0398467671460665,6.424,25.099,-27.113,3.39,1.52,,,,84.8,2451,6.0,413661,425877,571431,543939,572761,425509,407812,445055,518792,54.5,,,,,,,,44,1,Cutter,0,3,0,3,3,0,0,3,Standard,Standard,,0.003,0.03,,,,-0.03,,-3,-3,0.211,0.211,33,26,34,26,2,1,,,8,3,2.75,-0.71,0.71,,,,,,
FF,2015-04-05,89.3,-1.26,6.46,"Wainwright, Adam",471083,425794,field_out,hit_into_play,,,,,9,Miguel Montero lines out to shortstop Jhonny Peralta.,R,L,R,CHC,STL,X,6,line_drive,1,0,2015,-0.33,1.47,0.5027226766832107,1.7536163388527772,,424325,,0,5,Bot,119.9,149.0,,,,150405_210536,5.14837989855965,-130.6255893766608,-8.101011888379462,-4.669,25.043,-14.263,3.3,1.43,148,80.0,11,90.2,2262,6.6,413661,425877,571431,543939,572761,425509,407812,445055,518792,54.5,0.46,0.414,0.0,1,0,0,4,43,2,4-Seam Fastball,0,3,0,3,3,0,0,3,Standard,Standard,,-0.054,-0.295,,,0.466,0.295,88.0,-3,-3,0.265,0.265,33,31,34,32,2,0,,,8,3,1.42,0.33,-0.33,,,,,,
FC,2015-04-05,85.5,-1.38,6.39,"Wainwright, Adam",471083,425794,,ball,,,,,11,,R,L,R,CHC,STL,B,,,0,0,2015,0.66,0.71,-0.6681688894523732,4.387935008270645,,424325,,0,5,Bot,,,,,,150405_210512,0.132105210865089,-125.47111530547578,1.045769297611408,6.665,24.869,-25.165,3.3,1.43,,,,85.3,2306,6.0,413661,425877,571431,543939,572761,425509,407812,445055,518792,54.5,,,,,,,,43,1,Cutter,0,3,0,3,3,0,0,3,Standard,Standard,,0.005,0.026,,,,-0.026,,-3,-3,0.26,0.26,33,31,34,32,2,0,,,8,3,2.44,-0.66,0.66,,,,,,
FC,2015-04-05,85.8,-1.29,6.36,"Wainwright, Adam",424325,425794,double,hit_into_play,,,,,6,David Ross doubles (1) on a line drive to left fielder Matt Holliday.,R,R,R,CHC,STL,X,7,line_drive,2,2,2015,0.21,0.71,0.4003434805806142,2.7122560458393243,,,,0,5,Bot,50.3,111.45,,,,150405_210410,3.504627605718007,-125.73784472464922,-2.8634025679163493,1.458,25.719,-24.348,3.67,1.67,258,98.8,18,85.6,2468,6.1,413661,425877,571431,543939,572761,425509,407812,445055,518792,54.5,0.42,0.499,1.25,1,1,1,4,42,6,Cutter,0,3,0,3,3,0,0,3,Standard,Standard,,0.072,0.731,,,0.791,-0.731,98.8,-3,-3,0.188,0.188,33,38,34,38,2,1,,,8,6,2.44,-0.21,-0.21,,,,,,
FC,2015-04-05,84.4,-1.19,6.37,"Wainwright, Adam",424325,425794,,ball,,,,,12,,R,R,R,CHC,STL,B,,,1,2,2015,0.59,0.68,0.3792872359104962,4.6370170986809205,,,,0,5,Bot,,,,,,150405_210351,2.298751049817296,-123.743282144931,1.9082479043686036,5.405,23.82,-25.792,3.67,1.67,,,,84.1,2459,5.9,413661,425877,571431,543939,572761,425509,407812,445055,518792,54.5,,,,,,,,42,5,Cutter,0,3,0,3,3,0,0,3,Standard,Standard,,0.004,0.04,,,,-0.04,,-3,-3,0.184,0.184,33,38,34,38,2,1,,,8,6,2.56,-0.59,-0.59,,,,,,
CU,2015-04-05,75.4,-1.12,6.36,"Wainwright, Adam",424325,425794,,ball,,,,,14,,R,R,R,CHC,STL,B,,,0,2,2015,1.25,-1.57,0.7834719706894238,1.5091073474004428,,,,0,5,Bot,,,,,,150405_210335,1.357993411786501,-110.8024511281226,1.8280041034937968,9.387,25.157,-44.704,3.67,1.67,,,,74.5,2728,6.2,413661,425877,571431,543939,572761,425509,407812,445055,518792,54.5,,,,,,,,42,4,Curveball,0,3,0,3,3,0,0,3,Standard,Standard,,0.003,0.02,,,,-0.02,,-3,-3,0.181,0.181,33,38,34,38,2,1,,,8,6,5.72,-1.25,-1.25,,,,,,
FF,2015-04-05,88.8,-0.94,6.37,"Wainwright, Adam",424325,425794,,foul,,,,,3,,R,R,R,CHC,STL,S,,,0,2,2015,-0.17,1.3,0.4296078463024935,3.163798857135788,,,,0,5,Bot,,,,,,150405_210313,3.776922618743664,-130.1491067353134,-3.8641696425769023,-2.678,26.546,-17.114,3.67,1.67,,,,89.3,2277,6.4,413661,425877,571431,543939,572761,425509,407812,445055,518792,54.5,,,,,,,,42,3,4-Seam Fastball,0,3,0,3,3,0,0,3,Standard,Standard,,0.0,0.0,,,,0.0,,-3,-3,0.181,0.181,33,38,34,38,2,1,,,8,6,1.63,0.17,0.17,,,,,,
FC,2015-04-05,84.8,-1.23,6.31,"Wainwright, Adam",424325,425794,,foul,,,,,6,,R,R,R,CHC,STL,S,,,0,1,2015,0.48,0.64,0.6964293229487912,2.39165644682845,,,,0,5,Bot,,,,,,150405_210254,3.382802863888145,-124.09310869262644,-3.2178244649654935,4.294,21.116,-25.159,3.67,1.67,,,,85.2,2424,6.1,413661,425877,571431,543939,572761,425509,407812,445055,518792,54.5,,,,,,,,42,2,Cutter,0,3,0,3,3,0,0,3,Standard,Standard,,-0.007,-0.051,,,,0.051,,-3,-3,0.188,0.188,33,38,34,38,2,1,,,8,6,2.54,-0.48,-0.48,,,,,,
FC,2015-04-05,83.9,-1.11,6.38,"Wainwright, Adam",424325,425794,,foul_bunt,,,,,3,,R,R,R,CHC,STL,S,,,0,0,2015,0.4,0.64,0.4307842329350204,3.142823307691805,,,,0,5,Bot,,,,,,150405_210224,2.640711526578684,-122.9734496385297,-1.4308859485075511,3.494,22.536,-25.55,3.67,1.67,,,,83.9,1161,6.0,413661,425877,571431,543939,572761,425509,407812,445055,518792,54.5,,,,,,,,42,1,Cutter,0,3,0,3,3,0,0,3,Standard,Standard,,-0.004,-0.036,,,,0.036,,-3,-3,0.192,0.192,33,38,34,38,2,1,,,8,6,2.62,-0.4,-0.4,,,,,,
SI,2015-04-05,93.3,2.84,6.09,"Coke, Phil",543939,457435,strikeout,swinging_strike,,,,,14,Kolten Wong strikes out swinging.,R,L,L,CHC,STL,S,2,,1,2,2015,1.57,0.54,1.169072190436763,1.503319146404575,518792,407812,425877,2,5,Top,,,,,,150405_205944,-8.345058467654725,-136.66678531742818,-6.25946376063986,20.811,33.869,-24.213,3.13,1.45,,,,92.5,1886,6.0,413661,424325,519203,600303,592609,516770,458085,451594,624585,54.5,,0.0,0.0,1,0,0,,41,4,Sinker,0,3,3,0,3,0,3,0,Standard,Standard,,0.028,-0.186,,,,0.186,,-3,3,0.164,0.836,32,24,33,25,1,2,,,3,3,2.16,1.57,1.57,,,,,,
SL,2015-04-05,79.5,2.9,6.04,"Coke, Phil",543939,457435,,ball,,,,,13,,R,L,L,CHC,STL,B,,,0,2,2015,-0.35,-0.81,-1.7084745027674164,1.1366777295792554,518792,407812,425877,2,5,Top,,,,,,150405_205919,-9.325202392166872,-116.1931451334372,-0.8763478941382201,-1.281,22.358,-39.066,3.13,1.45,,,,78.1,2153,5.4,413661,424325,519203,600303,592609,516770,458085,451594,624585,54.5,,,,,,,,41,3,Slider,0,3,3,0,3,0,3,0,Standard,Standard,,-0.004,0.016,,,,-0.016,,-3,3,0.168,0.832,32,24,33,25,1,2,,,3,3,4.5,-0.35,-0.35,,,,,,
FF,2015-04-05,92.4,2.87,5.95,"Coke, Phil",543939,457435,,swinging_strike,,,,,1,,R,L,L,CHC,STL,S,,,0,1,2015,0.53,1.32,-0.6136726984272828,3.0424268695369205,518792,407812,425877,2,5,Top,,,,,,150405_205855,-10.228471931751749,-135.19712053516523,-3.8453638231802394,8.575,29.817,-15.704,3.13,1.45,,,,92.4,2125,6.3,413661,424325,519203,600303,592609,516770,458085,451594,624585,54.5,,,,,,,,41,2,4-Seam Fastball,0,3,3,0,3,0,3,0,Standard,Standard,,0.01,-0.047,,,,0.047,,-3,3,0.158,0.842,32,24,33,25,1,2,,,3,3,1.4,0.53,0.53,,,,,,
SI,2015-04-05,90.9,2.98,6.15,"Coke, Phil",543939,457435,,missed_bunt,,,,,14,,R,L,L,CHC,STL,S,,,0,0,2015,1.48,0.86,1.0360499215550198,2.2103552562954865,518792,407812,425877,2,5,Top,,,,,,150405_205830,-8.589815957339633,-133.15838214697564,-4.998668719075344,18.89,29.902,-21.175,3.13,1.45,,,,90.3,1966,6.0,413661,424325,519203,600303,592609,516770,458085,451594,624585,54.5,,,,,,,,41,1,Sinker,0,3,3,0,3,0,3,0,Standard,Standard,,0.006,-0.041,,,,0.041,,-3,3,0.152,0.848,32,24,33,25,1,2,,,3,3,1.95,1.48,1.48,,,,,,
IN,2015-04-05,71.5,3.17,6.45,"Coke, Phil",425877,457435,intent_walk,intent_ball,,,,,12,Phil Coke intentionally walks Yadier Molina.,R,R,L,CHC,STL,B,,,3,0,2015,0.21,1.61,4.97612497859049,4.922387738952817,518792,407812,,2,5,Top,,,,,,150405_205753,3.1614875971919916,-104.83512434294148,2.767774603723033,0.917,18.546,-21.23,3.51,1.57,,,,70.5,1614,5.5,413661,424325,519203,600303,592609,516770,458085,451594,624585,54.5,,,0.4,0,0,0,,40,4,Intentional Ball,0,3,3,0,3,0,3,0,Strategic,Standard,,-0.003,,,,,,,-3,3,0.155,0.845,32,32,33,33,1,2,,,3,3,2.93,0.21,-0.21,,,,,,
IN,2015-04-05,72.7,3.19,6.41,"Coke, Phil",425877,457435,,intent_ball,,,,,12,,R,R,L,CHC,STL,B,,,2,0,2015,0.39,1.6,5.134381046275754,4.981470216883258,518792,407812,,2,5,Top,,,,,,150405_205741,3.115461261120957,-106.57322440932336,2.631384702094136,2.444,16.623,-20.734,3.51,1.57,,,,72.5,1677,5.8,413661,424325,519203,600303,592609,516770,458085,451594,624585,54.5,,,,,,,,40,3,Intentional Ball,0,3,3,0,3,0,3,0,Strategic,Standard,,-0.003,,,,,,,-3,3,0.158,0.842,32,32,33,33,1,2,,,3,3,2.74,0.39,-0.39,,,,,,
IN,2015-04-05,74.6,3.25,6.48,"Coke, Phil",425877,457435,,intent_ball,,,,,12,,R,R,L,CHC,STL,B,,,1,0,2015,0.47,1.48,4.721599070961864,5.647060000205041,518792,407812,,2,5,Top,,,,,,150405_205729,2.0739346157343053,-109.4007364189108,3.769658722097176,3.272,18.744,-21.31,3.51,1.57,,,,73.8,1690,5.5,413661,424325,519203,600303,592609,516770,458085,451594,624585,54.5,,,,,,,,40,2,Intentional Ball,0,3,3,0,3,0,3,0,Infield shift,Standard,,-0.001,,,,,,,-3,3,0.159,0.841,32,32,33,33,1,2,,,3,3,2.66,0.47,-0.47,,,,,,
IN,2015-04-05,68.8,2.95,6.57,"Coke, Phil",425877,457435,,intent_ball,,,,,12,,R,R,L,CHC,STL,B,,,0,0,2015,0.03,1.54,4.827661985903264,5.2108147228603645,518792,407812,,2,5,Top,,,,,,150405_205717,3.5048388840110127,-100.72033705265288,3.7380925843885615,-0.331,15.265,-22.576,3.51,1.57,,,,67.6,1506,5.1,413661,424325,519203,600303,592609,516770,458085,451594,624585,54.5,,,,,,,,40,1,Intentional Ball,0,3,3,0,3,0,3,0,Strategic,Standard,,-0.001,,,,,,,-3,3,0.16,0.84,32,32,33,33,1,2,,,3,3,3.33,0.03,-0.03,,,,,,
FF,2015-04-05,93.4,2.85,6.05,"Coke, Phil",571431,457435,strikeout,swinging_strike,,,,,9,Matt Adams strikes out swinging.,R,L,L,CHC,STL,S,2,,0,2,2015,0.44,1.64,0.3784475177641839,1.9275895437308737,518792,407812,,1,5,Top,,,,,,150405_205643,-7.494827110824527,-136.59620935077223,-8.025941135048225,6.922,28.532,-10.559,3.57,1.68,,,,93.8,2215,6.3,413661,424325,519203,600303,592609,516770,458085,451594,624585,54.5,,0.0,0.0,1,0,0,,39,3,4-Seam Fastball,0,3,3,0,3,0,3,0,Strategic,Standard,,0.026,-0.262,,,,0.262,,-3,3,0.134,0.866,32,26,33,27,1,2,,,3,3,1.01,0.44,0.44,,,,,,
FF,2015-04-05,93.3,2.88,6.0,"Coke, Phil",571431,457435,,swinging_strike,,,,,1,,R,L,L,CHC,STL,S,,,0,1,2015,0.37,1.35,-0.61297712896068,2.9968760601258184,518792,407812,,1,5,Top,,,,,,150405_205618,-9.92260251307974,-136.50540561091344,-4.3736824675983845,6.548,28.308,-14.883,3.57,1.68,,,,93.7,2213,6.3,413661,424325,519203,600303,592609,516770,458085,451594,624585,54.5,,,,,,,,39,2,4-Seam Fastball,0,3,3,0,3,0,3,0,Strategic,Standard,,0.011,-0.085,,,,0.085,,-3,3,0.123,0.877,32,26,33,27,1,2,,,3,3,1.3,0.37,0.37,,,,,,
SI,2015-04-05,92.2,2.92,6.07,"Coke, Phil",571431,457435,,swinging_strike,,,,,14,,R,L,L,CHC,STL,S,,,0,0,2015,1.53,0.7,1.6958003529750088,2.123627704799137,518792,407812,,1,5,Top,,,,,,150405_205558,-7.0047647905883945,-135.13547975642814,-4.853924596759243,19.616,31.483,-22.826,3.57,1.68,,,,91.6,2035,6.0,413661,424325,519203,600303,592609,516770,458085,451594,624585,54.5,,,,,,,,39,1,Sinker,0,3,3,0,3,0,3,0,Strategic,Standard,,0.006,-0.053,,,,0.053,,-3,3,0.117,0.883,32,26,33,27,1,2,,,3,3,2.04,1.53,1.53,,,,,,
FC,2015-04-05,88.2,2.36,5.5,"Lester, Jon",425509,452657,field_out,hit_into_play,,,,,4,Jhonny Peralta pops out to second baseman Tommy La Stella.,R,R,L,CHC,STL,X,4,popup,1,0,2015,-0.21,1.05,-0.5501234861848723,2.931838189661338,518792,407812,,0,5,Top,131.59,122.96,,,,150405_205234,-6.582846713973139,-129.0816927375838,-1.590362662568822,-1.005,24.635,-20.488,3.68,1.73,198,69.9,51,88.5,2346,6.3,413661,424325,519203,600303,592609,516770,458085,451594,624585,54.5,0.08,0.072,0.0,1,0,0,3,38,2,Cutter,0,3,3,0,3,0,3,0,Strategic,Standard,,0.026,-0.232,,,0.08,0.232,88.0,-3,3,0.091,0.909,31,33,31,33,3,2,,,8,3,1.91,-0.21,0.21,,,,,,
SI,2015-04-05,89.5,2.47,5.49,"Lester, Jon",425509,452657,,ball,,,,,14,,R,R,L,CHC,STL,B,,,0,0,2015,1.27,0.59,1.019275648379507,2.254428485391895,,518792,407812,0,5,Top,,,,,,150405_205202,-6.738406916156196,-131.11004036304772,-2.319505782483771,15.602,27.059,-25.098,3.68,1.73,,,,90.0,2006,6.5,413661,424325,519203,600303,592609,516770,458085,451594,624585,54.5,,,,,,,,38,1,Sinker,0,3,3,0,3,0,3,0,Standard,Standard,,-0.027,0.032,,,,-0.032,,-3,3,0.118,0.882,31,33,31,33,3,2,,,8,3,2.29,1.27,-1.27,,,,,,
FC,2015-04-05,88.1,2.37,5.57,"Lester, Jon",407812,452657,single,hit_into_play,,,,,7,Matt Holliday singles on a soft line drive to right fielder Jorge Soler.   Matt Carpenter scores.    Jason Heyward to 2nd.,R,R,L,CHC,STL,X,9,line_drive,0,0,2015,-0.25,0.78,-0.3967518300373592,2.3267534664174283,572761,,518792,0,5,Top,170.78,137.49,,,,150405_205104,-6.133789847898761,-129.0897331665071,-2.584487408239211,-1.464,25.35,-23.171,3.67,1.82,214,69.6,34,87.8,2305,5.9,413661,424325,519203,600303,592609,516770,458085,451594,624585,54.5,0.513,0.505,0.9,1,1,0,4,37,1,Cutter,0,2,2,0,3,0,3,0,,,,-0.039,0.437,,,0.627,-0.437,88.0,-2,2,0.157,0.843,31,35,31,35,3,2,,,8,3,2.18,-0.25,0.25,,,,,,
FF,2015-04-05,90.2,2.4,5.38,"Lester, Jon",518792,452657,single,hit_into_play,,,,,13,Jason Heyward singles on a ground ball to left fielder Chris Coghlan.   Matt Carpenter to 3rd.,R,L,L,CHC,STL,X,7,ground_ball,3,2,2015,1.04,1.27,-0.911295565714322,2.077542763311201,,,572761,0,5,Top,72.52,133.25,,,,150405_204928,-10.808407815901631,-131.85993123007458,-4.263148176285137,13.997,27.793,-16.988,3.45,1.59,65,101.8,0,90.3,2118,6.3,413661,424325,519203,600303,592609,516770,458085,451594,624585,54.5,0.493,0.474,0.9,1,1,0,4,36,6,4-Seam Fastball,0,2,2,0,2,0,2,0,,,,-0.059,0.371,,,0.564,-0.371,101.8,-2,2,0.216,0.784,31,25,31,26,3,2,,,8,3,1.59,1.04,1.04,,,,,,
FF,2015-04-05,90.7,2.36,5.44,"Lester, Jon",518792,452657,,foul,,,,,4,,R,L,L,CHC,STL,S,,,3,1,2015,0.61,1.47,-0.489046217386843,2.435309788906606,,,572761,0,5,Top,,,,,,150405_204855,-8.647070156803249,-132.91037807485165,-4.122052107003061,8.916,30.901,-14.502,3.45,1.59,,,,90.8,2182,6.5,413661,424325,519203,600303,592609,516770,458085,451594,624585,54.5,,,,,,,,36,5,4-Seam Fastball,0,2,2,0,2,0,2,0,,,,0.01,-0.072,,,,0.072,,-2,2,0.206,0.794,31,25,31,26,3,2,,,8,3,1.36,0.61,0.61,,,,,,
CH,2015-04-05,85.8,2.4,5.48,"Lester, Jon",518792,452657,,ball,,,,,14,,R,L,L,CHC,STL,B,,,2,1,2015,1.2,0.9,1.9414095762131365,2.230528972698015,,,572761,0,5,Top,,,,,,150405_204827,-3.931803888731,-125.63523487063652,-2.4497230644150307,13.13,22.437,-22.466,3.45,1.59,,,,86.3,1939,6.2,413661,424325,519203,600303,592609,516770,458085,451594,624585,54.5,,,,,,,,36,4,Changeup,0,2,2,0,2,0,2,0,Standard,Standard,,-0.012,0.102,,,,-0.102,,-2,2,0.218,0.782,31,25,31,26,3,2,,,8,3,2.21,1.2,1.2,,,,,,
FF,2015-04-05,89.4,2.27,5.44,"Lester, Jon",518792,452657,,foul,,,,,4,,R,L,L,CHC,STL,S,,,2,0,2015,0.6,1.57,-0.7959933459749445,2.7014644297330324,,,572761,0,5,Top,,,,,,150405_204749,-9.044640506694304,-131.03579590707264,-3.3843471002686076,8.718,31.573,-14.17,3.45,1.59,268,89.5,51,89.2,2152,6.4,413661,424325,519203,600303,592609,516770,458085,451594,624585,54.5,,,,,,,,36,3,4-Seam Fastball,0,2,2,0,2,0,2,0,Standard,Standard,,0.008,-0.054,,,,0.054,89.5,-2,2,0.21,0.79,31,25,31,26,3,2,,,8,3,1.37,0.6,0.6,,,,,,
FC,2015-04-05,86.2,2.51,5.42,"Lester, Jon",518792,452657,,ball,,,,,13,,R,L,L,CHC,STL,B,,,1,0,2015,-0.02,0.77,-1.635533629691733,2.2342878479166837,,,572761,0,5,Top,,,,,,150405_204715,-9.810650787383288,-126.124279030645,-1.9543581841636992,1.889,26.339,-23.864,3.45,1.59,,,,85.8,2374,6.1,413661,424325,519203,600303,592609,516770,458085,451594,624585,54.5,,,,,,,,36,2,Cutter,0,2,2,0,2,0,2,0,Standard,Standard,,-0.008,0.059,,,,-0.059,,-2,2,0.218,0.782,31,25,31,26,3,2,,,8,3,2.36,-0.02,-0.02,,,,,,
CU,2015-04-05,73.2,2.31,5.61,"Lester, Jon",518792,452657,,ball,,,,,14,,R,L,L,CHC,STL,B,,,0,0,2015,-0.93,-0.31,0.3176042971508124,1.024819684941444,,,572761,0,5,Top,,,,,,150405_204701,-2.1500184150851624,-107.39703582501708,0.1346763328401927,-6.513,20.183,-34.485,3.45,1.59,,,,71.5,2377,5.0,413661,424325,519203,600303,592609,516770,458085,451594,624585,54.5,,,,,,,,36,1,Curveball,0,2,2,0,2,0,2,0,Standard,Standard,,-0.004,0.034,,,,-0.034,,-2,2,0.222,0.778,31,25,31,26,3,2,,,8,3,4.65,-0.93,-0.93,,,,,,
FC,2015-04-05,85.3,2.56,5.46,"Lester, Jon",572761,452657,single,hit_into_play,,,,,6,Matt Carpenter singles on a ground ball to right fielder Jorge Soler.,R,L,L,CHC,STL,X,9,ground_ball,3,2,2015,-0.37,0.85,0.3017241540094181,2.446048601616043,,,,0,5,Top,179.55,122.35,,,,150405_204613,-4.4403190279811815,-125.06341355088624,-1.6271877379666928,-2.871,25.21,-23.255,3.56,1.72,132,108.5,6,84.7,2275,5.8,413661,424325,519203,600303,592609,516770,458085,451594,624585,54.5,0.687,0.635,0.9,1,1,0,4,35,6,Cutter,0,2,2,0,2,0,2,0,Standard,Standard,,-0.023,0.344,,,0.771,-0.344,108.5,-2,2,0.245,0.755,31,29,31,30,3,2,,,8,3,2.33,-0.37,-0.37,,,,,,
FF,2015-04-05,88.8,2.32,5.51,"Lester, Jon",572761,452657,,called_strike,,,,,4,,R,L,L,CHC,STL,S,,,3,1,2015,0.57,1.48,-0.7011683407210593,2.8065790620707096,,,,0,5,Top,,,,,,150405_204558,-8.79847035072763,-130.087119562238,-2.9748900826239444,8.19,30.55,-15.406,3.56,1.72,,,,88.1,2139,6.2,413661,424325,519203,600303,592609,516770,458085,451594,624585,54.5,,,,,,,,35,5,4-Seam Fastball,0,2,2,0,2,0,2,0,Standard,Standard,,0.007,-0.094,,,,0.094,,-2,2,0.238,0.762,31,29,31,30,3,2,,,8,3,1.49,0.57,0.57,,,,,,
FF,2015-04-05,89.6,2.44,5.48,"Lester, Jon",572761,452657,,ball,,,,,12,,R,L,L,CHC,STL,B,,,2,1,2015,0.55,1.49,0.9749498880253674,3.3920452224087376,,,,0,5,Top,,,,,,150405_204540,-4.993014169088746,-131.51748552949147,-1.6290592357322486,7.305,32.521,-15.335,3.56,1.72,,,,88.9,2144,6.1,413661,424325,519203,600303,592609,516770,458085,451594,624585,54.5,,,,,,,,35,4,4-Seam Fastball,0,2,2,0,2,0,2,0,Standard,Standard,,-0.008,0.124,,,,-0.124,,-2,2,0.246,0.754,31,29,31,30,3,2,,,8,3,1.43,0.55,0.55,,,,,,
SI,2015-04-05,88.0,2.42,5.53,"Lester, Jon",572761,452657,,ball,,,,,14,,R,L,L,CHC,STL,B,,,1,1,2015,1.13,0.65,1.20809474492183,2.4428421993870812,,,,0,5,Top,,,,,,150405_204521,-5.711677779459176,-129.016374325122,-1.8075919815824997,13.416,27.261,-24.834,3.56,1.72,,,,88.5,2004,6.6,413661,424325,519203,600303,592609,516770,458085,451594,624585,54.5,,,,,,,,35,3,Sinker,0,2,2,0,2,0,2,0,Standard,Standard,,-0.004,0.054,,,,-0.054,,-2,2,0.25,0.75,31,29,31,30,3,2,,,8,3,2.34,1.13,1.13,,,,,,
FC,2015-04-05,86.9,2.42,5.57,"Lester, Jon",572761,452657,,called_strike,,,,,7,,R,L,L,CHC,STL,S,,,1,0,2015,-0.4,0.97,-0.8248206910380791,1.7575762928346783,,,,0,5,Top,,,,,,150405_204504,-6.814576348497577,-127.1724265554448,-4.097557297632269,-2.743,26.647,-21.129,3.56,1.72,,,,86.6,2350,6.1,413661,424325,519203,600303,592609,516770,458085,451594,624585,54.5,,,,,,,,35,2,Cutter,0,2,2,0,2,0,2,0,Standard,Standard,,0.004,-0.047,,,,0.047,,-2,2,0.246,0.754,31,29,31,30,3,2,,,8,3,2.1,-0.4,-0.4,,,,,,
FF,2015-04-05,90.5,2.32,5.52,"Lester, Jon",572761,452657,,ball,,,,,13,,R,L,L,CHC,STL,B,,,0,0,2015,0.51,1.43,-1.6387601734032868,1.3103809342838146,,,,0,5,Top,,,,,,150405_204446,-11.138977014376575,-132.25873252454826,-6.8700265521960775,8.4,31.663,-14.576,3.56,1.72,,,,90.4,2198,6.6,413661,424325,519203,600303,592609,516770,458085,451594,624585,54.5,,,,,,,,35,1,4-Seam Fastball,0,2,2,0,2,0,2,0,,,,-0.003,0.036,,,,-0.036,,-2,2,0.249,0.751,31,29,31,30,3,2,,,8,3,1.45,0.51,0.51,,,,,,
FC,2015-04-05,86.1,-1.22,6.33,"Wainwright, Adam",592609,425794,field_out,hit_into_play,,,,,6,"Mike Olt grounds out, shortstop Jhonny Peralta to first baseman Matt Adams.",R,R,R,CHC,STL,X,6,ground_ball,3,2,2015,0.33,0.44,0.3364999161138752,2.4922314348647774,,,,2,4,Bot,114.05,153.85,,,,150405_204204,2.9096090265118386,-126.16230181793608,-2.796758831782669,2.889,23.536,-27.083,3.5,1.57,19,102.9,-8,86.3,2422,6.1,413661,425877,571431,543939,572761,425509,407812,445055,518792,54.5,0.319,0.3,0.0,1,0,0,2,34,6,Cutter,0,2,0,2,2,0,0,2,Standard,Standard,,-0.015,-0.31,,,0.358,0.31,102.9,-2,-2,0.264,0.264,33,26,34,27,2,1,,,8,5,2.66,-0.33,-0.33,,,,,,
FF,2015-04-05,90.3,-1.2,6.31,"Wainwright, Adam",592609,425794,,foul,,,,,5,,R,R,R,CHC,STL,S,,,3,1,2015,-0.53,1.63,0.0723805654968738,2.470377120985909,,,,2,4,Bot,,,,,,150405_204139,4.4914825242634935,-132.36169810031905,-6.510694603723966,-6.987,30.578,-12.314,3.5,1.57,287,82.5,43,90.7,2401,6.7,413661,425877,571431,543939,572761,425509,407812,445055,518792,54.5,,,,,,,,34,5,4-Seam Fastball,0,2,0,2,2,0,0,2,Standard,Standard,,-0.004,-0.084,,,,0.084,88.0,-2,-2,0.268,0.268,33,26,34,27,2,1,,,8,5,1.23,0.53,0.53,,,,,,
FF,2015-04-05,89.0,-1.33,6.38,"Wainwright, Adam",592609,425794,,ball,,,,,13,,R,R,R,CHC,STL,B,,,2,1,2015,-0.4,1.47,-0.1124384565482808,1.3537064454767205,,,,2,4,Bot,,,,,,150405_204119,3.9832277039708144,-130.3843543374741,-8.690018378552853,-5.316,30.828,-14.081,3.5,1.57,,,,88.6,2357,6.3,413661,425877,571431,543939,572761,425509,407812,445055,518792,54.5,,,,,,,,34,4,4-Seam Fastball,0,2,0,2,2,0,0,2,Standard,Standard,,0.004,0.106,,,,-0.106,,-2,-2,0.264,0.264,33,26,34,27,2,1,,,8,5,1.48,0.4,0.4,,,,,,
CU,2015-04-05,76.2,-1.15,6.32,"Wainwright, Adam",592609,425794,,ball,,,,,14,,R,R,R,CHC,STL,B,,,1,1,2015,1.03,-1.66,0.9782275898829952,0.2232914694700554,,,,2,4,Bot,,,,,,150405_204057,2.3190470877348788,-111.98582399571832,-0.7548204199749018,7.553,26.299,-45.057,3.5,1.57,,,,75.9,2637,6.7,413661,425877,571431,543939,572761,425509,407812,445055,518792,54.5,,,,,,,,34,3,Curveball,0,2,0,2,2,0,0,2,Standard,Standard,,0.003,0.049,,,,-0.049,,-2,-2,0.261,0.261,33,26,34,27,2,1,,,8,5,5.74,-1.03,-1.03,,,,,,
FC,2015-04-05,87.2,-1.35,6.45,"Wainwright, Adam",592609,425794,,ball,,,,,13,,R,R,R,CHC,STL,B,,,0,1,2015,-0.21,1.3,-1.0951384167756022,2.3757915607672655,,,,2,4,Bot,,,,,,150405_204039,1.1368382392339178,-127.80975954910484,-5.548419631700101,-2.485,28.397,-17.302,3.5,1.57,,,,87.7,2267,6.7,413661,425877,571431,543939,572761,425509,407812,445055,518792,54.5,,,,,,,,34,2,Cutter,0,2,0,2,2,0,0,2,Standard,Standard,,0.001,0.026,,,,-0.026,,-2,-2,0.26,0.26,33,26,34,27,2,1,,,8,5,1.77,0.21,0.21,,,,,,
FF,2015-04-05,88.9,-1.26,6.23,"Wainwright, Adam",592609,425794,,called_strike,,,,,9,,R,R,R,CHC,STL,S,,,0,0,2015,-0.64,1.43,0.6254593703013982,1.7069863680760526,,,,2,4,Bot,,,,,,150405_204026,6.183890619687562,-130.1823690405118,-7.393412538812119,-8.326,28.226,-14.946,3.5,1.57,,,,,,,413661,425877,571431,543939,572761,425509,407812,445055,518792,54.5,,,,,,,,34,1,4-Seam Fastball,0,2,0,2,2,0,0,2,,,,-0.002,-0.043,,,,0.043,,-2,-2,0.262,0.262,33,26,34,27,2,1,,,8,5,1.51,0.64,0.64,,,,,,
FF,2015-04-05,89.2,-1.37,6.31,"Wainwright, Adam",458085,425794,field_out,hit_into_play,,,,,5,"Chris Coghlan grounds out, first baseman Matt Adams to pitcher Adam Wainwright.",R,L,R,CHC,STL,X,3,ground_ball,1,0,2015,-0.18,1.26,-0.0832831831621871,2.540046878190717,,,,1,4,Bot,150.31,165.36,,,,150405_203946,3.613874160765052,-130.74871701473785,-5.202722256578275,-2.775,28.936,-17.143,3.27,1.47,10,91.1,-16,89.3,2187,6.4,413661,425877,571431,543939,572761,425509,407812,445055,518792,54.5,0.121,0.136,0.0,1,0,0,2,33,2,4-Seam Fastball,0,2,0,2,2,0,0,2,Standard,Standard,,-0.023,-0.283,,,0.121,0.283,91.1,-2,-2,0.285,0.285,33,30,34,30,2,1,,,8,3,1.66,0.18,-0.18,,,,,,
CU,2015-04-05,73.7,-1.45,6.42,"Wainwright, Adam",458085,425794,,ball,,,,,14,,R,L,R,CHC,STL,B,,,0,0,2015,1.37,-1.56,0.3333101135275808,0.5378242888801257,,,,1,4,Bot,,,,,,150405_203926,0.8441268559009657,-108.3463007028851,0.0253232468910349,9.992,23.305,-43.775,3.27,1.47,,,,73.0,2766,6.2,413661,425877,571431,543939,572761,425509,407812,445055,518792,54.5,,,,,,,,33,1,Curveball,0,2,0,2,2,0,0,2,Standard,Standard,,0.003,0.038,,,,-0.038,,-2,-2,0.282,0.282,33,30,34,30,2,1,,,8,3,5.89,-1.37,1.37,,,,,,
FC,2015-04-05,84.7,-1.3,6.42,"Wainwright, Adam",516770,425794,field_out,hit_into_play,,,,,12,"Starlin Castro grounds out, shortstop Jhonny Peralta to first baseman Matt Adams.",R,R,R,CHC,STL,X,6,ground_ball,0,0,2015,0.5,0.92,0.8318046440322258,2.7527137826657215,,,,0,4,Bot,115.8,152.64,,,,150405_203844,3.796741510223703,-123.99061756439475,-3.2146009887089653,4.346,22.755,-22.392,3.37,1.54,74,86.8,4,84.7,2463,6.0,413661,425877,571431,543939,572761,425509,407812,445055,518792,54.5,0.339,0.305,0.0,1,0,0,2,32,1,Cutter,0,2,0,2,2,0,0,2,Standard,Standard,,-0.029,-0.25,,,0.359,0.25,88.0,-2,-2,0.311,0.311,33,25,34,25,2,1,,,8,3,2.29,-0.5,-0.5,,,,,,
FF,2015-04-05,91.3,2.4,5.41,"Lester, Jon",425794,452657,field_out,hit_into_play,,,,,8,"Adam Wainwright grounds out, third baseman Mike Olt to first baseman Anthony Rizzo.",R,R,L,CHC,STL,X,5,ground_ball,1,0,2015,0.76,1.35,0.1402247491006359,1.8908821340330049,543939,,,2,4,Top,102.35,167.17,,,,150405_203539,-7.594354236337296,-133.69071581826466,-5.2037079487183755,10.486,31.211,-15.426,3.61,1.64,4,79.1,-28,91.1,2225,6.3,413661,424325,519203,600303,592609,516770,458085,451594,624585,54.5,0.057,0.051,0.0,1,0,0,2,31,2,4-Seam Fastball,0,2,2,0,2,0,2,0,Standard,Strategic,,0.033,-0.304,,,0.057,0.304,88.0,-2,2,0.278,0.722,31,33,31,34,2,1,,,8,8,1.45,0.76,-0.76,,,,,,
CU,2015-04-05,74.1,2.45,5.44,"Lester, Jon",425794,452657,,ball,,,,,13,,R,R,L,CHC,STL,B,,,0,0,2015,-1.1,-0.84,-0.3820146245334196,1.312520767561094,543939,,,2,4,Top,,,,,,150405_203523,-3.543759526150795,-108.70380843834312,1.855786802656738,-7.853,18.458,-38.918,3.61,1.64,,,,73.2,2596,5.4,413661,424325,519203,600303,592609,516770,458085,451594,624585,54.5,,,,,,,,31,1,Curveball,0,2,2,0,2,0,2,0,Standard,Strategic,,-0.001,0.012,,,,-0.012,,-2,2,0.279,0.721,31,33,31,34,2,1,,,8,8,5.03,-1.1,1.1,,,,,,
FC,2015-04-05,83.6,2.55,5.43,"Lester, Jon",445055,452657,strikeout,called_strike,,,,,12,Jon Jay called out on strikes.,R,L,L,CHC,STL,S,2,,2,2,2015,-0.54,0.77,1.0712313149610917,2.6324309915088633,543939,,,1,4,Top,,,,,,150405_203446,-2.15670542004491,-122.42696223054789,-0.7489877053700722,-5.027,18.61,-24.39,3.34,1.42,,,,84.5,2207,6.1,413661,424325,519203,600303,592609,516770,458085,451594,624585,54.5,,0.0,0.0,1,0,0,,30,6,Cutter,0,2,2,0,2,0,2,0,Strategic,Strategic,,0.043,-0.348,,,,0.348,,-2,2,0.236,0.764,31,30,31,30,2,1,,,8,3,2.47,-0.54,-0.54,,,,,,
FF,2015-04-05,91.6,2.42,5.46,"Lester, Jon",445055,452657,,ball,,,,,13,,R,L,L,CHC,STL,B,,,1,2,2015,0.84,1.35,-1.4795807745503722,2.1179488416999996,543939,,,1,4,Top,,,,,,150405_203423,-11.934120025184612,-133.84581027809574,-4.892090012525479,12.186,27.353,-15.381,3.31,1.4,,,,92.0,2239,6.4,413661,424325,519203,600303,592609,516770,458085,451594,624585,54.5,,,,,,,,30,5,4-Seam Fastball,0,2,2,0,2,0,2,0,Strategic,Strategic,,-0.008,0.025,,,,-0.025,,-2,2,0.244,0.756,31,30,31,30,2,1,,,8,3,1.4,0.84,0.84,,,,,,
FC,2015-04-05,87.3,2.45,5.39,"Lester, Jon",445055,452657,,foul,,,,,13,,R,L,L,CHC,STL,S,,,1,2,2015,-0.23,0.54,-0.8306715845747348,2.094956988341904,543939,,,1,4,Top,,,,,,150405_203357,-7.322298259382157,-127.71122129241424,-1.9441024587455231,-1.123,24.021,-26.105,3.49,1.58,,,,87.1,2290,5.9,413661,424325,519203,600303,592609,516770,458085,451594,624585,54.5,,,,,,,,30,4,Cutter,0,2,2,0,2,0,2,0,Strategic,Strategic,,0.0,0.0,,,,0.0,,-2,2,0.244,0.756,31,30,31,30,2,1,,,8,3,2.49,-0.23,-0.23,,,,,,
CH,2015-04-05,85.6,2.38,5.43,"Lester, Jon",445055,452657,,foul,,,,,9,,R,L,L,CHC,STL,S,,,1,1,2015,1.16,0.81,0.3900462955888497,1.7940965034624008,543939,,,1,4,Top,,,,,,150405_203333,-7.422140979530808,-125.22265833705976,-3.046385334672016,13.26,23.674,-23.34,3.49,1.58,,,,85.9,1953,6.3,413661,424325,519203,600303,592609,516770,458085,451594,624585,54.5,,,,,,,,30,3,Changeup,0,2,2,0,2,0,2,0,Strategic,Strategic,,0.013,-0.084,,,,0.084,,-2,2,0.231,0.769,31,30,31,30,2,1,,,8,3,2.34,1.16,1.16,,,,,,
FC,2015-04-05,84.2,2.5,5.46,"Lester, Jon",445055,452657,,ball,,,,,9,,R,L,L,CHC,STL,B,,,0,1,2015,-0.32,0.66,0.2856135380614529,1.6501097869478172,,,543939,1,4,Top,,,,,,150405_203246,-4.392640637143195,-123.22636527951312,-2.8614944547075245,-2.357,22.281,-25.096,3.45,1.58,,,,84.1,2209,5.9,413661,424325,519203,600303,592609,516770,458085,451594,624585,54.5,,,,,,,,30,2,Cutter,0,2,2,0,2,0,2,0,Standard,Strategic,,-0.041,0.022,,,,-0.022,,-2,2,0.272,0.728,31,30,31,30,2,1,,,8,3,2.58,-0.32,-0.32,,,,,,
FF,2015-04-05,89.7,2.28,5.42,"Lester, Jon",445055,452657,,foul,,,,,4,,R,L,L,CHC,STL,S,,,0,0,2015,0.82,1.61,-0.7039594146558191,2.330693237863872,,,543939,1,4,Top,,,,,,150405_203224,-9.415327969257444,-131.2764686034782,-4.484208360899433,11.17,28.467,-13.247,3.49,1.58,,,,90.0,2177,6.5,413661,424325,519203,600303,592609,516770,458085,451594,624585,54.5,,,,,,,,30,1,4-Seam Fastball,0,2,2,0,2,0,2,0,Standard,Strategic,,0.003,-0.036,,,,0.036,,-2,2,0.269,0.731,31,30,31,30,2,1,,,8,3,1.28,0.82,0.82,,,,,,
FC,2015-04-05,87.4,2.39,5.48,"Lester, Jon",543939,452657,force_out,hit_into_play,,,,,13,"Kolten Wong grounds into a force out, second baseman Tommy La Stella to shortstop Starlin Castro.   Yadier Molina out at 2nd.    Kolten Wong to 1st.",R,L,L,CHC,STL,X,4,ground_ball,1,2,2015,-0.15,0.72,-1.2350029144229997,1.4059814284201302,,,425877,0,4,Top,142.12,154.45,,,,150405_203138,-8.356767527766898,-127.68217935170124,-4.289567033729744,-0.148,22.633,-23.715,3.13,1.45,,82.9,-21,87.1,2352,5.8,413661,424325,519203,600303,592609,516770,458085,451594,624585,54.5,0.077,0.082,0.0,1,0,0,2,29,5,Cutter,0,2,2,0,2,0,2,0,Standard,Strategic,,0.018,-0.262,,,0.077,0.262,88.0,-2,2,0.251,0.749,31,24,31,25,2,1,,,8,3,2.29,-0.15,-0.15,,,,,,
FF,2015-04-05,92.4,2.43,5.42,"Lester, Jon",543939,452657,,foul,,,,,11,,R,L,L,CHC,STL,S,,,1,2,2015,0.6,1.56,-0.4172556539894824,3.514229868735097,,,425877,0,4,Top,,,,,,150405_203114,-8.787134271652834,-135.44520602812048,-1.896256008751908,9.119,31.159,-13.275,3.13,1.45,,,,92.8,743,6.5,413661,424325,519203,600303,592609,516770,458085,451594,624585,54.5,,,,,,,,29,4,4-Seam Fastball,0,2,2,0,2,0,2,0,Standard,Standard,,0.0,0.0,,,,0.0,,-2,2,0.251,0.749,31,24,31,25,2,1,,,8,3,1.16,0.6,0.6,,,,,,
FF,2015-04-05,91.4,2.38,5.44,"Lester, Jon",543939,452657,,swinging_strike,,,,,3,,R,L,L,CHC,STL,S,,,1,1,2015,0.74,1.5,0.3686162110442718,2.9539214625909884,,,425877,0,4,Top,,,,,,150405_203052,-6.94249493102477,-134.10572007188952,-3.0459676837055616,10.166,31.811,-14.1,3.13,1.45,,,,91.7,2205,6.5,413661,424325,519203,600303,592609,516770,458085,451594,624585,54.5,,,,,,,,29,3,4-Seam Fastball,0,2,2,0,2,0,2,0,Standard,Standard,,0.007,-0.057,,,,0.057,,-2,2,0.244,0.756,31,24,31,25,2,1,,,8,3,1.29,0.74,0.74,,,,,,
FF,2015-04-05,89.8,2.34,5.52,"Lester, Jon",543939,452657,,swinging_strike,,,,,2,,R,L,L,CHC,STL,S,,,1,0,2015,0.7,1.6,0.1614488915205861,2.704350108894989,,,425877,0,4,Top,,,,,,150405_203033,-7.127821235888749,-131.66260152754086,-3.7815550903980664,9.437,30.355,-13.506,3.13,1.45,,,,90.2,2147,6.6,413661,424325,519203,600303,592609,516770,458085,451594,624585,54.5,,,,,,,,29,2,4-Seam Fastball,0,2,2,0,2,0,2,0,Standard,Standard,,0.005,-0.039,,,,0.039,,-2,2,0.239,0.761,31,24,31,25,2,1,,,8,3,1.29,0.7,0.7,,,,,,
FC,2015-04-05,87.8,2.54,5.52,"Lester, Jon",543939,452657,,ball,,,,,12,,R,L,L,CHC,STL,B,,,0,0,2015,-0.13,0.96,1.024971946731131,3.9105161991566337,,,425877,0,4,Top,,,,,,150405_202950,-3.35582820625052,-128.70118579096308,0.99586504891943,-0.803,24.775,-22.001,3.13,1.45,,,,87.8,2255,6.0,413661,424325,519203,600303,592609,516770,458085,451594,624585,54.5,,,,,,,,29,1,Cutter,0,2,2,0,2,0,2,0,Standard,Standard,,-0.004,0.034,,,,-0.034,,-2,2,0.243,0.757,31,24,31,25,2,1,,,8,3,2.02,-0.13,-0.13,,,,,,
FF,2015-04-05,90.0,2.33,5.56,"Lester, Jon",425877,452657,walk,ball,,,,,12,Yadier Molina walks.,R,R,L,CHC,STL,B,,,3,1,2015,0.5,1.73,0.9943376342676782,3.4156381000445526,,,,0,4,Top,,,,,,150405_202913,-4.580731551978609,-132.00803385021686,-2.5175891102877426,6.655,29.487,-12.198,3.51,1.57,,,,90.1,2206,6.3,413661,424325,519203,600303,592609,516770,458085,451594,624585,54.5,,0.686843,0.7,1,0,0,,28,5,4-Seam Fastball,0,2,2,0,2,0,2,0,Standard,Standard,,-0.017,0.254,,,,-0.254,,-2,2,0.26,0.74,31,32,31,33,2,1,,,8,3,1.14,0.5,-0.5,,,,,,
FF,2015-04-05,89.8,2.39,5.47,"Lester, Jon",425877,452657,,swinging_strike,,,,,2,,R,R,L,CHC,STL,S,,,3,0,2015,0.75,1.59,0.0557672038474036,3.285226339507316,,,,0,4,Top,,,,,,150405_202859,-7.660440437446698,-131.616850380185,-2.16332659883087,10.179,31.135,-14.06,3.51,1.57,,,,89.8,2156,6.5,413661,424325,519203,600303,592609,516770,458085,451594,624585,54.5,,,,,,,,28,4,4-Seam Fastball,0,2,2,0,2,0,2,0,Standard,Standard,,0.006,-0.07,,,,0.07,,-2,2,0.254,0.746,31,32,31,33,2,1,,,8,3,1.31,0.75,-0.75,,,,,,
FF,2015-04-05,91.4,2.31,5.57,"Lester, Jon",425877,452657,,ball,,,,,13,,R,R,L,CHC,STL,B,,,2,0,2015,0.75,1.76,-1.252127647748909,1.3569614010860458,,,,0,4,Top,,,,,,150405_202844,-10.837623407496007,-133.41376795893294,-8.014643905735557,10.948,28.735,-10.113,3.51,1.57,,,,90.6,2242,5.9,413661,424325,519203,600303,592609,516770,458085,451594,624585,54.5,,,,,,,,28,3,4-Seam Fastball,0,2,2,0,2,0,2,0,Standard,Standard,,-0.009,0.132,,,,-0.132,,-2,2,0.263,0.737,31,32,31,33,2,1,,,8,3,1.03,0.75,-0.75,,,,,,
CH,2015-04-05,80.7,2.3,5.57,"Lester, Jon",425877,452657,,ball,,,,,12,,R,R,L,CHC,STL,B,,,1,0,2015,1.38,0.66,2.387110926751603,2.9767430607476864,,,,0,4,Top,,,,,,150405_202826,-2.882362010693495,-118.268056617161,0.6827294502606831,13.05,22.626,-26.362,3.51,1.57,,,,80.0,1774,5.7,413661,424325,519203,600303,592609,516770,458085,451594,624585,54.5,,,,,,,,28,2,Changeup,0,2,2,0,2,0,2,0,Standard,Standard,,-0.005,0.069,,,,-0.069,,-2,2,0.268,0.732,31,32,31,33,2,1,,,8,3,2.9,1.38,-1.38,,,,,,
FF,2015-04-05,90.3,2.34,5.55,"Lester, Jon",425877,452657,,ball,,,,,13,,R,R,L,CHC,STL,B,,,0,0,2015,0.64,1.86,-0.4380185863966548,1.0617846578353816,,,,0,4,Top,,,,,,150405_202813,-8.503064109665456,-132.06287324225536,-8.661409262959902,9.036,29.116,-9.373,3.51,1.57,,,,89.6,2198,5.9,413661,424325,519203,600303,592609,516770,458085,451594,624585,54.5,,,,,,,,28,1,4-Seam Fastball,0,2,2,0,2,0,2,0,Standard,Standard,,-0.003,0.036,,,,-0.036,,-2,2,0.271,0.729,31,32,31,33,2,1,,,8,3,1.0,0.64,-0.64,,,,,,
CU,2015-04-05,76.8,-1.11,6.47,"Wainwright, Adam",519203,425794,strikeout,foul_tip,,,,,14,Anthony Rizzo strikes out on a foul tip.,R,L,R,CHC,STL,S,2,,3,2,2015,1.21,-1.5,0.45940440181822,1.3898231575630584,,600303,,2,3,Bot,,,,,,150405_202537,0.7608778251015611,-112.88195448786313,0.819269857617077,9.644,24.351,-44.465,3.59,1.66,,,,76.0,2863,6.0,413661,425877,571431,543939,572761,425509,407812,445055,518792,54.5,,0.0,0.0,1,0,0,,27,6,Curveball,0,2,0,2,2,0,0,2,Strategic,Standard,,-0.039,-0.267,,,,0.267,,-2,-2,0.31,0.31,33,25,34,26,2,1,,,8,3,5.47,-1.21,1.21,,,,,,
CU,2015-04-05,74.3,-1.33,6.47,"Wainwright, Adam",519203,425794,,called_strike,,,,,7,,R,L,R,CHC,STL,S,,,3,1,2015,1.43,-1.51,-0.6080003743652989,1.9261380069552532,,600303,,2,3,Bot,,,,,,150405_202517,-1.4433106973624,-109.16229206552966,2.4587390312190727,11.144,21.966,-44.129,3.59,1.66,,,,73.4,2766,5.7,413661,425877,571431,543939,572761,425509,407812,445055,518792,54.5,,,,,,,,27,5,Curveball,0,2,0,2,2,0,0,2,Strategic,Standard,,-0.004,-0.063,,,,0.063,,-2,-2,0.314,0.314,33,25,34,26,2,1,,,8,3,5.74,-1.43,1.43,,,,,,
CH,2015-04-05,84.3,-1.55,6.37,"Wainwright, Adam",519203,425794,,blocked_ball,,,,,13,,R,L,R,CHC,STL,B,,,2,1,2015,-1.37,1.1,-0.9501601088816288,0.8235429691084992,,600303,,2,3,Bot,,,,,,150405_202455,4.584905132723025,-123.2901400802189,-7.821645033553129,-14.41,24.871,-19.827,3.59,1.66,,,,85.2,1981,6.9,413661,425877,571431,543939,572761,425509,407812,445055,518792,54.5,,,,,,,,27,4,Changeup,0,2,0,2,2,0,0,2,Strategic,Standard,,0.005,0.031,,,,-0.031,,-2,-2,0.309,0.309,33,25,34,26,2,1,,,8,3,2.18,1.37,-1.37,,,,,,
SI,2015-04-05,89.4,-1.68,6.16,"Wainwright, Adam",519203,425794,,ball,,,,,11,,R,L,R,CHC,STL,B,,,1,1,2015,-1.15,1.09,-1.2379395766036212,2.627048495074325,,600303,,2,3,Bot,,,,,,150405_202339,3.922993060586417,-131.12018065881392,-4.21949571641702,-13.582,30.304,-19.14,3.59,1.66,,,,89.4,2239,6.4,413661,425877,571431,543939,572761,425509,407812,445055,518792,54.5,,,,,,,,27,3,Sinker,0,2,0,2,2,0,0,2,Strategic,Standard,,0.003,0.043,,,,-0.043,,-2,-2,0.306,0.306,33,25,34,26,2,1,,,8,3,1.82,1.15,-1.15,,,,,,
CU,2015-04-05,74.9,-1.14,6.47,"Wainwright, Adam",519203,425794,,called_strike,,,,,5,,R,L,R,CHC,STL,S,,,1,0,2015,1.33,-1.48,-0.061731718422614,2.904478638811872,,600303,,2,3,Bot,,,,,,150405_202318,-0.5151744452849205,-110.0275963610948,4.397483367709261,10.3,24.257,-44.505,3.59,1.66,,,,73.2,729,5.4,413661,425877,571431,543939,572761,425509,407812,445055,518792,54.5,,,,,,,,27,2,Curveball,0,2,0,2,2,0,0,2,Strategic,Standard,,-0.003,-0.038,,,,0.038,,-2,-2,0.309,0.309,33,25,34,26,2,1,,,8,3,5.69,-1.33,1.33,,,,,,
CU,2015-04-05,76.7,-1.24,6.44,"Wainwright, Adam",519203,425794,,blocked_ball,,,,,14,,R,L,R,CHC,STL,B,,,0,0,2015,1.31,-1.71,0.3266480466274457,0.7168766674063702,,600303,,2,3,Bot,,,,,,150405_202251,0.5614961462783766,-112.74012489349124,0.0352144637497946,10.311,26.41,-45.887,3.59,1.66,,,,75.7,2928,6.1,413661,425877,571431,543939,572761,425509,407812,445055,518792,54.5,,,,,,,,27,1,Curveball,0,2,0,2,2,0,0,2,Strategic,Standard,,0.001,0.02,,,,-0.02,,-2,-2,0.308,0.308,33,25,34,26,2,1,,,8,3,5.74,-1.31,1.31,,,,,,
FC,2015-04-05,85.9,-1.16,6.46,"Wainwright, Adam",624585,425794,strikeout,swinging_strike,,,,,14,Jorge Soler strikes out swinging.,R,R,R,CHC,STL,S,2,,3,2,2015,0.58,0.5,1.6118532998487636,1.9089760163286051,,600303,,1,3,Bot,,,,,,150405_202210,5.1926057603616425,-125.67160874278645,-4.570796543605505,5.049,23.203,-26.17,3.59,1.61,,,,86.0,2489,6.2,413661,425877,571431,543939,572761,425509,407812,445055,518792,54.5,,0.0,0.0,1,0,0,,26,7,Cutter,0,2,0,2,2,0,0,2,Standard,Standard,,-0.045,-0.286,,,,0.286,,-2,-2,0.353,0.353,33,23,34,23,2,1,,,8,3,2.62,-0.58,-0.58,,,,,,
FC,2015-04-05,90.0,-1.04,6.32,"Wainwright, Adam",624585,425794,,ball,,,,,12,,R,R,R,CHC,STL,B,,,2,2,2015,0.31,1.26,0.7462849025534954,3.827827916625246,,600303,,1,3,Bot,,,,,,150405_202147,3.669603883592224,-131.8973096351855,-2.260614063343374,2.728,26.706,-17.449,3.59,1.61,,,,90.7,2270,6.5,413661,425877,571431,543939,572761,425509,407812,445055,518792,54.5,,,,,,,,26,6,Cutter,0,2,0,2,2,0,0,2,Standard,Standard,,0.01,0.056,,,,-0.056,,-2,-2,0.343,0.343,33,23,34,23,2,1,,,8,3,1.58,-0.31,-0.31,,,,,,
CU,2015-04-05,77.2,-1.21,6.43,"Wainwright, Adam",624585,425794,,foul,,,,,9,,R,R,R,CHC,STL,S,,,2,2,2015,1.18,-1.43,0.5165737795930345,1.757375398397314,,600303,,1,3,Bot,,,,,,150405_202119,1.168383930811782,-113.45635680736449,1.5250664582812834,9.327,25.76,-44.175,3.59,1.61,2,55.3,-37,76.4,2844,6.1,413661,425877,571431,543939,572761,425509,407812,445055,518792,54.5,,,,,,,,26,5,Curveball,0,2,0,2,2,0,0,2,Standard,Standard,,0.0,0.0,,,,0.0,88.0,-2,-2,0.343,0.343,33,23,34,23,2,1,,,8,3,5.39,-1.18,-1.18,,,,,,
CU,2015-04-05,77.6,-1.2,6.42,"Wainwright, Adam",624585,425794,,ball,,,,,12,,R,R,R,CHC,STL,B,,,1,2,2015,1.34,-1.39,1.1905101683880257,2.7102792198047334,,600303,,1,3,Bot,,,,,,150405_202057,2.253750896158161,-114.06338080646216,3.4236851596768005,10.503,26.1,-44.376,3.59,1.61,,,,76.9,2770,6.2,413661,425877,571431,543939,572761,425509,407812,445055,518792,54.5,,,,,,,,26,4,Curveball,0,2,0,2,2,0,0,2,Standard,Standard,,0.006,0.038,,,,-0.038,,-2,-2,0.337,0.337,33,23,34,23,2,1,,,8,3,5.3,-1.34,-1.34,,,,,,
FC,2015-04-05,86.7,-1.2,6.44,"Wainwright, Adam",624585,425794,,called_strike,,,,,14,,R,R,R,CHC,STL,S,,,1,1,2015,0.46,1.06,0.9489365932725228,2.591239145425739,,600303,,1,3,Bot,,,,,,150405_202030,4.043772015686932,-126.9652517856756,-4.411381933229754,4.112,23.797,-20.236,3.59,1.61,,,,86.7,2473,6.0,413661,425877,571431,543939,572761,425509,407812,445055,518792,54.5,,,,,,,,26,3,Cutter,0,2,0,2,2,0,0,2,Standard,Standard,,-0.01,-0.083,,,,0.083,,-2,-2,0.347,0.347,33,23,34,23,2,1,,,8,3,2.0,-0.46,-0.46,,,,,,
CU,2015-04-05,77.2,-1.3,6.46,"Wainwright, Adam",624585,425794,,blocked_ball,,,,,14,,R,R,R,CHC,STL,B,,,0,1,2015,1.21,-1.46,0.7441316724628914,0.731997526017798,,600303,,1,3,Bot,,,,,,150405_202006,1.7750205345548646,-113.41922539411031,-0.6496408115103238,9.433,25.998,-43.915,3.59,1.61,,,,76.6,2850,6.4,413661,425877,571431,543939,572761,425509,407812,445055,518792,54.5,,,,,,,,26,2,Curveball,0,2,0,2,2,0,0,2,Standard,Standard,,0.004,0.027,,,,-0.027,,-2,-2,0.343,0.343,33,23,34,23,2,1,,,8,3,5.43,-1.21,-1.21,,,,,,
CU,2015-04-05,74.4,-1.34,6.55,"Wainwright, Adam",624585,425794,,swinging_strike,,,,,14,,R,R,R,CHC,STL,S,,,0,0,2015,1.55,-1.44,0.9411475987209348,1.4405102463873067,,,600303,1,3,Bot,,,,,,150405_201928,1.5012594618361814,-109.4455473557513,1.2542957671345365,11.322,25.163,-43.287,3.59,1.61,,,,72.7,2926,5.5,413661,425877,571431,543939,572761,425509,407812,445055,518792,54.5,,,,,,,,26,1,Curveball,0,2,0,2,2,0,0,2,Strategic,Standard,,0.012,-0.036,,,,0.036,,-2,-2,0.331,0.331,33,23,34,23,2,1,,,8,3,5.71,-1.55,-1.55,,,,,,
FF,2015-04-05,90.6,-1.1,6.4,"Wainwright, Adam",451594,425794,field_out,hit_into_play,,,,,2,Dexter Fowler flies out to right fielder Jason Heyward.,R,L,R,CHC,STL,X,9,fly_ball,3,2,2015,-0.22,1.6,0.2540437413021844,3.166443274992438,,,600303,0,3,Bot,173.7,125.99,,,,150405_201837,3.9196136490129634,-132.7137818766386,-5.038515769545949,-3.28,27.735,-12.827,3.76,1.69,239,76.9,48,91.0,2271,6.4,413661,425877,571431,543939,572761,425509,407812,445055,518792,54.5,0.067,0.075,0.0,1,0,0,3,25,6,4-Seam Fastball,0,2,0,2,2,0,0,2,Standard,Standard,,-0.051,-0.305,,,0.116,0.305,88.0,-2,-2,0.382,0.382,33,29,34,29,2,1,,,8,3,1.21,0.22,-0.22,,,,,,
CU,2015-04-05,77.1,-1.2,6.54,"Wainwright, Adam",451594,425794,,ball,,,,,13,,R,L,R,CHC,STL,B,,,2,2,2015,1.09,-1.51,-0.3414140661444145,1.0560727251241089,,,600303,0,3,Bot,,,,,,150405_201751,-0.4869752204919239,-113.29449060302976,-0.0511321162896063,8.948,24.903,-44.439,3.76,1.69,,,,76.0,2792,5.8,413661,425877,571431,543939,572761,425509,407812,445055,518792,54.5,,,,,,,,25,5,Curveball,0,2,0,2,2,0,0,2,Standard,Standard,,0.016,0.096,,,,-0.096,,-2,-2,0.366,0.366,33,29,34,29,2,1,,,8,3,5.46,-1.09,1.09,,,,,,
CU,2015-04-05,77.1,-1.17,6.47,"Wainwright, Adam",451594,425794,,blocked_ball,,,,,13,,R,L,R,CHC,STL,B,,,1,2,2015,1.09,-1.61,-0.2183988566883749,0.3484483553075197,,,600303,0,3,Bot,,,,,,150405_201721,-0.2873823706105759,-113.30547457647404,-1.2392106288455262,8.935,24.281,-45.048,3.76,1.69,,,,77.0,2698,6.4,413661,425877,571431,543939,572761,425509,407812,445055,518792,54.5,,,,,,,,25,4,Curveball,0,2,0,2,2,0,0,2,Standard,Standard,,0.006,0.035,,,,-0.035,,-2,-2,0.36,0.36,33,29,34,29,2,1,,,8,3,5.55,-1.09,1.09,,,,,,
FC,2015-04-05,86.3,-1.27,6.43,"Wainwright, Adam",451594,425794,,foul,,,,,2,,R,L,R,CHC,STL,S,,,1,1,2015,0.44,1.06,0.1122357657376924,3.1436748496363087,,,600303,0,3,Bot,,,,,,150405_201650,2.2566924337537904,-126.38786977000602,-3.0284274807675113,4.152,22.757,-20.565,3.76,1.69,,,,86.6,2431,6.1,413661,425877,571431,543939,572761,425509,407812,445055,518792,54.5,,,,,,,,25,3,Cutter,0,2,0,2,2,0,0,2,Standard,Standard,,-0.01,-0.057,,,,0.057,,-2,-2,0.37,0.37,33,29,34,29,2,1,,,8,3,2.02,-0.44,0.44,,,,,,
CU,2015-04-05,75.4,-1.48,6.52,"Wainwright, Adam",451594,425794,,ball,,,,,13,,R,L,R,CHC,STL,B,,,0,1,2015,1.43,-1.2,-0.5934867770318677,1.5652668463803527,,,600303,0,3,Bot,,,,,,150405_201630,-1.1380602675116678,-110.96782171422488,0.8715395572174264,11.314,26.596,-41.607,3.76,1.69,,,,73.9,2866,5.8,413661,425877,571431,543939,572761,425509,407812,445055,518792,54.5,,,,,,,,25,2,Curveball,0,2,0,2,2,0,0,2,,,,0.004,0.027,,,,-0.027,,-2,-2,0.366,0.366,33,29,34,29,2,1,,,8,3,5.37,-1.43,1.43,,,,,,
FC,2015-04-05,89.3,-1.17,6.47,"Wainwright, Adam",451594,425794,,called_strike,,,,,3,,R,L,R,CHC,STL,S,,,0,0,2015,0.16,1.49,0.3500716843551225,3.233769427545049,,,600303,0,3,Bot,,,,,,150405_201606,3.3524000048611713,-130.90176860913684,-4.55347495183154,1.119,25.997,-14.626,3.76,1.69,,,,,,,413661,425877,571431,543939,572761,425509,407812,445055,518792,54.5,,,,,,,,25,1,Cutter,0,2,0,2,2,0,0,2,,,,-0.006,-0.032,,,,0.032,,-2,-2,0.372,0.372,33,29,34,29,2,1,,,8,3,1.39,-0.16,0.16,,,,,,
FC,2015-04-05,87.1,-1.25,6.39,"Wainwright, Adam",600303,425794,single,hit_into_play,,,,,5,Tommy La Stella singles on a soft line drive to center fielder Jon Jay.,R,L,R,CHC,STL,X,8,line_drive,3,2,2015,0.23,0.89,0.2708858887421616,2.745832503347147,,,,0,3,Bot,125.75,116.9,,,,150405_201523,3.0887072749370867,-127.51648600867262,-3.630315871404596,1.929,23.119,-22.023,3.39,1.52,236,81.9,20,87.3,2279,6.1,413661,425877,571431,543939,572761,425509,407812,445055,518792,54.5,0.607,0.563,0.9,1,1,0,4,24,7,Cutter,0,2,0,2,2,0,0,2,Standard,Standard,,0.037,0.344,,,0.692,-0.344,88.0,-2,-2,0.335,0.335,33,26,34,26,1,0,,,8,3,2.13,-0.23,0.23,,,,,,
FF,2015-04-05,89.8,-1.18,6.3,"Wainwright, Adam",600303,425794,,foul,,,,,2,,R,L,R,CHC,STL,S,,,3,2,2015,-0.4,1.41,-0.027357803021431,3.4486508915698595,,,,0,3,Bot,,,,,,150405_201500,3.86361232355776,-131.6183164456984,-3.461496325161796,-5.351,27.695,-15.577,3.39,1.52,281,88.8,23,90.4,2325,6.6,413661,425877,571431,543939,572761,425509,407812,445055,518792,54.5,,,,,,,,24,6,4-Seam Fastball,0,2,0,2,2,0,0,2,Standard,Standard,,0.0,0.0,,,,0.0,88.8,-2,-2,0.335,0.335,33,26,34,26,1,0,,,8,3,1.45,0.4,-0.4,,,,,,
CU,2015-04-05,76.1,-1.18,6.44,"Wainwright, Adam",600303,425794,,ball,,,,,14,,R,L,R,CHC,STL,B,,,2,2,2015,1.1,-1.72,0.919852979284244,-0.0208883372366424,,,,0,3,Bot,,,,,,150405_201435,2.101921173953274,-111.84501877151256,-1.4061348927741892,8.241,25.064,-45.497,3.39,1.52,,,,75.4,2712,6.2,413661,425877,571431,543939,572761,425509,407812,445055,518792,54.5,,,,,,,,24,5,Curveball,0,2,0,2,2,0,0,2,Standard,Standard,,0.011,0.1,,,,-0.1,,-2,-2,0.324,0.324,33,26,34,26,1,0,,,8,3,5.79,-1.1,1.1,,,,,,
FC,2015-04-05,86.5,-1.29,6.37,"Wainwright, Adam",600303,425794,,foul,,,,,14,,R,L,R,CHC,STL,S,,,2,1,2015,0.27,1.2,0.8302400268346942,2.0901443225235186,,,,0,3,Bot,,,,,,150405_201407,4.428202385518223,-126.57701072469676,-5.750211719541883,1.985,22.851,-18.555,3.39,1.52,7,81.1,-16,86.5,,6.0,413661,425877,571431,543939,572761,425509,407812,445055,518792,54.5,,,,,,,,24,4,Cutter,0,2,0,2,2,0,0,2,Standard,Standard,,-0.008,-0.069,,,,0.069,88.0,-2,-2,0.332,0.332,33,26,34,26,1,0,,,8,3,1.87,-0.27,0.27,,,,,,
FF,2015-04-05,89.2,-1.16,6.36,"Wainwright, Adam",600303,425794,,called_strike,,,,,8,,R,L,R,CHC,STL,S,,,2,0,2015,-0.5,1.3,0.0861027934760856,1.8874777782176024,,,,0,3,Bot,,,,,,150405_201355,4.309476092907181,-130.66216321491083,-7.009340457097741,-6.493,28.872,-16.275,3.39,1.52,,,,89.7,2349,6.7,413661,425877,571431,543939,572761,425509,407812,445055,518792,54.5,,,,,,,,24,3,4-Seam Fastball,0,2,0,2,2,0,0,2,Standard,Standard,,-0.009,-0.062,,,,0.062,,-2,-2,0.341,0.341,33,26,34,26,1,0,,,8,3,1.62,0.5,-0.5,,,,,,
FC,2015-04-05,87.0,-1.19,6.38,"Wainwright, Adam",600303,425794,,ball,,,,,14,,R,L,R,CHC,STL,B,,,1,0,2015,-0.01,1.29,1.098631858533166,1.566045392746096,,,,0,3,Bot,,,,,,150405_201342,5.5112554810505126,-127.17869280661758,-7.339748564189798,-1.134,23.288,-17.219,3.39,1.52,,,,87.0,2388,6.1,413661,425877,571431,543939,572761,425509,407812,445055,518792,54.5,,,,,,,,24,2,Cutter,0,2,0,2,2,0,0,2,Standard,Standard,,0.009,0.069,,,,-0.069,,-2,-2,0.332,0.332,33,26,34,26,1,0,,,8,3,1.75,0.01,-0.01,,,,,,
FF,2015-04-05,87.8,-1.41,6.26,"Wainwright, Adam",600303,425794,,ball,,,,,11,,R,L,R,CHC,STL,B,,,0,0,2015,-0.78,1.19,-0.951536299944634,3.1129068539991516,,,,0,3,Bot,,,,,,150405_201331,3.004034338222061,-128.65717455315112,-3.26692338404634,-9.004,25.618,-18.692,3.39,1.52,,,,,,,413661,425877,571431,543939,572761,425509,407812,445055,518792,54.5,,,,,,,,24,1,4-Seam Fastball,0,2,0,2,2,0,0,2,,,,0.004,0.036,,,,-0.036,,-2,-2,0.328,0.328,33,26,34,26,1,0,,,8,3,1.8,0.78,-0.78,,,,,,
FC,2015-04-05,86.9,2.54,5.43,"Lester, Jon",571431,452657,field_out,hit_into_play,,,,,4,"Matt Adams grounds out, first baseman Anthony Rizzo to pitcher Jon Lester.",R,L,L,CHC,STL,X,3,ground_ball,2,0,2015,-0.2,0.74,-0.6834783910103523,2.865458523753122,518792,,,2,3,Top,148.56,165.36,,,,150405_201055,-7.260885631905957,-127.17870104699136,-0.5782056149228275,-0.651,24.748,-24.3,3.57,1.68,12,81.3,-14,86.7,2408,6.0,413661,424325,519203,600303,592609,516770,458085,451594,624585,54.5,0.088,0.08,0.0,1,0,0,2,23,3,Cutter,0,2,2,0,2,0,2,0,Standard,Standard,,0.034,-0.329,,,0.088,0.329,88.0,-2,2,0.294,0.706,31,26,31,27,2,1,,,8,3,2.32,-0.2,-0.2,,,,,,
CU,2015-04-05,74.0,2.51,5.47,"Lester, Jon",571431,452657,,ball,,,,,13,,R,L,L,CHC,STL,B,,,1,0,2015,-1.29,-0.22,-1.4818914498411586,1.9556322290898347,518792,,,2,3,Top,,,,,,150405_201023,-5.511452965363408,-108.4421957357928,1.9626534300500615,-8.751,20.121,-34.223,3.57,1.68,,,,72.9,2580,5.5,413661,424325,519203,600303,592609,516770,458085,451594,624585,54.5,,,,,,,,23,2,Curveball,0,2,2,0,2,0,2,0,Standard,Standard,,-0.001,0.024,,,,-0.024,,-2,2,0.295,0.7050000000000001,31,26,31,27,2,1,,,8,3,4.47,-1.29,-1.29,,,,,,
CU,2015-04-05,76.1,2.54,5.44,"Lester, Jon",571431,452657,,ball,,,,,11,,R,L,L,CHC,STL,B,,,0,0,2015,-1.27,-0.04,-0.837723977508291,3.5930644841322357,518792,,,2,3,Top,,,,,,150405_201006,-4.420403577758693,-111.63133072753364,4.598474601212601,-9.431,20.546,-33.327,3.57,1.68,,,,74.6,1266,5.1,413661,424325,519203,600303,592609,516770,458085,451594,624585,54.5,,,,,,,,23,1,Curveball,0,2,2,0,2,0,2,0,Standard,Standard,,-0.001,0.012,,,,-0.012,,-2,2,0.296,0.704,31,26,31,27,2,1,,,8,3,4.03,-1.27,-1.27,,,,,,
FF,2015-04-05,92.7,2.43,5.47,"Lester, Jon",425509,452657,strikeout,called_strike,,,,,14,Jhonny Peralta called out on strikes.,R,R,L,CHC,STL,S,2,,1,2,2015,0.75,1.5,1.183683590810763,2.626045957841848,518792,,,1,3,Top,,,,,,150405_200929,-5.101411644978365,-135.9354397094444,-4.212082492393576,10.093,31.549,-13.328,3.7,1.73,,,,92.0,2162,5.9,413661,424325,519203,600303,592609,516770,458085,451594,624585,54.5,,0.0,0.0,1,0,0,,22,4,4-Seam Fastball,0,2,2,0,2,0,2,0,Strategic,Standard,,0.034,-0.323,,,,0.323,,-2,2,0.262,0.738,31,33,31,33,2,1,,,8,3,1.2,0.75,-0.75,,,,,,
FF,2015-04-05,91.9,2.39,5.45,"Lester, Jon",425509,452657,,ball,,,,,2,,R,R,L,CHC,STL,B,,,0,2,2015,0.87,1.32,-0.1327304800160229,3.737717586528016,518792,,,1,3,Top,,,,,,150405_200910,-8.599942937443593,-134.6909383588963,-0.6723845025336632,12.162,31.749,-16.654,3.68,1.73,,,,90.8,2155,5.8,413661,424325,519203,600303,592609,516770,458085,451594,624585,54.5,,,,,,,,22,3,4-Seam Fastball,0,2,2,0,2,0,2,0,Strategic,Standard,,-0.005,0.021,,,,-0.021,,-2,2,0.267,0.733,31,33,31,33,2,1,,,8,3,1.44,0.87,-0.87,,,,,,
FC,2015-04-05,89.2,2.45,5.45,"Lester, Jon",425509,452657,,foul,,,,,4,,R,R,L,CHC,STL,S,,,0,1,2015,-0.12,0.88,-0.8282611058197765,2.549635820702357,518792,,,1,3,Top,,,,,,150405_200840,-7.775301011735095,-130.56624544268706,-2.149932535169369,0.24,26.693,-22.033,3.68,1.73,251,95.3,20,88.6,2373,5.8,413661,424325,519203,600303,592609,516770,458085,451594,624585,54.5,,,,,,,,22,2,Cutter,0,2,2,0,2,0,2,0,Strategic,Standard,,0.013,-0.088,,,,0.088,95.3,-2,2,0.254,0.746,31,33,31,33,2,1,,,8,3,2.03,-0.12,0.12,,,,,,
CU,2015-04-05,76.5,2.42,5.54,"Lester, Jon",425509,452657,,called_strike,,,,,8,,R,R,L,CHC,STL,S,,,0,0,2015,-1.04,-0.06,-0.0421017099211599,1.84782789772934,518792,,,1,3,Top,,,,,,150405_200821,-3.023686154709699,-112.24639288636406,0.7409715275773395,-7.759,22.369,-32.768,3.68,1.73,,,,75.0,2540,5.3,413661,424325,519203,600303,592609,516770,458085,451594,624585,54.5,,,,,,,,22,1,Curveball,0,2,2,0,2,0,2,0,Strategic,Standard,,0.007,-0.05,,,,0.05,,-2,2,0.247,0.753,31,33,31,33,2,1,,,8,3,4.04,-1.04,1.04,,,,,,
FC,2015-04-05,89.4,2.41,5.44,"Lester, Jon",407812,452657,field_out,hit_into_play,,,,,4,"Matt Holliday grounds out, pitcher Jon Lester to first baseman Anthony Rizzo.   Jason Heyward to 3rd.",R,R,L,CHC,STL,X,1,ground_ball,2,2,2015,0.23,0.76,-0.3821302688884281,2.4139920387512337,,518792,,0,3,Top,127.5,178.68,,,,150405_200735,-7.4484048223478,-130.90767509966707,-2.1980682404986283,4.041,26.891,-23.275,3.67,1.82,13,88.5,-12,88.8,2340,5.8,413661,424325,519203,600303,592609,516770,458085,451594,624585,54.5,0.128,0.116,0.0,1,0,0,2,21,7,Cutter,0,2,2,0,2,0,2,0,Standard,Standard,,0.002,-0.163,,,0.145,0.163,88.5,-2,2,0.245,0.755,31,35,31,35,2,1,,,8,3,2.13,0.23,-0.23,,,,,,
FF,2015-04-05,92.4,2.44,5.48,"Lester, Jon",407812,452657,,foul,,,,,9,,R,R,L,CHC,STL,S,,,2,2,2015,0.88,1.29,0.705224311995564,2.215309573974965,,518792,,0,3,Top,,,,,,150405_200710,-6.654633962173512,-135.489499091258,-4.659798817545126,11.896,31.417,-15.902,3.67,1.82,,,,92.2,2215,6.2,413661,424325,519203,600303,592609,516770,458085,451594,624585,54.5,,,,,,,,21,6,4-Seam Fastball,0,2,2,0,2,0,2,0,Standard,Standard,,0.0,0.0,,,,0.0,,-2,2,0.245,0.755,31,35,31,35,2,1,,,8,3,1.44,0.88,-0.88,,,,,,
CU,2015-04-05,76.6,2.5,5.52,"Lester, Jon",407812,452657,,foul,,,,,13,,R,R,L,CHC,STL,S,,,2,2,2015,-1.41,-0.28,-0.7637643918804091,1.4503785729233276,,518792,,0,3,Top,,,,,,150405_200643,-3.9208147370010495,-112.41366949352734,0.4289799509822167,-10.527,23.549,-34.502,3.67,1.82,,,,74.8,2603,5.2,413661,424325,519203,600303,592609,516770,458085,451594,624585,54.5,,,,,,,,21,5,Curveball,0,2,2,0,2,0,2,0,Standard,Standard,,0.0,0.0,,,,0.0,,-2,2,0.245,0.755,31,35,31,35,2,1,,,8,3,4.27,-1.41,1.41,,,,,,
FC,2015-04-05,87.4,2.57,5.43,"Lester, Jon",407812,452657,,called_strike,,,,,12,,R,R,L,CHC,STL,S,,,2,1,2015,-0.46,0.76,1.0242211922562705,3.0801973465730232,,518792,,0,3,Top,,,,,,150405_200620,-2.6188563313160493,-128.26734808204307,-0.2152311040860948,-4.406,26.677,-23.991,3.67,1.82,,,,87.0,2356,5.9,413661,424325,519203,600303,592609,516770,458085,451594,624585,54.5,,,,,,,,21,4,Cutter,0,2,2,0,2,0,2,0,Standard,Standard,,0.007,-0.051,,,,0.051,,-2,2,0.238,0.762,31,35,31,35,2,1,,,8,3,2.26,-0.46,0.46,,,,,,
FC,2015-04-05,87.8,2.42,5.49,"Lester, Jon",407812,452657,,foul,,,,,8,,R,R,L,CHC,STL,S,,,2,0,2015,-0.25,1.03,-0.1065292277491493,1.958607296349806,,518792,,0,3,Top,,,,,,150405_200548,-5.509900349804692,-128.54961302547744,-3.871152420218156,-1.74,22.686,-20.329,3.67,1.82,,,,88.0,2350,5.9,413661,424325,519203,600303,592609,516770,458085,451594,624585,54.5,,,,,,,,21,3,Cutter,0,2,2,0,2,0,2,0,Standard,Standard,,0.004,-0.042,,,,0.042,,-2,2,0.234,0.766,31,35,31,35,2,1,,,8,3,1.94,-0.25,0.25,,,,,,
FF,2015-04-05,91.1,2.47,5.44,"Lester, Jon",407812,452657,,ball,,,,,12,,R,R,L,CHC,STL,B,,,1,0,2015,0.73,1.24,0.9747687832492786,3.3466047112271227,,518792,,0,3,Top,,,,,,150405_200523,-5.598113360963214,-133.57143968678335,-1.3343480401008123,9.702,30.203,-17.672,3.67,1.82,,,,91.3,2170,6.5,413661,424325,519203,600303,592609,516770,458085,451594,624585,54.5,,,,,,,,21,2,4-Seam Fastball,0,2,2,0,2,0,2,0,Standard,Standard,,-0.004,0.041,,,,-0.041,,-2,2,0.238,0.762,31,35,31,35,2,1,,,8,3,1.56,0.73,-0.73,,,,,,
FF,2015-04-05,91.1,2.31,5.48,"Lester, Jon",407812,452657,,ball,,,,,11,,R,R,L,CHC,STL,B,,,0,0,2015,0.73,1.33,-0.6482519482533452,4.525561377731353,,518792,,0,3,Top,,,,,,150405_200504,-9.260370450319394,-133.3900873378528,1.268763550523674,10.348,28.651,-17.123,3.67,1.82,,,,90.6,2069,5.9,413661,424325,519203,600303,592609,516770,458085,451594,624585,54.5,,,,,,,,21,1,4-Seam Fastball,0,2,2,0,2,0,2,0,Standard,Standard,,-0.002,0.026,,,,-0.026,,-2,2,0.24,0.76,31,35,31,35,2,1,,,8,3,1.46,0.73,-0.73,,,,,,
FF,2015-04-05,91.7,2.43,5.51,"Lester, Jon",518792,452657,double,hit_into_play,,,,,5,"Jason Heyward doubles (2) on a soft fly ball to shortstop Starlin Castro, deflected by left fielder Chris Coghlan.",R,L,L,CHC,STL,X,7,fly_ball,0,0,2015,1.15,1.53,0.0876578266076633,2.4671678647793547,,,,0,3,Top,87.73,140.52,,,,150405_200406,-8.824035515352914,-134.3016065763921,-4.56856273261989,15.342,30.581,-13.362,3.45,1.59,217,76.4,50,91.3,2308,6.1,413661,424325,519203,600303,592609,516770,458085,451594,624585,54.5,0.087,0.097,1.25,1,1,1,3,20,1,4-Seam Fastball,0,2,2,0,2,0,2,0,Standard,Standard,,-0.048,0.704,,,0.134,-0.704,88.0,-2,2,0.288,0.712,31,25,31,26,2,1,,,8,3,1.24,1.15,1.15,,,,,,
FF,2015-04-05,90.3,-1.09,6.4,"Wainwright, Adam",452657,425794,strikeout,called_strike,,,,,4,Jon Lester called out on strikes.,R,L,R,CHC,STL,S,2,,0,2,2015,0.07,1.01,-0.317944413273839,2.7714843629057655,458085,,,2,2,Bot,,,,,,150405_200125,1.7515828033473684,-132.4011993903379,-4.523248040974716,0.452,27.594,-19.753,3.62,1.63,,,,90.5,2134,6.2,413661,425877,571431,543939,572761,425509,407812,445055,518792,54.5,,0.0,0.0,1,0,0,,19,3,4-Seam Fastball,0,2,0,2,2,0,0,2,Strategic,Strategic,,-0.023,-0.221,,,,0.221,,-2,-2,0.311,0.311,33,31,34,31,1,0,,,8,8,1.82,-0.07,0.07,,,,,,
FC,2015-04-05,86.9,-1.33,6.49,"Wainwright, Adam",452657,425794,,foul,,,,,2,,R,L,R,CHC,STL,S,,,0,1,2015,0.27,0.83,-0.125426255031348,3.0720592580776422,458085,,,2,2,Bot,,,,,,150405_200102,2.238347738880232,-127.34317604017892,-2.877393874814316,2.472,24.4,-22.861,3.62,1.63,21,88.8,-8,86.9,2470,6.0,413661,425877,571431,543939,572761,425509,407812,445055,518792,54.5,,,,,,,,19,2,Cutter,0,2,0,2,2,0,0,2,Standard,Strategic,,-0.01,-0.046,,,,0.046,88.8,-2,-2,0.321,0.321,33,31,34,31,1,0,,,8,8,2.21,-0.27,0.27,,,,,,
FC,2015-04-05,87.3,-1.36,6.48,"Wainwright, Adam",452657,425794,,called_strike,,,,,6,,R,L,R,CHC,STL,S,,,0,0,2015,0.46,1.26,0.3807239693946569,2.8017025196045835,458085,,,2,2,Bot,,,,,,150405_200048,3.086210444491066,-127.8954357316945,-4.558006385988044,4.213,27.025,-17.895,3.62,1.63,,,,,,,413661,425877,571431,543939,572761,425509,407812,445055,518792,54.5,,,,,,,,19,1,Cutter,0,2,0,2,2,0,0,2,,,,-0.006,-0.019,,,,0.019,,-2,-2,0.327,0.327,33,31,34,31,1,0,,,8,8,1.78,-0.46,0.46,,,,,,
FF,2015-04-05,89.8,-1.15,6.41,"Wainwright, Adam",424325,425794,field_out,hit_into_play,,,,,6,David Ross flies out to center fielder Jon Jay.   Chris Coghlan to 3rd.,R,R,R,CHC,STL,X,8,fly_ball,0,1,2015,-0.15,1.21,0.4876243318696821,2.331588193968585,,458085,,1,2,Bot,135.1,61.78,,,,150405_200005,4.424312820129206,-131.5391099407321,-5.963560741549345,-2.659,29.152,-17.339,3.67,1.67,364,99.2,31,89.9,2270,6.4,413661,425877,571431,543939,572761,425509,407812,445055,518792,54.5,0.42,0.804,0.0,1,0,0,6,18,2,4-Seam Fastball,0,2,0,2,2,0,0,2,Standard,Standard,,-0.028,-0.238,,,1.547,0.238,99.2,-2,-2,0.355,0.355,33,38,34,38,1,0,,,8,6,1.67,0.15,0.15,,,,,,
FC,2015-04-05,87.3,-1.34,6.47,"Wainwright, Adam",424325,425794,,foul,,,,,12,,R,R,R,CHC,STL,S,,,0,0,2015,0.49,0.84,0.8657982408231484,2.672369918332276,,458085,,1,2,Bot,,,,,,150405_195944,4.142951044036074,-127.8690650001008,-3.857645452255028,4.362,25.401,-22.521,3.67,1.67,,,,87.1,1300,6.0,413661,425877,571431,543939,572761,425509,407812,445055,518792,54.5,,,,,,,,18,1,Cutter,0,2,0,2,2,0,0,2,Standard,Standard,,-0.006,-0.041,,,,0.041,,-2,-2,0.361,0.361,33,38,34,38,1,0,,,8,6,2.19,-0.49,-0.49,,,,,,
CU,2015-04-05,77.1,-1.16,6.46,"Wainwright, Adam",592609,425794,strikeout,swinging_strike_blocked,,,,,14,Mike Olt strikes out swinging.,R,R,R,CHC,STL,S,2,,3,2,2015,1.21,-1.38,1.5782775721874671,0.8290448138718709,,458085,,0,2,Bot,,,,,,150405_195833,3.252209505734456,-113.20628339451834,-0.6723447891052532,9.213,24.205,-43.252,3.5,1.57,,,,76.7,2693,6.2,413661,425877,571431,543939,572761,425509,407812,445055,518792,54.5,,0.0,0.0,1,0,0,,17,7,Curveball,0,2,0,2,2,0,0,2,Standard,Standard,,-0.052,-0.357,,,,0.357,,-2,-2,0.413,0.413,33,26,34,27,1,0,,,8,5,5.32,-1.21,-1.21,,,,,,
FF,2015-04-05,91.9,-1.22,6.26,"Wainwright, Adam",592609,425794,,foul,,,,,8,,R,R,R,CHC,STL,S,,,3,2,2015,-0.02,1.37,0.030975844881427,2.1660219557823375,,458085,,0,2,Bot,,,,,,150405_195802,3.2137199572539408,-134.74045881248884,-6.855626662364005,-0.946,31.895,-14.565,3.5,1.57,,,,91.9,2268,6.5,413661,425877,571431,543939,572761,425509,407812,445055,518792,54.5,,,,,,,,17,6,4-Seam Fastball,0,2,0,2,2,0,0,2,Standard,Standard,,0.0,0.0,,,,0.0,,-2,-2,0.413,0.413,33,26,34,27,1,0,,,8,5,1.39,0.02,0.02,,,,,,
FC,2015-04-05,84.1,-1.61,6.34,"Wainwright, Adam",592609,425794,,ball,,,,,13,,R,R,R,CHC,STL,B,,,2,2,2015,0.49,0.2,-1.5736755652447632,2.154324886947527,,458085,,0,2,Bot,,,,,,150405_195739,-1.0501041624975918,-123.3265345171103,-2.622323219331645,5.055,23.828,-29.676,3.5,1.57,,,,83.9,2438,5.9,413661,425877,571431,543939,572761,425509,407812,445055,518792,54.5,,,,,,,,17,5,Cutter,0,2,0,2,2,0,0,2,Standard,Standard,,0.013,0.078,,,,-0.078,,-2,-2,0.4,0.4,33,26,34,27,1,0,,,8,5,3.06,-0.49,-0.49,,,,,,
CU,2015-04-05,78.7,-1.14,6.46,"Wainwright, Adam",592609,425794,,blocked_ball,,,,,14,,R,R,R,CHC,STL,B,,,1,2,2015,1.24,-1.59,1.6201911179632975,-1.6599829415545022,,458085,,0,2,Bot,,,,,,150405_195711,3.2979894074320613,-115.42082522664616,-5.850148144310344,9.599,27.694,-44.084,3.5,1.57,,,,77.6,2822,6.2,413661,425877,571431,543939,572761,425509,407812,445055,518792,54.5,,,,,,,,17,4,Curveball,0,2,0,2,2,0,0,2,Standard,Standard,,0.007,0.039,,,,-0.039,,-2,-2,0.393,0.393,33,26,34,27,1,0,,,8,5,5.43,-1.24,-1.24,,,,,,
FF,2015-04-05,89.9,-1.37,6.4,"Wainwright, Adam",592609,425794,,called_strike,,,,,1,,R,R,R,CHC,STL,S,,,1,1,2015,-0.01,1.38,-0.6518840843682286,3.015798704462665,,458085,,0,2,Bot,,,,,,150405_195646,1.7919069228965734,-131.7382044852593,-4.727135534921686,-0.464,27.688,-15.631,3.5,1.57,,,,90.4,2322,6.5,413661,425877,571431,543939,572761,425509,407812,445055,518792,54.5,,,,,,,,17,3,4-Seam Fastball,0,2,0,2,2,0,0,2,Standard,Standard,,-0.012,-0.055,,,,0.055,,-2,-2,0.405,0.405,33,26,34,27,1,0,,,8,5,1.48,0.01,0.01,,,,,,
FC,2015-04-05,86.8,-1.31,6.38,"Wainwright, Adam",592609,425794,,foul,,,,,8,,R,R,R,CHC,STL,S,,,1,0,2015,0.51,0.74,0.0699384257354749,1.8990385580080469,,458085,,0,2,Bot,,,,,,150405_195623,2.091634539753783,-127.05316213695744,-5.237037247255323,5.02,22.689,-23.387,3.5,1.57,,,,86.9,2446,6.0,413661,425877,571431,543939,572761,425509,407812,445055,518792,54.5,,,,,,,,17,2,Cutter,0,2,0,2,2,0,0,2,Standard,Standard,,-0.006,-0.036,,,,0.036,,-2,-2,0.411,0.411,33,26,34,27,1,0,,,8,5,2.3,-0.51,-0.51,,,,,,
SI,2015-04-05,90.6,-1.44,6.28,"Wainwright, Adam",592609,425794,,blocked_ball,,,,,13,,R,R,R,CHC,STL,B,,,0,0,2015,-1.32,1.23,-0.8688907681022988,0.4798844259336607,,458085,,0,2,Bot,,,,,,150405_195603,4.719545739078983,-132.49424272775025,-10.406125169632574,-15.969,31.092,-15.92,3.5,1.57,,,,90.9,2260,6.7,413661,425877,571431,543939,572761,425509,407812,445055,518792,54.5,,,,,,,,17,1,Sinker,0,2,0,2,2,0,0,2,Standard,Standard,,0.004,0.026,,,,-0.026,,-2,-2,0.407,0.407,33,26,34,27,1,0,,,8,5,1.63,1.32,1.32,,,,,,
FC,2015-04-05,87.8,-1.23,6.34,"Wainwright, Adam",458085,425794,double,hit_into_play,,,,,5,Chris Coghlan doubles (1) on a line drive to left fielder Matt Holliday.,R,L,R,CHC,STL,X,7,line_drive,2,0,2015,0.46,1.03,-0.2193410166161679,2.0779206858894517,,,,0,2,Bot,59.44,122.96,,,,150405_195517,1.3424128314067292,-128.56693292211648,-5.575529940968762,4.629,25.508,-19.943,3.27,1.47,259,85.0,25,88.3,2444,6.4,413661,425877,571431,543939,572761,425509,407812,445055,518792,54.5,0.147,0.19,1.25,1,1,1,3,16,3,Cutter,0,2,0,2,2,0,0,2,Standard,Standard,,0.054,0.599,,,0.289,-0.599,88.0,-2,-2,0.353,0.353,33,30,34,30,1,0,,,8,3,1.96,-0.46,0.46,,,,,,
FF,2015-04-05,90.6,-1.05,6.34,"Wainwright, Adam",458085,425794,,ball,,,,,11,,R,L,R,CHC,STL,B,,,1,0,2015,-0.08,1.44,-1.1924771317198677,2.6785132127287827,,,,0,2,Bot,,,,,,150405_195502,-0.1589364978793855,-132.82682699289325,-5.69718302123323,-0.884,29.811,-14.491,3.27,1.47,,,,90.8,2257,6.4,413661,425877,571431,543939,572761,425509,407812,445055,518792,54.5,,,,,,,,16,2,4-Seam Fastball,0,2,0,2,2,0,0,2,Standard,Standard,,0.008,0.069,,,,-0.069,,-2,-2,0.345,0.345,33,30,34,30,1,0,,,8,3,1.39,0.08,-0.08,,,,,,
FC,2015-04-05,85.6,-1.2,6.43,"Wainwright, Adam",458085,425794,,ball,,,,,12,,R,L,R,CHC,STL,B,,,0,0,2015,0.53,0.66,0.5831852400085679,3.548761439870742,,,,0,2,Bot,,,,,,150405_195448,2.9631031053026153,-125.42972837808428,-0.9471833824019756,4.886,23.909,-25.217,3.27,1.47,,,,85.0,2457,5.7,413661,425877,571431,543939,572761,425509,407812,445055,518792,54.5,,,,,,,,16,1,Cutter,0,2,0,2,2,0,0,2,Standard,Standard,,0.004,0.036,,,,-0.036,,-2,-2,0.341,0.341,33,30,34,30,1,0,,,8,3,2.48,-0.53,0.53,,,,,,
FF,2015-04-05,88.7,2.34,5.4,"Lester, Jon",518792,452657,truncated_pa,ball,,,,,11,,R,L,L,CHC,STL,B,2,,0,0,2015,0.85,1.47,-1.1089966876136652,3.595090889244972,445055,,572761,2,2,Top,,,,,,150405_195157,-10.528268840052396,-129.80453776736775,-0.767079033870957,11.532,27.576,-16.034,3.45,1.59,,,,88.9,2224,6.4,413661,424325,519203,600303,592609,516770,458085,451594,624585,54.5,,,0.0,0,0,0,,15,1,4-Seam Fastball,0,2,2,0,2,0,2,0,Standard,Standard,,0.039,-0.247,,,,0.247,,-2,2,0.302,0.698,31,25,31,26,2,1,,,8,3,1.49,0.85,0.85,,,,,,
FC,2015-04-05,88.1,2.53,5.38,"Lester, Jon",572761,452657,single,hit_into_play,,,,,4,Matt Carpenter singles on a line drive to right fielder Jorge Soler.   Kolten Wong scores.    Jon Jay to 3rd.,R,L,L,CHC,STL,X,9,line_drive,0,0,2015,-0.08,0.8,-0.388207649866441,2.688968899349465,543939,,445055,2,2,Top,159.9,115.69,,,,150405_195059,-6.884093756482288,-129.0726148336664,-1.2679154333731053,0.46,25.799,-23.24,3.56,1.72,187,83.6,13,88.1,2316,6.1,413661,424325,519203,600303,592609,516770,458085,451594,624585,54.5,0.9,0.829,0.9,1,1,0,4,14,1,Cutter,0,1,1,0,2,0,2,0,Standard,Standard,,-0.095,0.611,,,0.991,-0.611,88.0,-1,1,0.397,0.603,31,29,31,30,2,1,,,8,3,2.17,-0.08,-0.08,,,,,,
FF,2015-04-05,91.1,2.41,5.42,"Lester, Jon",425794,452657,strikeout,called_strike,,,,,14,Adam Wainwright called out on strikes.,R,R,L,CHC,STL,S,2,,0,2,2015,0.63,1.63,1.2382132856119834,2.5725766932733016,543939,,445055,1,2,Top,,,,,,150405_195015,-4.525935261738721,-133.62585624047466,-4.234243468394325,8.222,29.874,-12.447,3.61,1.64,,,,90.9,2203,6.1,413661,424325,519203,600303,592609,516770,458085,451594,624585,54.5,,0.0,0.0,1,0,0,,13,6,4-Seam Fastball,0,1,1,0,1,0,1,0,Standard,Standard,,0.038,-0.256,,,,0.256,,-1,1,0.359,0.641,31,33,31,34,1,0,,,8,8,1.16,0.63,-0.63,,,,,,
CU,2015-04-05,75.5,2.51,5.46,"Lester, Jon",425794,452657,,foul,,,,,13,,R,R,L,CHC,STL,S,,,0,2,2015,-1.09,-0.37,-1.008802776693966,1.4183077782800644,543939,,445055,1,2,Top,,,,,,150405_194946,-5.056126049258252,-110.75155352860745,0.8970727431600103,-7.571,22.025,-35.274,3.61,1.64,,,,73.9,2610,5.2,413661,424325,519203,600303,592609,516770,458085,451594,624585,54.5,,,,,,,,13,5,Curveball,0,1,1,0,1,0,1,0,Standard,Strategic,,0.0,0.0,,,,0.0,,-1,1,0.359,0.641,31,33,31,34,1,0,,,8,8,4.47,-1.09,1.09,,,,,,
FC,2015-04-05,87.4,2.48,5.42,"Lester, Jon",425794,452657,,foul,,,,,13,,R,R,L,CHC,STL,S,,,0,2,2015,-0.12,0.89,-0.3326189072687463,1.4316718534113524,543939,,445055,1,2,Top,,,,,,150405_194920,-6.469724447466936,-127.80600690108426,-4.538296976468606,-0.206,22.255,-21.85,3.61,1.64,,,,87.7,2344,6.0,413661,424325,519203,600303,592609,516770,458085,451594,624585,54.5,,,,,,,,13,4,Cutter,0,1,1,0,1,0,1,0,Standard,Standard,,0.0,0.0,,,,0.0,,-1,1,0.359,0.641,31,33,31,34,1,0,,,8,8,2.11,-0.12,0.12,,,,,,
FF,2015-04-05,90.2,2.36,5.46,"Lester, Jon",425794,452657,,foul,,,,,11,,R,R,L,CHC,STL,S,,,0,2,2015,0.38,1.53,-0.6137636454596214,3.9618653211539727,543939,,445055,1,2,Top,,,,,,150405_194853,-8.36138105334275,-132.258321783546,-0.4190774269306156,6.188,30.718,-14.869,3.61,1.64,,,,89.5,1165,6.0,413661,424325,519203,600303,592609,516770,458085,451594,624585,54.5,,,,,,,,13,3,4-Seam Fastball,0,1,1,0,1,0,1,0,Standard,Standard,,0.0,0.0,,,,0.0,,-1,1,0.359,0.641,31,33,31,34,1,0,,,8,8,1.33,0.38,-0.38,,,,,,
FC,2015-04-05,89.0,2.52,5.4,"Lester, Jon",425794,452657,,foul_bunt,,,,,13,,R,R,L,CHC,STL,S,,,0,1,2015,0.15,0.76,-0.1576728446389645,1.294833828208992,543939,,445055,1,2,Top,,,,,,150405_194823,-6.928262860758613,-130.26310775119717,-4.741824884686611,3.065,26.943,-22.878,3.61,1.64,,,,88.7,2404,6.0,413661,424325,519203,600303,592609,516770,458085,451594,624585,54.5,,,,,,,,13,2,Cutter,0,1,1,0,1,0,1,0,Standard,Standard,,0.016,-0.067,,,,0.067,,-1,1,0.343,0.657,31,33,31,34,1,0,,,8,8,2.17,0.15,-0.15,,,,,,
FF,2015-04-05,92.5,2.37,5.5,"Lester, Jon",425794,452657,,foul_bunt,,,,,7,,R,R,L,CHC,STL,S,,,0,0,2015,0.58,1.57,-0.3107995441463054,2.220481202870543,543939,,445055,1,2,Top,,,,,,150405_194748,-8.311893641482373,-135.4956778794069,-5.410935244513356,8.784,32.32,-12.328,3.61,1.64,,,,91.9,2233,6.1,413661,424325,519203,600303,592609,516770,458085,451594,624585,54.5,,,,,,,,13,1,4-Seam Fastball,0,1,1,0,1,0,1,0,,,,0.009,-0.044,,,,0.044,,-1,1,0.334,0.6659999999999999,31,33,31,34,1,0,,,8,8,1.16,0.58,-0.58,,,,,,
FC,2015-04-05,87.4,2.46,5.39,"Lester, Jon",445055,452657,single,hit_into_play,,,,,4,Jon Jay singles on a line drive to right fielder Jorge Soler.   Kolten Wong to 3rd.,R,L,L,CHC,STL,X,9,line_drive,0,2,2015,-0.01,0.84,-0.4322330500718375,2.4446925104624047,,,543939,1,2,Top,157.52,112.66,,,,150405_194658,-6.958588804550861,-127.91766977630571,-1.875707143234796,1.235,23.762,-22.788,3.49,1.58,,,,,,,413661,424325,519203,600303,592609,516770,458085,451594,624585,54.5,,,0.9,,1,0,,12,3,Cutter,0,1,1,0,1,0,1,0,,,,-0.072,0.468,,,,-0.468,,-1,1,0.406,0.594,31,30,31,30,1,0,,,8,3,2.16,-0.01,-0.01,,,,,,
FF,2015-04-05,91.3,2.43,5.44,"Lester, Jon",445055,452657,,foul,,,,,4,,R,L,L,CHC,STL,S,,,0,1,2015,0.83,1.72,-0.334698981273976,2.3215299568543157,,,543939,1,2,Top,,,,,,150405_194558,-9.051023551161098,-133.67857300629746,-5.132495667777125,11.599,31.646,-11.199,3.49,1.58,,,,,,,413661,424325,519203,600303,592609,516770,458085,451594,624585,54.5,,,,,,,,12,2,4-Seam Fastball,0,1,1,0,1,0,1,0,,,,0.007,-0.048,,,,0.048,,-1,1,0.399,0.601,31,30,31,30,1,0,,,8,3,1.08,0.83,0.83,,,,,,
FF,2015-04-05,91.1,2.33,5.41,"Lester, Jon",445055,452657,,foul,,,,,1,,R,L,L,CHC,STL,S,,,0,0,2015,0.91,1.68,-0.3264202000694208,2.9040279493007546,,,543939,1,2,Top,,,,,,150405_194533,-8.988078906099219,-133.44640802959066,-3.440804073833947,12.556,31.027,-12.205,3.49,1.58,,,,,,,413661,424325,519203,600303,592609,516770,458085,451594,624585,54.5,,,,,,,,12,1,4-Seam Fastball,0,1,1,0,1,0,1,0,,,,0.004,-0.036,,,,0.036,,-1,1,0.395,0.605,31,30,31,30,1,0,,,8,3,1.14,0.91,0.91,,,,,,
FF,2015-04-05,89.6,2.29,5.46,"Lester, Jon",543939,452657,walk,ball,,,,,12,Kolten Wong walks.,R,L,L,CHC,STL,B,,,3,2,2015,0.69,1.56,0.6584708645223232,3.823702645984655,,,,1,2,Top,,,,,,150405_194455,-5.765536270191168,-131.31898272907844,-0.7736638820368135,8.971,27.738,-14.635,3.13,1.45,,,,,,,413661,424325,519203,600303,592609,516770,458085,451594,624585,54.5,,0.686843,0.7,1,0,0,,11,7,4-Seam Fastball,0,1,1,0,1,0,1,0,,,,-0.02,0.331,,,,-0.331,,-1,1,0.415,0.585,31,24,31,25,1,0,,,8,3,1.32,0.69,0.69,,,,,,
FF,2015-04-05,92.0,2.4,5.5,"Lester, Jon",543939,452657,,foul,,,,,5,,R,L,L,CHC,STL,S,,,3,2,2015,0.65,1.71,0.2489335773647123,1.9774475934146003,,,,1,2,Top,,,,,,150405_194425,-7.107930966176023,-134.7359018561868,-6.306474630963155,9.214,31.105,-10.723,3.13,1.45,,,,,,,413661,424325,519203,600303,592609,516770,458085,451594,624585,54.5,,,,,,,,11,6,4-Seam Fastball,0,1,1,0,1,0,1,0,,,,0.0,0.0,,,,0.0,,-1,1,0.415,0.585,31,24,31,25,1,0,,,8,3,1.04,0.65,0.65,,,,,,
FF,2015-04-05,91.0,2.37,5.45,"Lester, Jon",543939,452657,,swinging_strike,,,,,5,,R,L,L,CHC,STL,S,,,3,1,2015,0.48,1.61,-0.200755398204717,2.1439192580213766,,,,1,2,Top,,,,,,150405_194409,-7.645772554648638,-133.2318361954079,-5.320944778350172,7.103,28.198,-12.569,3.13,1.45,,,,,,,413661,424325,519203,600303,592609,516770,458085,451594,624585,54.5,,,,,,,,11,5,4-Seam Fastball,0,1,1,0,1,0,1,0,,,,0.006,-0.085,,,,0.085,,-1,1,0.409,0.591,31,24,31,25,1,0,,,8,3,1.19,0.48,0.48,,,,,,
FF,2015-04-05,92.3,2.37,5.41,"Lester, Jon",543939,452657,,ball,,,,,13,,R,L,L,CHC,STL,B,,,2,1,2015,0.75,1.44,-0.5087075082917062,1.3025898466200312,,,,1,2,Top,,,,,,150405_194348,-9.2218074753111,-134.9707027469295,-7.17353348222567,10.871,30.201,-13.58,3.13,1.45,,,,,,,413661,424325,519203,600303,592609,516770,458085,451594,624585,54.5,,,,,,,,11,4,4-Seam Fastball,0,1,1,0,1,0,1,0,,,,-0.007,0.119,,,,-0.119,,-1,1,0.416,0.5840000000000001,31,24,31,25,1,0,,,8,3,1.29,0.75,0.75,,,,,,
CU,2015-04-05,76.1,2.47,5.49,"Lester, Jon",543939,452657,,ball,,,,,11,,R,L,L,CHC,STL,B,,,1,1,2015,-1.25,-0.17,-1.3300253900532937,3.1787005846269616,,,,1,2,Top,,,,,,150405_194325,-5.364799488741231,-111.45870266605476,3.86685097962628,-9.162,19.22,-34.181,3.13,1.45,,,,,,,413661,424325,519203,600303,592609,516770,458085,451594,624585,54.5,,,,,,,,11,3,Curveball,0,1,1,0,1,0,1,0,,,,-0.003,0.05,,,,-0.05,,-1,1,0.419,0.581,31,24,31,25,1,0,,,8,3,4.15,-1.25,-1.25,,,,,,
FF,2015-04-05,93.4,2.33,5.45,"Lester, Jon",543939,452657,,ball,,,,,13,,R,L,L,CHC,STL,B,,,0,1,2015,0.63,1.4,-1.4869597976370923,1.7821597727446057,,,,1,2,Top,,,,,,150405_194309,-11.449898470159972,-136.5540750032748,-6.114888898942226,10.304,32.465,-13.998,3.13,1.45,,,,,,,413661,424325,519203,600303,592609,516770,458085,451594,624585,54.5,,,,,,,,11,2,4-Seam Fastball,0,1,1,0,1,0,1,0,,,,-0.001,0.027,,,,-0.027,,-1,1,0.42,0.5800000000000001,31,24,31,25,1,0,,,8,3,1.29,0.63,0.63,,,,,,
FF,2015-04-05,91.8,2.37,5.44,"Lester, Jon",543939,452657,,swinging_strike,,,,,4,,R,L,L,CHC,STL,S,,,0,0,2015,0.63,1.37,-0.5137174138473725,2.544871410259784,,,,1,2,Top,,,,,,150405_194255,-8.881544210851787,-134.35797632072317,-3.8485046098947113,9.239,28.471,-15.277,3.13,1.45,,,,,,,413661,424325,519203,600303,592609,516770,458085,451594,624585,54.5,,,,,,,,11,1,4-Seam Fastball,0,1,1,0,1,0,1,0,,,,0.002,-0.039,,,,0.039,,-1,1,0.418,0.5820000000000001,31,24,31,25,1,0,,,8,3,1.37,0.63,0.63,,,,,,
FF,2015-04-05,92.0,2.44,5.5,"Lester, Jon",425877,452657,strikeout,swinging_strike,,,,,14,Yadier Molina strikes out swinging.,R,R,L,CHC,STL,S,2,,1,2,2015,0.73,1.76,1.2535282097464315,2.2597333932433745,,,,0,2,Top,,,,,,150405_194223,-4.862902285548297,-134.93445612222254,-5.73051266136246,9.645,31.108,-10.23,3.51,1.57,,,,,,,413661,424325,519203,600303,592609,516770,458085,451594,624585,54.5,,0.0,0.0,1,0,0,,10,4,4-Seam Fastball,0,1,1,0,1,0,1,0,,,,0.015,-0.184,,,,0.184,,-1,1,0.403,0.597,31,32,31,33,1,0,,,8,3,0.99,0.73,-0.73,,,,,,
CH,2015-04-05,83.7,2.41,5.48,"Lester, Jon",425877,452657,,swinging_strike,,,,,8,,R,R,L,CHC,STL,S,,,1,1,2015,1.53,0.65,-0.0280804798535041,1.7778227378153493,,,,0,2,Top,,,,,,150405_194206,-9.159973974699753,-122.43727383848434,-2.3320836508183764,16.668,25.539,-25.448,3.51,1.57,,,,,,,413661,424325,519203,600303,592609,516770,458085,451594,624585,54.5,,,,,,,,10,3,Changeup,0,1,1,0,1,0,1,0,,,,0.005,-0.056,,,,0.056,,-1,1,0.398,0.602,31,32,31,33,1,0,,,8,3,2.69,1.53,-1.53,,,,,,
FC,2015-04-05,87.5,2.4,5.55,"Lester, Jon",425877,452657,,swinging_strike,,,,,5,,R,R,L,CHC,STL,S,,,1,0,2015,0.29,1.06,-0.1943174327332438,2.6119916421961387,,,,0,2,Top,,,,,,150405_194150,-6.952739261753753,-128.1550564745691,-2.356824731759815,4.448,25.684,-20.409,3.51,1.57,,,,,,,413661,424325,519203,600303,592609,516770,458085,451594,624585,54.5,,,,,,,,10,2,Cutter,0,1,1,0,1,0,1,0,,,,0.004,-0.047,,,,0.047,,-1,1,0.394,0.606,31,32,31,33,1,0,,,8,3,1.96,0.29,-0.29,,,,,,
FC,2015-04-05,87.9,2.55,5.57,"Lester, Jon",425877,452657,,ball,,,,,3,,R,R,L,CHC,STL,B,,,0,0,2015,0.34,1.31,0.5977493549183819,3.5099200287719174,,,,0,2,Top,,,,,,150405_194137,-5.56891950146567,-128.8653513711114,-0.9384718237346248,4.792,25.494,-17.851,3.51,1.57,,,,,,,413661,424325,519203,600303,592609,516770,458085,451594,624585,54.5,,,,,,,,10,1,Cutter,0,1,1,0,1,0,1,0,,,,-0.003,0.036,,,,-0.036,,-1,1,0.397,0.603,31,32,31,33,1,0,,,8,3,1.67,0.34,-0.34,,,,,,
FC,2015-04-05,88.1,-1.37,6.39,"Wainwright, Adam",516770,425794,field_out,hit_into_play,,,,,5,"Starlin Castro grounds out, pitcher Adam Wainwright to first baseman Matt Adams.",R,R,R,CHC,STL,X,1,ground_ball,2,1,2015,0.46,0.48,0.2000545807750183,2.215003595436958,451594,,,2,1,Bot,127.5,178.08,,,,150405_193858,2.694458143120998,-129.14196887147105,-4.0621286609586695,4.39,27.447,-26.129,3.37,1.54,,,,,,,413661,425877,571431,543939,572761,425509,407812,445055,518792,54.5,,,0.0,,0,0,,9,4,Cutter,0,1,0,1,1,0,0,1,,,,-0.039,-0.287,,,,0.287,,-1,-1,0.436,0.436,33,25,34,25,1,0,,,8,3,2.5,-0.46,-0.46,,,,,,
FF,2015-04-05,92.3,-1.14,6.27,"Wainwright, Adam",516770,425794,,foul,,,,,6,,R,R,R,CHC,STL,S,,,2,0,2015,-0.29,1.21,0.3454255910473704,2.33437919922355,451594,,,2,1,Bot,,,,,,150405_193833,4.5314724982430405,-135.14060501566505,-6.184210614250809,-4.443,28.686,-16.572,3.37,1.54,,,,,,,413661,425877,571431,543939,572761,425509,407812,445055,518792,54.5,,,,,,,,9,3,4-Seam Fastball,0,1,0,1,1,0,0,1,,,,-0.003,-0.042,,,,0.042,,-1,-1,0.439,0.439,33,25,34,25,1,0,,,8,3,1.51,0.29,0.29,,,,,,
CU,2015-04-05,76.5,-1.33,6.47,"Wainwright, Adam",516770,425794,,ball,,,,,14,,R,R,R,CHC,STL,B,,,1,0,2015,1.25,-1.38,0.6771328804201638,0.9009401376088748,451594,,,2,1,Bot,,,,,,150405_193808,1.5978304870288484,-112.40969876305158,-0.3285648334805671,9.627,25.703,-43.102,3.37,1.54,,,,,,,413661,425877,571431,543939,572761,425509,407812,445055,518792,54.5,,,,,,,,9,2,Curveball,0,1,0,1,1,0,0,1,,,,0.003,0.024,,,,-0.024,,-1,-1,0.436,0.436,33,25,34,25,1,0,,,8,3,5.42,-1.25,-1.25,,,,,,
FC,2015-04-05,89.4,-1.32,6.46,"Wainwright, Adam",516770,425794,,blocked_ball,,,,,14,,R,R,R,CHC,STL,B,,,0,0,2015,0.48,1.05,1.25691935885478,0.5194900328243734,451594,,,2,1,Bot,,,,,,150405_193745,5.168961364693756,-130.60289822588166,-10.033406962632968,4.194,27.699,-18.408,3.47,1.62,,,,,,,413661,425877,571431,543939,572761,425509,407812,445055,518792,54.5,,,,,,,,9,1,Cutter,0,1,0,1,1,0,0,1,,,,0.001,0.012,,,,-0.012,,-1,-1,0.435,0.435,33,25,34,25,1,0,,,8,3,1.86,-0.48,-0.48,,,,,,
FC,2015-04-05,84.9,-1.56,6.31,"Wainwright, Adam",519203,425794,strikeout,called_strike,,,,,13,Anthony Rizzo called out on strikes.,R,L,R,CHC,STL,S,2,,2,2,2015,0.51,0.27,-1.2270681561777668,1.8725962791958424,451594,,,1,1,Bot,,,,,,150405_193709,-0.4057249718410898,-124.45959032553498,-3.5375312985920653,5.201,24.571,-28.729,3.59,1.78,,,,,,,413661,425877,571431,543939,572761,425509,407812,445055,518792,54.5,,0.0,0.0,1,0,0,,8,5,Cutter,0,1,0,1,1,0,0,1,,,,-0.051,-0.348,,,,0.348,,-1,-1,0.486,0.486,33,25,34,26,1,0,,,8,3,2.93,-0.51,0.51,,,,,,
CU,2015-04-05,78.1,-1.17,6.54,"Wainwright, Adam",519203,425794,,blocked_ball,,,,,14,,R,L,R,CHC,STL,B,,,1,2,2015,0.97,-1.59,0.936950222621151,-0.950535075244988,451594,,,1,1,Bot,,,,,,150405_193640,2.4625575979896985,-114.67679636700704,-4.303506617948408,7.366,27.943,-44.268,3.54,1.77,,,,,,,413661,425877,571431,543939,572761,425509,407812,445055,518792,54.5,,,,,,,,8,4,Curveball,0,1,0,1,1,0,0,1,,,,0.009,0.025,,,,-0.025,,-1,-1,0.477,0.477,33,25,34,26,1,0,,,8,3,5.49,-0.97,0.97,,,,,,
FF,2015-04-05,92.4,-1.16,6.43,"Wainwright, Adam",519203,425794,,called_strike,,,,,9,,R,L,R,CHC,STL,S,,,1,1,2015,0.03,1.49,0.8148718900629849,2.319071871828405,451594,,,1,1,Bot,,,,,,150405_193618,4.961242108116097,-135.3286611032563,-7.317269098443139,-0.816,32.19,-12.872,3.74,1.83,,,,,,,413661,425877,571431,543939,572761,425509,407812,445055,518792,54.5,,,,,,,,8,3,4-Seam Fastball,0,1,0,1,1,0,0,1,,,,-0.015,-0.084,,,,0.084,,-1,-1,0.492,0.492,33,25,34,26,1,0,,,8,3,1.24,-0.03,0.03,,,,,,
FC,2015-04-05,88.6,-1.36,6.38,"Wainwright, Adam",519203,425794,,swinging_strike,,,,,2,,R,L,R,CHC,STL,S,,,1,0,2015,0.51,0.95,-0.1705271727772895,3.196741102942139,451594,,,1,1,Bot,,,,,,150405_193553,1.6484433076734626,-129.83539049504182,-2.9610410996399237,5.336,24.742,-21.135,3.59,1.66,,,,,,,413661,425877,571431,543939,572761,425509,407812,445055,518792,54.5,,,,,,,,8,2,Cutter,0,1,0,1,1,0,0,1,,,,-0.005,-0.048,,,,0.048,,-1,-1,0.497,0.497,33,25,34,26,1,0,,,8,3,1.97,-0.51,0.51,,,,,,
CU,2015-04-05,77.0,-1.15,6.52,"Wainwright, Adam",519203,425794,,blocked_ball,,,,,14,,R,L,R,CHC,STL,B,,,0,0,2015,1.26,-1.44,0.8070686462182166,-0.4892580733309586,451594,,,1,1,Bot,,,,,,150405_193518,1.4980703393375652,-113.09311335797597,-3.327680932811391,9.728,26.916,-42.979,3.68,1.83,,,,,,,413661,425877,571431,543939,572761,425509,407812,445055,518792,54.5,,,,,,,,8,1,Curveball,0,1,0,1,1,0,0,1,,,,0.002,0.016,,,,-0.016,,-1,-1,0.495,0.495,33,25,34,26,1,0,,,8,3,5.45,-1.26,1.26,,,,,,
FC,2015-04-05,89.9,-1.29,6.36,"Wainwright, Adam",624585,425794,field_out,hit_into_play,,,,,9,"Jorge Soler grounds out, second baseman Kolten Wong to first baseman Matt Adams.   Dexter Fowler to 3rd.",R,R,R,CHC,STL,X,4,ground_ball,1,2,2015,0.19,1.19,0.7878355851407437,1.8085993042645692,,451594,,0,1,Bot,141.92,151.43,,,,150405_193416,4.686880106255829,-131.51214857951337,-7.173597790684763,1.227,24.591,-17.403,3.59,1.61,,,,,,,413661,425877,571431,543939,572761,425509,407812,445055,518792,54.5,,,0.0,,0,0,,7,4,Cutter,0,1,0,1,1,0,0,1,,,,-0.002,-0.124,,,,0.124,,-1,-1,0.497,0.497,33,23,34,23,1,0,,,8,3,1.65,-0.19,-0.19,,,,,,
FC,2015-04-05,87.8,-1.34,6.41,"Wainwright, Adam",624585,425794,,swinging_strike,,,,,9,,R,R,R,CHC,STL,S,,,1,1,2015,0.31,0.76,0.6868206141458115,1.969801738936176,,451594,,0,1,Bot,,,,,,150405_193334,4.152395888023281,-128.57175920084472,-5.359956163822872,2.58,24.596,-22.981,3.59,1.61,,,,,,,413661,425877,571431,543939,572761,425509,407812,445055,518792,54.5,,,,,,,,7,3,Cutter,0,1,0,1,1,0,0,1,,,,-0.011,-0.055,,,,0.055,,-1,-1,0.508,0.508,33,23,34,23,1,0,,,8,3,2.23,-0.31,-0.31,,,,,,
CU,2015-04-05,76.6,-1.41,6.43,"Wainwright, Adam",624585,425794,,blocked_ball,,,,,14,,R,R,R,CHC,STL,B,,,0,1,2015,1.22,-1.44,1.7030323481771876,0.2198244080654285,,451594,,0,1,Bot,,,,,,150405_193244,4.012784930724839,-112.52667194936495,-1.5487643381055782,8.791,26.299,-43.287,3.46,1.61,,,,,,,413661,425877,571431,543939,572761,425509,407812,445055,518792,54.5,,,,,,,,7,2,Curveball,0,1,0,1,1,0,0,1,,,,0.004,0.024,,,,-0.024,,-1,-1,0.504,0.504,33,23,34,23,1,0,,,8,3,5.48,-1.22,-1.22,,,,,,
FF,2015-04-05,92.2,-1.33,6.35,"Wainwright, Adam",624585,425794,,foul,,,,,5,,R,R,R,CHC,STL,S,,,0,0,2015,-0.54,1.36,0.0151477182979816,2.286617838027839,,451594,,0,1,Bot,,,,,,150405_193215,4.807831521385422,-135.1154241232288,-6.84527190345351,-7.473,30.553,-14.589,3.59,1.61,,,,,,,413661,425877,571431,543939,572761,425509,407812,445055,518792,54.5,,,,,,,,7,1,4-Seam Fastball,0,1,0,1,1,0,0,1,,,,-0.006,-0.034,,,,0.034,,-1,-1,0.51,0.51,33,23,34,23,1,0,,,8,3,1.37,0.54,0.54,,,,,,
FC,2015-04-05,88.1,-1.36,6.34,"Wainwright, Adam",451594,425794,double,hit_into_play,,,,,5,Dexter Fowler doubles (1) on a soft line drive to left fielder Matt Holliday.,R,L,R,CHC,STL,X,7,line_drive,1,0,2015,0.29,0.96,0.0080445828835125,2.601843068257505,,,,0,1,Bot,72.12,133.25,,,,150405_193127,2.613325752097074,-129.10660539259794,-4.180309194005556,2.592,26.888,-20.916,3.97,1.69,,,,,,,413661,425877,571431,543939,572761,425509,407812,445055,518792,54.5,,,1.25,,1,1,,6,2,Cutter,0,1,0,1,1,0,0,1,,,,0.058,0.668,,,,-0.668,,-1,-1,0.452,0.452,33,29,34,29,1,0,,,8,3,2.02,-0.29,0.29,,,,,,
SI,2015-04-05,90.1,-1.58,6.21,"Wainwright, Adam",451594,425794,,ball,,,,,13,,R,L,R,CHC,STL,B,,,0,0,2015,-1.39,1.08,-1.5856766156557132,1.719896726682245,,,,0,1,Bot,,,,,,150405_193115,3.44986302196861,-132.0043938700527,-6.7147506914299955,-16.39,29.322,-18.593,3.63,1.69,,,,,,,413661,425877,571431,543939,572761,425509,407812,445055,518792,54.5,,,,,,,,6,1,Sinker,0,1,0,1,1,0,0,1,,,,0.004,0.036,,,,-0.036,,-1,-1,0.448,0.448,33,29,34,29,1,0,,,8,3,1.79,1.39,-1.39,,,,,,
FC,2015-04-05,89.9,2.43,5.41,"Lester, Jon",571431,452657,strikeout,swinging_strike,,,,,13,Matt Adams strikes out swinging.,R,L,L,CHC,STL,S,2,,1,2,2015,-0.28,0.69,-1.6807460802673009,0.8751731039602129,,,407812,2,1,Top,,,,,,150405_192828,-9.48822721679164,-131.3312368631317,-5.824038927551663,-1.244,26.386,-23.266,3.57,1.68,,,,,,,413661,424325,519203,600303,592609,516770,458085,451594,624585,54.5,,0.0,0.0,1,0,0,,5,5,Cutter,0,1,1,0,1,0,1,0,,,,0.015,-0.181,,,,0.181,,-1,1,0.433,0.567,31,26,31,27,1,0,,,8,3,2.18,-0.28,-0.28,,,,,,
FF,2015-04-05,93.0,2.46,5.48,"Lester, Jon",571431,452657,,foul,,,,,13,,R,L,L,CHC,STL,S,,,1,2,2015,1.02,1.34,-0.3647508336471143,1.5177330868630614,,,407812,2,1,Top,,,,,,150405_192803,-9.852088865742346,-136.08316583986428,-6.694509004078808,14.373,30.975,-14.596,3.57,1.68,,,,,,,413661,424325,519203,600303,592609,516770,458085,451594,624585,54.5,,,,,,,,5,4,4-Seam Fastball,0,1,1,0,1,0,1,0,,,,0.0,0.0,,,,0.0,,-1,1,0.433,0.567,31,26,31,27,1,0,,,8,3,1.35,1.02,1.02,,,,,,
FF,2015-04-05,91.7,2.34,5.4,"Lester, Jon",571431,452657,,foul,,,,,5,,R,L,L,CHC,STL,S,,,1,1,2015,0.77,1.42,0.095271276968943,2.794188580076824,,,407812,2,1,Top,,,,,,150405_192737,-7.631224620375551,-134.34329208784487,-3.2316589928259027,10.656,28.744,-14.824,3.57,1.68,,,,,,,413661,424325,519203,600303,592609,516770,458085,451594,624585,54.5,,,,,,,,5,3,4-Seam Fastball,0,1,1,0,1,0,1,0,,,,0.005,-0.071,,,,0.071,,-1,1,0.428,0.5720000000000001,31,26,31,27,1,0,,,8,3,1.33,0.77,0.77,,,,,,
FF,2015-04-05,93.8,2.53,5.49,"Lester, Jon",571431,452657,,foul,,,,,13,,R,L,L,CHC,STL,S,,,1,0,2015,0.78,1.71,-0.8810209046890108,1.8877241811417296,,,407812,2,1,Top,,,,,,150405_192713,-10.8327968574884,-136.96852076663455,-6.85686945900517,11.942,30.614,-9.89,3.57,1.68,,,,,,,413661,424325,519203,600303,592609,516770,458085,451594,624585,54.5,,,,,,,,5,2,4-Seam Fastball,0,1,1,0,1,0,1,0,,,,0.003,-0.052,,,,0.052,,-1,1,0.425,0.575,31,26,31,27,1,0,,,8,3,0.94,0.78,0.78,,,,,,
FF,2015-04-05,92.2,2.43,5.42,"Lester, Jon",571431,452657,,ball,,,,,13,,R,L,L,CHC,STL,B,,,0,0,2015,0.55,1.47,-1.5393172717654395,1.5250307939568328,,,407812,2,1,Top,,,,,,150405_192655,-11.438394688419145,-134.58572771285964,-6.700694217029381,8.804,27.829,-13.421,3.57,1.68,,,,,,,413661,424325,519203,600303,592609,516770,458085,451594,624585,54.5,,,,,,,,5,1,4-Seam Fastball,0,1,1,0,1,0,1,0,,,,-0.002,0.038,,,,-0.038,,-1,1,0.427,0.573,31,26,31,27,1,0,,,8,3,1.26,0.55,0.55,,,,,,
CU,2015-04-05,76.8,2.51,5.42,"Lester, Jon",425509,452657,strikeout,swinging_strike,,,,,7,Jhonny Peralta strikes out swinging.,R,R,L,CHC,STL,S,2,,0,2,2015,-0.85,-0.16,-0.7107208803251568,1.970688004933569,,,407812,1,1,Top,,,,,,150405_192617,-5.020299337876562,-112.6096296237582,1.2980127806330386,-6.127,19.641,-33.69,3.68,1.73,,,,,,,413661,424325,519203,600303,592609,516770,458085,451594,624585,54.5,,0.0,0.0,1,0,0,,4,3,Curveball,0,1,1,0,1,0,1,0,,,,0.015,-0.161,,,,0.161,,-1,1,0.412,0.5880000000000001,31,33,31,33,1,0,,,8,3,4.06,-0.85,0.85,,,,,,
FF,2015-04-05,91.2,2.28,5.46,"Lester, Jon",425509,452657,,foul,,,,,4,,R,R,L,CHC,STL,S,,,0,1,2015,0.6,1.53,-0.7406556997372815,2.929437319702859,,,407812,1,1,Top,,,,,,150405_192550,-9.1016387756229,-133.5493987856179,-3.1996023494386545,8.889,29.431,-13.79,3.68,1.73,,,,,,,413661,424325,519203,600303,592609,516770,458085,451594,624585,54.5,,,,,,,,4,2,4-Seam Fastball,0,1,1,0,1,0,1,0,,,,0.006,-0.048,,,,0.048,,-1,1,0.406,0.594,31,33,31,33,1,0,,,8,3,1.26,0.6,-0.6,,,,,,
SI,2015-04-05,91.1,2.56,5.38,"Lester, Jon",425509,452657,,foul,,,,,5,,R,R,L,CHC,STL,S,,,0,0,2015,1.34,0.81,0.1993526323589556,2.643346138180865,,,407812,1,1,Top,,,,,,150405_192527,-9.293856472234095,-133.27615090480364,-1.9248369120677364,17.411,26.452,-22.438,3.68,1.73,,,,,,,413661,424325,519203,600303,592609,516770,458085,451594,624585,54.5,,,,,,,,4,1,Sinker,0,1,1,0,1,0,1,0,,,,0.004,-0.036,,,,0.036,,-1,1,0.402,0.598,31,33,31,33,1,0,,,8,3,1.97,1.34,-1.34,,,,,,
FF,2015-04-05,93.2,2.39,5.41,"Lester, Jon",407812,452657,single,hit_into_play,,,,,7,Matt Holliday singles on a line drive to right fielder Jorge Soler.   Jason Heyward scores.,R,R,L,CHC,STL,X,9,line_drive,2,0,2015,1.12,1.3,-0.2861706221115985,1.829558553011292,,518792,,1,1,Top,174.81,126.59,,,,150405_192430,-9.76714357299925,-136.44549078661416,-5.6252862382565665,15.709,32.602,-15.243,3.52,1.95,,,,,,,413661,424325,519203,600303,592609,516770,458085,451594,624585,54.5,,,0.9,,1,0,,3,3,4-Seam Fastball,0,0,0,0,1,0,1,0,,,,-0.073,0.438,,,,-0.438,,0,0,0.475,0.525,31,35,31,35,1,0,,,8,3,1.39,1.12,-1.12,,,,,,
FF,2015-04-05,89.9,2.48,5.46,"Lester, Jon",407812,452657,,ball,,,,,13,,R,R,L,CHC,STL,B,,,1,0,2015,-0.07,1.03,-1.3364716452402516,1.898123686405284,,518792,,1,1,Top,,,,,,150405_192406,-9.280837423768858,-131.50222106109084,-4.224502531202341,1.218,28.828,-19.782,3.52,1.81,,,,,,,413661,424325,519203,600303,592609,516770,458085,451594,624585,54.5,,,,,,,,3,2,4-Seam Fastball,0,0,0,0,0,0,0,0,,,,-0.004,0.035,,,,-0.035,,0,0,0.479,0.521,31,35,31,35,1,0,,,8,3,1.86,-0.07,0.07,,,,,,
FF,2015-04-05,92.7,2.58,5.49,"Lester, Jon",407812,452657,,ball,,,,,14,,R,R,L,CHC,STL,B,,,0,0,2015,1.05,1.62,1.4697389702054449,2.349968907810742,,518792,,1,1,Top,,,,,,150405_192346,-5.534105980754677,-135.80959881024611,-5.33760766056435,13.808,28.169,-11.591,3.46,1.89,,,,,,,413661,424325,519203,600303,592609,516770,458085,451594,624585,54.5,,,,,,,,3,1,4-Seam Fastball,0,0,0,0,0,0,0,0,,,,-0.002,0.03,,,,-0.03,,0,0,0.481,0.519,31,35,31,35,1,0,,,8,3,1.06,1.05,-1.05,,,,,,
FC,2015-04-05,89.9,2.51,5.43,"Lester, Jon",518792,452657,double,hit_into_play,,,,,8,Jason Heyward doubles (1) on a line drive to right fielder Jorge Soler.,R,L,L,CHC,STL,X,9,line_drive,1,0,2015,-0.24,1.07,-0.2568591542568292,2.047130224241756,,,,1,1,Top,190.38,118.72,,,,150405_192247,-6.289067393269066,-131.65164078354664,-3.948047380371901,-1.339,27.421,-19.326,3.45,1.59,,,,,,,413661,424325,519203,600303,592609,516770,458085,451594,624585,54.5,,,1.25,,1,1,,2,2,Cutter,0,0,0,0,0,0,0,0,,,,-0.039,0.634,,,,-0.634,,0,0,0.52,0.48,31,25,31,26,1,0,,,8,3,1.79,-0.24,-0.24,,,,,,
FF,2015-04-05,94.0,2.38,5.43,"Lester, Jon",518792,452657,,ball,,,,,13,,R,L,L,CHC,STL,B,,,0,0,2015,0.98,1.71,-1.088349897565358,1.6096646895414843,,,,1,1,Top,,,,,,150405_192234,-11.510845030617189,-137.24372577280172,-7.441629010376815,14.549,31.469,-9.734,3.45,1.59,,,,,,,413661,424325,519203,600303,592609,516770,458085,451594,624585,54.5,,,,,,,,2,1,4-Seam Fastball,0,0,0,0,0,0,0,0,,,,-0.002,0.038,,,,-0.038,,0,0,0.522,0.478,31,25,31,26,1,0,,,8,3,0.94,0.98,0.98,,,,,,
FF,2015-04-05,93.6,2.51,5.45,"Lester, Jon",572761,452657,field_out,hit_into_play,,,,,6,"Matt Carpenter grounds out, second baseman Tommy La Stella to first baseman Anthony Rizzo.",R,L,L,CHC,STL,X,4,ground_ball,2,2,2015,0.98,1.7,0.6271956633801828,2.3974857718647167,,,,0,1,Top,141.92,159.3,,,,150405_192154,-7.390878203244345,-137.07563658068491,-5.397460965848138,13.59,32.274,-10.333,3.56,1.72,,,,,,,413661,424325,519203,600303,592609,516770,458085,451594,624585,54.5,,,0.0,,0,0,,1,6,4-Seam Fastball,0,0,0,0,0,0,0,0,,,,0.019,-0.224,,,,0.224,,0,0,0.503,0.497,31,29,31,30,1,0,,,8,3,0.96,0.98,0.98,,,,,,
CU,2015-04-05,75.9,2.43,5.52,"Lester, Jon",572761,452657,,ball,,,,,13,,R,L,L,CHC,STL,B,,,1,2,2015,-1.44,-0.2,-1.8216418837436883,2.082403157977186,,,,0,1,Top,,,,,,150405_192133,-5.891682904022643,-111.29291658052637,1.7097376907474362,-10.28,21.774,-34.111,3.56,1.72,,,,,,,413661,424325,519203,600303,592609,516770,458085,451594,624585,54.5,,,,,,,,1,5,Curveball,0,0,0,0,0,0,0,0,,,,-0.004,0.04,,,,-0.04,,0,0,0.507,0.493,31,29,31,30,1,0,,,8,3,4.25,-1.44,-1.44,,,,,,
FF,2015-04-05,91.6,2.55,5.42,"Lester, Jon",572761,452657,,ball,,,,,13,,R,L,L,CHC,STL,B,,,0,2,2015,0.03,0.89,-0.6413414282461632,1.2211288185246438,,,,0,1,Top,,,,,,150405_192113,-8.141930413864793,-133.9608749784802,-5.874551948297118,2.104,28.354,-20.54,3.35,1.74,,,,,,,413661,424325,519203,600303,592609,516770,458085,451594,624585,54.5,,,,,,,,1,4,4-Seam Fastball,0,0,0,0,0,0,0,0,,,,-0.002,0.02,,,,-0.02,,0,0,0.509,0.491,31,29,31,30,1,0,,,8,3,1.87,0.03,0.03,,,,,,
FF,2015-04-05,94.8,2.45,5.42,"Lester, Jon",572761,452657,,foul,,,,,1,,R,L,L,CHC,STL,S,,,0,2,2015,0.96,1.61,-0.5184380373397866,3.2833104545726135,,,,0,1,Top,,,,,,150405_192047,-10.269701077138528,-138.81628947641556,-2.960703754752131,14.368,35.276,-11.56,3.56,1.72,,,,,,,413661,424325,519203,600303,592609,516770,458085,451594,624585,54.5,,,,,,,,1,3,4-Seam Fastball,0,0,0,0,0,0,0,0,,,,0.0,0.0,,,,0.0,,0,0,0.509,0.491,31,29,31,30,1,0,,,8,3,1.0,0.96,0.96,,,,,,
FF,2015-04-05,93.4,2.4,5.5,"Lester, Jon",572761,452657,,swinging_strike,,,,,5,,R,L,L,CHC,STL,S,,,0,1,2015,0.82,1.73,-0.1917088922054377,2.346968832648388,,,,0,1,Top,,,,,,150405_192025,-8.808735389801539,-136.82032414813233,-5.646930050141284,12.043,34.225,-10.085,3.56,1.72,,,,,,,413661,424325,519203,600303,592609,516770,458085,451594,624585,54.5,,,,,,,,1,2,4-Seam Fastball,0,0,0,0,0,0,0,0,,,,0.006,-0.051,,,,0.051,,0,0,0.503,0.497,31,29,31,30,1,0,,,8,3,0.96,0.82,0.82,,,,,,
FF,2015-04-05,93.6,2.5,5.43,"Lester, Jon",572761,452657,,called_strike,,,,,6,,R,L,L,CHC,STL,S,,,0,0,2015,0.5,1.61,0.4156350156513969,2.9630927257315385,,,,0,1,Top,,,,,,150405_191954,-6.661440494089192,-137.2073220531616,-3.6011072003513727,7.665,34.685,-11.96,3.56,1.72,,,,,,,413661,424325,519203,600303,592609,516770,458085,451594,624585,54.5,,,,,,,,1,1,4-Seam Fastball,0,0,0,0,0,0,0,0,,,,0.003,-0.036,,,,0.036,,0,0,0.5,0.5,31,29,31,30,1,0,,,8,3,1.07,0.5,0.5,,,,,,
